ISO-10303-21;
HEADER;
FILE_DESCRIPTION (( 'STEP AP214' ),
    '1' );
FILE_NAME ('User Library-PC817_Gullwing.STEP',
    '2025-05-09T14:38:58',
    ( '' ),
    ( '' ),
    'SwSTEP 2.0',
    'SolidWorks 2022',
    '' );
FILE_SCHEMA (( 'AUTOMOTIVE_DESIGN' ));
ENDSEC;

DATA;
#1 = SURFACE_SIDE_STYLE ('',( #3418 ) ) ;
#2 = ADVANCED_FACE ( 'NONE', ( #3557 ), #3571, .F. ) ;
#3 = AXIS2_PLACEMENT_3D ( 'NONE', #1391, #4796, #2887 ) ;
#4 = ORIENTED_EDGE ( 'NONE', *, *, #1421, .T. ) ;
#5 = FILL_AREA_STYLE ('',( #1510 ) ) ;
#6 = VECTOR ( 'NONE', #2867, 1000.000000000000114 ) ;
#7 = DIRECTION ( 'NONE',  ( -0.0000000000000000000, -0.0000000000000000000, 1.000000000000000000 ) ) ;
#8 = MECHANICAL_DESIGN_GEOMETRIC_PRESENTATION_REPRESENTATION (  '', ( #3422 ), #1852 ) ;
#9 = EDGE_CURVE ( 'NONE', #2286, #4302, #82, .T. ) ;
#10 = EDGE_CURVE ( 'NONE', #2813, #3685, #2349, .T. ) ;
#11 = ORIENTED_EDGE ( 'NONE', *, *, #3837, .T. ) ;
#12 = VERTEX_POINT ( 'NONE', #3471 ) ;
#13 = DIRECTION ( 'NONE',  ( -1.000000000000000000, 0.0000000000000000000, 0.0000000000000000000 ) ) ;
#14 = FACE_OUTER_BOUND ( 'NONE', #2001, .T. ) ;
#15 = VERTEX_POINT ( 'NONE', #944 ) ;
#16 = SURFACE_SIDE_STYLE ('',( #393 ) ) ;
#17 = ORIENTED_EDGE ( 'NONE', *, *, #3298, .F. ) ;
#18 = FILL_AREA_STYLE_COLOUR ( '', #3706 ) ;
#19 = FILL_AREA_STYLE_COLOUR ( '', #1389 ) ;
#20 = CARTESIAN_POINT ( 'NONE',  ( 12.29524414132858823, 1.971469307523564751, 3.747107441190590915 ) ) ;
#21 = ORIENTED_EDGE ( 'NONE', *, *, #3898, .F. ) ;
#22 = CARTESIAN_POINT ( 'NONE',  ( -1.290000000000000924, 1.650000000000000355, 2.059999999999999165 ) ) ;
#23 = CARTESIAN_POINT ( 'NONE',  ( -2.291000000000000814, 1.550000000000000266, 2.250000000000000444 ) ) ;
#24 = CARTESIAN_POINT ( 'NONE',  ( 2.139999999999999236, 1.749999999999999778, 2.250000000000000444 ) ) ;
#25 = CARTESIAN_POINT ( 'NONE',  ( 2.140000000000000568, -1.750000000000000222, -2.732819015537135243 ) ) ;
#26 = ORIENTED_EDGE ( 'NONE', *, *, #102, .T. ) ;
#27 = LINE ( 'NONE', #3823, #4412 ) ;
#28 =( LENGTH_UNIT ( ) NAMED_UNIT ( * ) SI_UNIT ( .MILLI., .METRE. ) );
#29 = DIRECTION ( 'NONE',  ( 0.0000000000000000000, -1.000000000000000000, -0.0000000000000000000 ) ) ;
#30 = FILL_AREA_STYLE ('',( #1536 ) ) ;
#31 =( LENGTH_UNIT ( ) NAMED_UNIT ( * ) SI_UNIT ( .MILLI., .METRE. ) );
#32 = VECTOR ( 'NONE', #196, 1000.000000000000000 ) ;
#33 = DIRECTION ( 'NONE',  ( 0.0000000000000000000, -0.9961946980917455452, 0.08715574274765795770 ) ) ;
#34 = VERTEX_POINT ( 'NONE', #1635 ) ;
#35 = LINE ( 'NONE', #822, #4718 ) ;
#36 = ORIENTED_EDGE ( 'NONE', *, *, #1120, .F. ) ;
#37 =( LENGTH_UNIT ( ) NAMED_UNIT ( * ) SI_UNIT ( .MILLI., .METRE. ) );
#39 = ADVANCED_FACE ( 'NONE', ( #2449 ), #917, .T. ) ;
#38 =( GEOMETRIC_REPRESENTATION_CONTEXT ( 3 ) GLOBAL_UNCERTAINTY_ASSIGNED_CONTEXT ( ( #4398 ) ) GLOBAL_UNIT_ASSIGNED_CONTEXT ( ( #48, #4541, #3446 ) ) REPRESENTATION_CONTEXT ( 'NONE', 'WORKASPACE' ) );
#40 = ORIENTED_EDGE ( 'NONE', *, *, #4433, .T. ) ;
#41 = FILL_AREA_STYLE_COLOUR ( '', #4000 ) ;
#42 = STYLED_ITEM ( 'NONE', ( #3683 ), #4228 ) ;
#43 = ORIENTED_EDGE ( 'NONE', *, *, #4406, .F. ) ;
#44 = FILL_AREA_STYLE ('',( #3877 ) ) ;
#45 = EDGE_CURVE ( 'NONE', #1647, #12, #1289, .T. ) ;
#46 =( NAMED_UNIT ( * ) SI_UNIT ( $, .STERADIAN. ) SOLID_ANGLE_UNIT ( ) );
#47 = PLANE ( 'NONE',  #651 ) ;
#48 =( LENGTH_UNIT ( ) NAMED_UNIT ( * ) SI_UNIT ( .MILLI., .METRE. ) );
#49 = COLOUR_RGB ( '',0.7450980392156862919, 0.7372549019607843590, 0.7294117647058823151 ) ;
#50 = ORIENTED_EDGE ( 'NONE', *, *, #2083, .F. ) ;
#51 = CARTESIAN_POINT ( 'NONE',  ( -2.290000000000000036, 0.0000000000000000000, -3.250000000000001332 ) ) ;
#52 = DIRECTION ( 'NONE',  ( 1.000000000000000000, 0.0000000000000000000, 0.0000000000000000000 ) ) ;
#53 = EDGE_LOOP ( 'NONE', ( #1863, #3866 ) ) ;
#54 = FILL_AREA_STYLE ('',( #490 ) ) ;
#55 = COLOUR_RGB ( '',0.7450980392156862919, 0.7372549019607843590, 0.7294117647058823151 ) ;
#56 = SURFACE_STYLE_USAGE ( .BOTH. , #1682 ) ;
#57 = CARTESIAN_POINT ( 'NONE',  ( 12.89524414132858965, 0.3512844257252341063, -4.241481526327046225 ) ) ;
#58 = DIRECTION ( 'NONE',  ( -0.0000000000000000000, -1.000000000000000000, -0.0000000000000000000 ) ) ;
#59 = CARTESIAN_POINT ( 'NONE',  ( 0.0000000000000000000, 0.0000000000000000000, 0.0000000000000000000 ) ) ;
#60 = PRESENTATION_LAYER_ASSIGNMENT (  '', '', ( #1208 ) ) ;
#61 = EDGE_LOOP ( 'NONE', ( #3162, #2894, #2939, #2153 ) ) ;
#62 = PLANE ( 'NONE',  #3539 ) ;
#63 = ORIENTED_EDGE ( 'NONE', *, *, #3067, .F. ) ;
#64 = VECTOR ( 'NONE', #983, 1000.000000000000000 ) ;
#65 = SURFACE_SIDE_STYLE ('',( #1252 ) ) ;
#66 = UNCERTAINTY_MEASURE_WITH_UNIT (LENGTH_MEASURE( 1.000000000000000082E-05 ), #4506, 'distance_accuracy_value', 'NONE');
#67 = SURFACE_STYLE_USAGE ( .BOTH. , #2073 ) ;
#68 = ORIENTED_EDGE ( 'NONE', *, *, #587, .T. ) ;
#69 = CARTESIAN_POINT ( 'NONE',  ( 12.28524414132859022, 0.2600000000000000089, -4.351100996136220367 ) ) ;
#70 = ADVANCED_FACE ( 'NONE', ( #104 ), #4690, .T. ) ;
#71 = SURFACE_STYLE_USAGE ( .BOTH. , #1623 ) ;
#72 = PRESENTATION_LAYER_ASSIGNMENT (  '', '', ( #1060 ) ) ;
#73 =( LENGTH_UNIT ( ) NAMED_UNIT ( * ) SI_UNIT ( .MILLI., .METRE. ) );
#74 = LINE ( 'NONE', #887, #1702 ) ;
#75 = EDGE_CURVE ( 'NONE', #2979, #4466, #629, .T. ) ;
#76 = MECHANICAL_DESIGN_GEOMETRIC_PRESENTATION_REPRESENTATION (  '', ( #2251 ), #2873 ) ;
#77 = ORIENTED_EDGE ( 'NONE', *, *, #1383, .T. ) ;
#78 = SURFACE_STYLE_USAGE ( .BOTH. , #512 ) ;
#79 = CARTESIAN_POINT ( 'NONE',  ( 2.139999999999998792, -1.750000000000000000, 2.732819015537133911 ) ) ;
#80 = CARTESIAN_POINT ( 'NONE',  ( 12.29524414132858823, 1.880184881798330210, 3.846726910999764382 ) ) ;
#81 = VECTOR ( 'NONE', #2937, 1000.000000000000114 ) ;
#82 = LINE ( 'NONE', #2056, #3798 ) ;
#83 =( GEOMETRIC_REPRESENTATION_CONTEXT ( 3 ) GLOBAL_UNCERTAINTY_ASSIGNED_CONTEXT ( ( #1936 ) ) GLOBAL_UNIT_ASSIGNED_CONTEXT ( ( #1576, #831, #859 ) ) REPRESENTATION_CONTEXT ( 'NONE', 'WORKASPACE' ) );
#84 = ORIENTED_EDGE ( 'NONE', *, *, #2026, .T. ) ;
#85 = FACE_OUTER_BOUND ( 'NONE', #1749, .T. ) ;
#86 = SURFACE_STYLE_FILL_AREA ( #896 ) ;
#87 = CARTESIAN_POINT ( 'NONE',  ( 12.28524414132859022, 0.2600000000000000089, -4.272214931251218317 ) ) ;
#88 = LINE ( 'NONE', #3455, #3434 ) ;
#89 = ORIENTED_EDGE ( 'NONE', *, *, #4830, .T. ) ;
#90 = CARTESIAN_POINT ( 'NONE',  ( 12.89524414132858965, 2.231469307523564982, 3.747107441190590471 ) ) ;
#91 = ORIENTED_EDGE ( 'NONE', *, *, #2062, .F. ) ;
#92 = MECHANICAL_DESIGN_GEOMETRIC_PRESENTATION_REPRESENTATION (  '', ( #4868 ), #1782 ) ;
#93 = ORIENTED_EDGE ( 'NONE', *, *, #4801, .F. ) ;
#94 = SURFACE_SIDE_STYLE ('',( #2726 ) ) ;
#95 = APPLICATION_CONTEXT ( 'automotive_design' ) ;
#96 = ORIENTED_EDGE ( 'NONE', *, *, #3001, .T. ) ;
#97 =( NAMED_UNIT ( * ) PLANE_ANGLE_UNIT ( ) SI_UNIT ( $, .RADIAN. ) );
#98 =( NAMED_UNIT ( * ) PLANE_ANGLE_UNIT ( ) SI_UNIT ( $, .RADIAN. ) );
#99 = VECTOR ( 'NONE', #1009, 1000.000000000000000 ) ;
#100 = UNCERTAINTY_MEASURE_WITH_UNIT (LENGTH_MEASURE( 1.000000000000000082E-05 ), #4871, 'distance_accuracy_value', 'NONE');
#101 =( LENGTH_UNIT ( ) NAMED_UNIT ( * ) SI_UNIT ( .MILLI., .METRE. ) );
#102 = EDGE_CURVE ( 'NONE', #2280, #4419, #2927, .T. ) ;
#103 = DIRECTION ( 'NONE',  ( 0.0000000000000000000, 0.9963466490417508536, -0.08540114134643599086 ) ) ;
#104 = FACE_OUTER_BOUND ( 'NONE', #1491, .T. ) ;
#105 = SURFACE_STYLE_FILL_AREA ( #461 ) ;
#106 = EDGE_CURVE ( 'NONE', #2381, #1672, #3270, .T. ) ;
#107 = LINE ( 'NONE', #4621, #4029 ) ;
#108 =( NAMED_UNIT ( * ) PLANE_ANGLE_UNIT ( ) SI_UNIT ( $, .RADIAN. ) );
#109 = CARTESIAN_POINT ( 'NONE',  ( 12.89524414132858965, 1.902845374912722098, -4.105737532503619391 ) ) ;
#110 = CARTESIAN_POINT ( 'NONE',  ( -2.171357675153835931, 1.384160456538574113, -3.131357675153835896 ) ) ;
#111 = ORIENTED_EDGE ( 'NONE', *, *, #2974, .F. ) ;
#112 = FILL_AREA_STYLE ('',( #2382 ) ) ;
#113 = VECTOR ( 'NONE', #2845, 1000.000000000000000 ) ;
#114 = EDGE_LOOP ( 'NONE', ( #1257, #2580, #4453, #3482 ) ) ;
#115 = LINE ( 'NONE', #527, #1757 ) ;
#116 = FILL_AREA_STYLE ('',( #2846 ) ) ;
#117 = FACE_OUTER_BOUND ( 'NONE', #861, .T. ) ;
#118 = ORIENTED_EDGE ( 'NONE', *, *, #1830, .T. ) ;
#119 = CIRCLE ( 'NONE', #1586, 0.3599999999999987654 ) ;
#120 = UNCERTAINTY_MEASURE_WITH_UNIT (LENGTH_MEASURE( 1.000000000000000082E-05 ), #4171, 'distance_accuracy_value', 'NONE');
#121 = SURFACE_SIDE_STYLE ('',( #3540 ) ) ;
#122 = CARTESIAN_POINT ( 'NONE',  ( 12.59524414132858894, 1.971469307523565195, -3.399733716353602997 ) ) ;
#123 =( GEOMETRIC_REPRESENTATION_CONTEXT ( 3 ) GLOBAL_UNCERTAINTY_ASSIGNED_CONTEXT ( ( #1887 ) ) GLOBAL_UNIT_ASSIGNED_CONTEXT ( ( #2601, #2210, #1907 ) ) REPRESENTATION_CONTEXT ( 'NONE', 'WORKASPACE' ) );
#124 =( NAMED_UNIT ( * ) PLANE_ANGLE_UNIT ( ) SI_UNIT ( $, .RADIAN. ) );
#125 = VECTOR ( 'NONE', #2394, 1000.000000000000000 ) ;
#126 = PLANE ( 'NONE',  #1307 ) ;
#127 = FACE_OUTER_BOUND ( 'NONE', #2248, .T. ) ;
#128 = DIRECTION ( 'NONE',  ( 0.7071067811865475727, 0.0000000000000000000, 0.7071067811865475727 ) ) ;
#129 = VECTOR ( 'NONE', #2593, 1000.000000000000000 ) ;
#130 = FACE_OUTER_BOUND ( 'NONE', #4337, .T. ) ;
#131 = VERTEX_POINT ( 'NONE', #1379 ) ;
#132 = LINE ( 'NONE', #2104, #2988 ) ;
#133 = EDGE_LOOP ( 'NONE', ( #308, #3133, #4083, #4625, #990, #3433, #2388, #2452, #2346, #4681 ) ) ;
#134 =( NAMED_UNIT ( * ) PLANE_ANGLE_UNIT ( ) SI_UNIT ( $, .RADIAN. ) );
#135 = FACE_OUTER_BOUND ( 'NONE', #4543, .T. ) ;
#136 = APPLICATION_PROTOCOL_DEFINITION ( 'draft international standard', 'automotive_design', 1998, #1247 ) ;
#137 = FILL_AREA_STYLE ('',( #2842 ) ) ;
#138 = STYLED_ITEM ( 'NONE', ( #3100 ), #39 ) ;
#139 = CARTESIAN_POINT ( 'NONE',  ( 12.89524414132859320, 1.871469307523565107, -3.747107441190590027 ) ) ;
#140 = EDGE_CURVE ( 'NONE', #628, #324, #3624, .T. ) ;
#141 = SURFACE_STYLE_FILL_AREA ( #4701 ) ;
#142 =( NAMED_UNIT ( * ) SI_UNIT ( $, .STERADIAN. ) SOLID_ANGLE_UNIT ( ) );
#143 = DIRECTION ( 'NONE',  ( 0.0000000000000000000, -1.807003620809180105E-15, -1.000000000000000000 ) ) ;
#144 = VECTOR ( 'NONE', #2494, 1000.000000000000114 ) ;
#145 = ORIENTED_EDGE ( 'NONE', *, *, #4327, .F. ) ;
#146 = FACE_OUTER_BOUND ( 'NONE', #61, .T. ) ;
#147 = EDGE_CURVE ( 'NONE', #768, #1229, #1131, .T. ) ;
#148 = DIRECTION ( 'NONE',  ( -0.0000000000000000000, -1.000000000000000000, 0.0000000000000000000 ) ) ;
#149 = UNCERTAINTY_MEASURE_WITH_UNIT (LENGTH_MEASURE( 1.000000000000000082E-05 ), #1063, 'distance_accuracy_value', 'NONE');
#150 = SURFACE_STYLE_USAGE ( .BOTH. , #3687 ) ;
#151 = PLANE ( 'NONE',  #2505 ) ;
#152 = CARTESIAN_POINT ( 'NONE',  ( 12.69524414132859036, 0.0000000000000000000, 5.072214931251217251 ) ) ;
#153 = ORIENTED_EDGE ( 'NONE', *, *, #3244, .F. ) ;
#154 = CARTESIAN_POINT ( 'NONE',  ( 12.29524414132859000, 2.231469307523564094, 3.399733716353602997 ) ) ;
#155 = ORIENTED_EDGE ( 'NONE', *, *, #1626, .T. ) ;
#156 = STYLED_ITEM ( 'NONE', ( #3232 ), #1144 ) ;
#157 =( NAMED_UNIT ( * ) PLANE_ANGLE_UNIT ( ) SI_UNIT ( $, .RADIAN. ) );
#158 = DIRECTION ( 'NONE',  ( -0.0000000000000000000, -0.0000000000000000000, 1.000000000000000000 ) ) ;
#159 = CARTESIAN_POINT ( 'NONE',  ( 12.28524414132859022, 0.2600000000000000089, -4.351100996136220367 ) ) ;
#160 = ADVANCED_FACE ( 'NONE', ( #567 ), #988, .F. ) ;
#161 = APPLICATION_CONTEXT ( 'automotive_design' ) ;
#162 = CARTESIAN_POINT ( 'NONE',  ( 12.29524414132859178, 0.0000000000000000000, -4.772214931251219205 ) ) ;
#163 = MECHANICAL_DESIGN_GEOMETRIC_PRESENTATION_REPRESENTATION (  '', ( #833 ), #2570 ) ;
#164 = COLOUR_RGB ( '',0.7450980392156862919, 0.7372549019607843590, 0.7294117647058823151 ) ;
#165 = PLANE ( 'NONE',  #3294 ) ;
#166 = STYLED_ITEM ( 'NONE', ( #4512 ), #2320 ) ;
#167 = PRESENTATION_STYLE_ASSIGNMENT (( #1068 ) ) ;
#168 = DIRECTION ( 'NONE',  ( -1.000000000000000000, -0.0000000000000000000, 0.0000000000000000000 ) ) ;
#169 = PRESENTATION_LAYER_ASSIGNMENT (  '', '', ( #4624 ) ) ;
#170 = EDGE_CURVE ( 'NONE', #3875, #3940, #3223, .T. ) ;
#171 = VERTEX_POINT ( 'NONE', #3994 ) ;
#172 = PRESENTATION_STYLE_ASSIGNMENT (( #560 ) ) ;
#173 = MECHANICAL_DESIGN_GEOMETRIC_PRESENTATION_REPRESENTATION (  '', ( #926 ), #2963 ) ;
#174 = EDGE_CURVE ( 'NONE', #2364, #4659, #1999, .T. ) ;
#175 = STYLED_ITEM ( 'NONE', ( #2560 ), #2830 ) ;
#176 =( NAMED_UNIT ( * ) PLANE_ANGLE_UNIT ( ) SI_UNIT ( $, .RADIAN. ) );
#177 = FILL_AREA_STYLE_COLOUR ( '', #1032 ) ;
#178 = DIRECTION ( 'NONE',  ( 0.0000000000000000000, 1.000000000000000000, 0.0000000000000000000 ) ) ;
#179 = VERTEX_POINT ( 'NONE', #317 ) ;
#180 = CARTESIAN_POINT ( 'NONE',  ( 11.69524414132859036, 0.0000000000000000000, 4.272214931251218317 ) ) ;
#181 = ORIENTED_EDGE ( 'NONE', *, *, #220, .T. ) ;
#182 = CARTESIAN_POINT ( 'NONE',  ( 12.89524414132858965, 1.880184881798330654, 3.846726910999764382 ) ) ;
#183 = PRESENTATION_STYLE_ASSIGNMENT (( #2177 ) ) ;
#184 = PRESENTATION_STYLE_ASSIGNMENT (( #3605 ) ) ;
#185 = CARTESIAN_POINT ( 'NONE',  ( 12.29524414132859178, 0.0000000000000000000, 5.272214931251218317 ) ) ;
#186 = SURFACE_STYLE_USAGE ( .BOTH. , #1417 ) ;
#187 = ORIENTED_EDGE ( 'NONE', *, *, #1338, .T. ) ;
#188 = EDGE_CURVE ( 'NONE', #3414, #2096, #3412, .T. ) ;
#189 = VECTOR ( 'NONE', #781, 1000.000000000000000 ) ;
#190 = ADVANCED_FACE ( 'NONE', ( #1916 ), #3024, .T. ) ;
#191 =( GEOMETRIC_REPRESENTATION_CONTEXT ( 3 ) GLOBAL_UNCERTAINTY_ASSIGNED_CONTEXT ( ( #2129 ) ) GLOBAL_UNIT_ASSIGNED_CONTEXT ( ( #707, #3012, #299 ) ) REPRESENTATION_CONTEXT ( 'NONE', 'WORKASPACE' ) );
#192 = FILL_AREA_STYLE_COLOUR ( '', #1153 ) ;
#193 = FILL_AREA_STYLE_COLOUR ( '', #755 ) ;
#194 = CARTESIAN_POINT ( 'NONE',  ( 12.29524414132859000, 0.2600000000000000089, 4.351100996136220367 ) ) ;
#195 = ORIENTED_EDGE ( 'NONE', *, *, #1029, .T. ) ;
#196 = DIRECTION ( 'NONE',  ( 0.0000000000000000000, -0.0000000000000000000, -1.000000000000000000 ) ) ;
#197 = MECHANICAL_DESIGN_GEOMETRIC_PRESENTATION_REPRESENTATION (  '', ( #4503 ), #799 ) ;
#198 = ORIENTED_EDGE ( 'NONE', *, *, #445, .F. ) ;
#199 = UNCERTAINTY_MEASURE_WITH_UNIT (LENGTH_MEASURE( 1.000000000000000082E-05 ), #2978, 'distance_accuracy_value', 'NONE');
#200 = CARTESIAN_POINT ( 'NONE',  ( 12.89524414132858965, 0.2600000000000000089, 4.341100996136219692 ) ) ;
#201 = FACE_OUTER_BOUND ( 'NONE', #569, .T. ) ;
#202 = DIRECTION ( 'NONE',  ( -1.000000000000000000, -4.951616000000000261E-17, 3.592136000000000158E-16 ) ) ;
#203 = AXIS2_PLACEMENT_3D ( 'NONE', #4495, #758, #4221 ) ;
#204 =( NAMED_UNIT ( * ) PLANE_ANGLE_UNIT ( ) SI_UNIT ( $, .RADIAN. ) );
#205 = DIRECTION ( 'NONE',  ( -0.0000000000000000000, -1.000000000000000000, -0.0000000000000000000 ) ) ;
#206 = ORIENTED_EDGE ( 'NONE', *, *, #106, .F. ) ;
#207 = SURFACE_STYLE_FILL_AREA ( #3978 ) ;
#208 = LINE ( 'NONE', #4383, #3326 ) ;
#209 = VERTEX_POINT ( 'NONE', #4940 ) ;
#210 = LINE ( 'NONE', #3260, #99 ) ;
#211 = DIRECTION ( 'NONE',  ( 0.0000000000000000000, 0.0000000000000000000, -1.000000000000000000 ) ) ;
#212 = CARTESIAN_POINT ( 'NONE',  ( 12.28524414132859022, 0.2600000000000000089, -4.351100996136220367 ) ) ;
#213 = SURFACE_SIDE_STYLE ('',( #2491 ) ) ;
#214 = SURFACE_STYLE_FILL_AREA ( #4760 ) ;
#215 = CARTESIAN_POINT ( 'NONE',  ( 12.89524414132859320, 1.971469307523565195, -3.749733716353603086 ) ) ;
#216 = EDGE_CURVE ( 'NONE', #4074, #1962, #2861, .T. ) ;
#217 =( NAMED_UNIT ( * ) PLANE_ANGLE_UNIT ( ) SI_UNIT ( $, .RADIAN. ) );
#218 = ORIENTED_EDGE ( 'NONE', *, *, #4494, .F. ) ;
#219 = SURFACE_STYLE_FILL_AREA ( #671 ) ;
#220 = EDGE_CURVE ( 'NONE', #2306, #2286, #1551, .T. ) ;
#221 = CYLINDRICAL_SURFACE ( 'NONE', #747, 0.4000000000000001887 ) ;
#222 = PLANE ( 'NONE',  #3046 ) ;
#223 = AXIS2_PLACEMENT_3D ( 'NONE', #2016, #4726, #2046 ) ;
#224 = CARTESIAN_POINT ( 'NONE',  ( 12.59524414132858894, 0.3599999999999999867, 4.341100996136219692 ) ) ;
#225 = AXIS2_PLACEMENT_3D ( 'NONE', #562, #4343, #4410 ) ;
#226 = STYLED_ITEM ( 'NONE', ( #1219 ), #1269 ) ;
#227 = VERTEX_POINT ( 'NONE', #2294 ) ;
#228 = FILL_AREA_STYLE ('',( #4362 ) ) ;
#229 = COLOUR_RGB ( '',0.7450980392156862919, 0.7372549019607843590, 0.7294117647058823151 ) ;
#230 = AXIS2_PLACEMENT_3D ( 'NONE', #4048, #4818, #2502 ) ;
#231 =( LENGTH_UNIT ( ) NAMED_UNIT ( * ) SI_UNIT ( .MILLI., .METRE. ) );
#232 = SURFACE_STYLE_FILL_AREA ( #4014 ) ;
#233 = CARTESIAN_POINT ( 'NONE',  ( 2.290000000000001812, -3.109687177198395343E-17, -3.250000000000000444 ) ) ;
#234 =( GEOMETRIC_REPRESENTATION_CONTEXT ( 3 ) GLOBAL_UNCERTAINTY_ASSIGNED_CONTEXT ( ( #2307 ) ) GLOBAL_UNIT_ASSIGNED_CONTEXT ( ( #1777, #524, #4308 ) ) REPRESENTATION_CONTEXT ( 'NONE', 'WORKASPACE' ) );
#235 = STYLED_ITEM ( 'NONE', ( #890 ), #1533 ) ;
#236 = CARTESIAN_POINT ( 'NONE',  ( 12.28524414132859022, 0.2600000000000000089, 4.272214931251218317 ) ) ;
#237 = CIRCLE ( 'NONE', #593, 1.500000000000000000 ) ;
#238 = DIRECTION ( 'NONE',  ( 0.08540114134643697619, -0.9963466490417508536, -0.0000000000000000000 ) ) ;
#239 = AXIS2_PLACEMENT_3D ( 'NONE', #653, #957, #3217 ) ;
#240 = FILL_AREA_STYLE ('',( #2568 ) ) ;
#241 = UNCERTAINTY_MEASURE_WITH_UNIT (LENGTH_MEASURE( 1.000000000000000082E-05 ), #2517, 'distance_accuracy_value', 'NONE');
#242 = EDGE_CURVE ( 'NONE', #1955, #2653, #1456, .T. ) ;
#243 = ORIENTED_EDGE ( 'NONE', *, *, #445, .T. ) ;
#244 = SURFACE_STYLE_USAGE ( .BOTH. , #1020 ) ;
#245 = PRESENTATION_LAYER_ASSIGNMENT (  '', '', ( #2436 ) ) ;
#246 = DIRECTION ( 'NONE',  ( 0.0000000000000000000, 0.0000000000000000000, 1.000000000000000000 ) ) ;
#247 = PLANE ( 'NONE',  #4063 ) ;
#248 = DIRECTION ( 'NONE',  ( 0.08509140416960959963, 0.9927330486454494229, 0.08509140416961022413 ) ) ;
#249 = ORIENTED_EDGE ( 'NONE', *, *, #4161, .F. ) ;
#250 =( LENGTH_UNIT ( ) NAMED_UNIT ( * ) SI_UNIT ( .MILLI., .METRE. ) );
#251 = DIRECTION ( 'NONE',  ( 0.9963466490417508536, 0.08540114134643697619, 4.254488000000000592E-16 ) ) ;
#252 =( NAMED_UNIT ( * ) PLANE_ANGLE_UNIT ( ) SI_UNIT ( $, .RADIAN. ) );
#253 = FILL_AREA_STYLE ('',( #18 ) ) ;
#254 = LINE ( 'NONE', #2515, #938 ) ;
#255 = ORIENTED_EDGE ( 'NONE', *, *, #4355, .F. ) ;
#256 = FILL_AREA_STYLE ('',( #2119 ) ) ;
#257 = UNCERTAINTY_MEASURE_WITH_UNIT (LENGTH_MEASURE( 1.000000000000000082E-05 ), #718, 'distance_accuracy_value', 'NONE');
#258 = SURFACE_STYLE_FILL_AREA ( #2832 ) ;
#259 = DIRECTION ( 'NONE',  ( 0.0000000000000000000, 2.355935000000000005E-29, -1.000000000000000000 ) ) ;
#260 = CARTESIAN_POINT ( 'NONE',  ( 12.28524414132859022, 0.0000000000000000000, -4.351100996136220367 ) ) ;
#261 = ORIENTED_EDGE ( 'NONE', *, *, #587, .F. ) ;
#262 = SURFACE_STYLE_FILL_AREA ( #2630 ) ;
#263 = VECTOR ( 'NONE', #3697, 1000.000000000000000 ) ;
#264 = VECTOR ( 'NONE', #1018, 1000.000000000000000 ) ;
#265 = CARTESIAN_POINT ( 'NONE',  ( 2.289999999999999591, 3.633381310447195408E-17, 2.250000000000000444 ) ) ;
#266 = ORIENTED_EDGE ( 'NONE', *, *, #2543, .T. ) ;
#267 = PRESENTATION_STYLE_ASSIGNMENT (( #2273 ) ) ;
#268 =( GEOMETRIC_REPRESENTATION_CONTEXT ( 3 ) GLOBAL_UNCERTAINTY_ASSIGNED_CONTEXT ( ( #1259 ) ) GLOBAL_UNIT_ASSIGNED_CONTEXT ( ( #616, #4713, #4016 ) ) REPRESENTATION_CONTEXT ( 'NONE', 'WORKASPACE' ) );
#269 = ORIENTED_EDGE ( 'NONE', *, *, #1303, .T. ) ;
#270 = DIRECTION ( 'NONE',  ( 0.0000000000000000000, -1.000000000000000000, -0.0000000000000000000 ) ) ;
#271 = LINE ( 'NONE', #3277, #1938 ) ;
#272 = VECTOR ( 'NONE', #448, 1000.000000000000000 ) ;
#273 =( NAMED_UNIT ( * ) PLANE_ANGLE_UNIT ( ) SI_UNIT ( $, .RADIAN. ) );
#274 = CARTESIAN_POINT ( 'NONE',  ( -2.139999999999999236, -1.749999999999999778, -2.951545933454502002 ) ) ;
#275 = VECTOR ( 'NONE', #4524, 1000.000000000000000 ) ;
#276 = FACE_OUTER_BOUND ( 'NONE', #1499, .T. ) ;
#277 = CARTESIAN_POINT ( 'NONE',  ( 12.29524414132859000, 0.2600000000000000089, 4.351100996136220367 ) ) ;
#278 = CARTESIAN_POINT ( 'NONE',  ( 11.69524414132859036, 0.0000000000000000000, 4.772214931251219205 ) ) ;
#279 = AXIS2_PLACEMENT_3D ( 'NONE', #1139, #1846, #3416 ) ;
#280 = ORIENTED_EDGE ( 'NONE', *, *, #811, .T. ) ;
#281 =( NAMED_UNIT ( * ) PLANE_ANGLE_UNIT ( ) SI_UNIT ( $, .RADIAN. ) );
#282 = EDGE_LOOP ( 'NONE', ( #1278, #4028, #2798, #2480 ) ) ;
#283 = CARTESIAN_POINT ( 'NONE',  ( 12.29524414132859000, 0.2600000000000000089, -4.351100996136220367 ) ) ;
#284 = FILL_AREA_STYLE ('',( #4890 ) ) ;
#285 = UNCERTAINTY_MEASURE_WITH_UNIT (LENGTH_MEASURE( 1.000000000000000082E-05 ), #3305, 'distance_accuracy_value', 'NONE');
#286 = FILL_AREA_STYLE ('',( #3713 ) ) ;
#287 = FILL_AREA_STYLE ('',( #2197 ) ) ;
#288 = AXIS2_PLACEMENT_3D ( 'NONE', #4118, #366, #2634 ) ;
#289 = LINE ( 'NONE', #4092, #3486 ) ;
#290 = VERTEX_POINT ( 'NONE', #1087 ) ;
#291 = CARTESIAN_POINT ( 'NONE',  ( 12.59524414132858894, 1.871469307523565107, 3.747107441190590027 ) ) ;
#292 = AXIS2_PLACEMENT_3D ( 'NONE', #3941, #2410, #2752 ) ;
#293 = ORIENTED_EDGE ( 'NONE', *, *, #2200, .F. ) ;
#294 = CARTESIAN_POINT ( 'NONE',  ( 1.145000000000000906, 1.384160456538573891, -3.131357675153835451 ) ) ;
#295 = SURFACE_STYLE_FILL_AREA ( #1492 ) ;
#296 = DIRECTION ( 'NONE',  ( 4.238944862188341291E-16, 3.633381310447200338E-17, -1.000000000000000000 ) ) ;
#297 = DIRECTION ( 'NONE',  ( 0.0000000000000000000, -1.000000000000000000, 0.0000000000000000000 ) ) ;
#298 = CARTESIAN_POINT ( 'NONE',  ( -2.157142857142857473, 1.550000000000000266, 2.250000000000000444 ) ) ;
#299 =( NAMED_UNIT ( * ) SI_UNIT ( $, .STERADIAN. ) SOLID_ANGLE_UNIT ( ) );
#300 = FILL_AREA_STYLE_COLOUR ( '', #1795 ) ;
#301 = ORIENTED_EDGE ( 'NONE', *, *, #4654, .F. ) ;
#302 = EDGE_CURVE ( 'NONE', #1727, #2280, #289, .T. ) ;
#303 = ADVANCED_FACE ( 'NONE', ( #2222 ), #1843, .F. ) ;
#304 = CARTESIAN_POINT ( 'NONE',  ( 12.89524414132858965, 0.9630741606473910421, 3.926963702298556402 ) ) ;
#305 = STYLED_ITEM ( 'NONE', ( #418 ), #1003 ) ;
#306 = DIRECTION ( 'NONE',  ( 0.0000000000000000000, 0.0000000000000000000, 1.000000000000000000 ) ) ;
#307 = FILL_AREA_STYLE_COLOUR ( '', #3196 ) ;
#308 = ORIENTED_EDGE ( 'NONE', *, *, #3164, .T. ) ;
#309 = CARTESIAN_POINT ( 'NONE',  ( 12.29524414132859000, 1.971469307523565195, 3.749733716353603086 ) ) ;
#310 = PRESENTATION_LAYER_ASSIGNMENT (  '', '', ( #833 ) ) ;
#311 = COLOUR_RGB ( '',0.7450980392156862919, 0.7372549019607843590, 0.7294117647058823151 ) ;
#312 = CARTESIAN_POINT ( 'NONE',  ( 2.152678146720505392, 1.602088288260771876, -3.112678146720504024 ) ) ;
#313 = EDGE_CURVE ( 'NONE', #2309, #2319, #4757, .T. ) ;
#314 = SURFACE_STYLE_FILL_AREA ( #4116 ) ;
#315 = VECTOR ( 'NONE', #4076, 1000.000000000000000 ) ;
#316 = LINE ( 'NONE', #2564, #932 ) ;
#317 = CARTESIAN_POINT ( 'NONE',  ( 12.29524414132859000, 2.231469307523564094, -3.747107441190590471 ) ) ;
#318 = SURFACE_SIDE_STYLE ('',( #3739 ) ) ;
#319 =( GEOMETRIC_REPRESENTATION_CONTEXT ( 3 ) GLOBAL_UNCERTAINTY_ASSIGNED_CONTEXT ( ( #994 ) ) GLOBAL_UNIT_ASSIGNED_CONTEXT ( ( #1361, #4413, #987 ) ) REPRESENTATION_CONTEXT ( 'NONE', 'WORKASPACE' ) );
#320 = ORIENTED_EDGE ( 'NONE', *, *, #1570, .F. ) ;
#321 = SURFACE_STYLE_FILL_AREA ( #3793 ) ;
#322 = FILL_AREA_STYLE_COLOUR ( '', #4314 ) ;
#323 = FACE_OUTER_BOUND ( 'NONE', #1410, .T. ) ;
#324 = VERTEX_POINT ( 'NONE', #4778 ) ;
#325 = DIRECTION ( 'NONE',  ( 0.0000000000000000000, 0.0000000000000000000, -1.000000000000000000 ) ) ;
#326 = DIRECTION ( 'NONE',  ( 0.0000000000000000000, -0.9961946980917455452, -0.08715574274765795770 ) ) ;
#327 =( GEOMETRIC_REPRESENTATION_CONTEXT ( 3 ) GLOBAL_UNCERTAINTY_ASSIGNED_CONTEXT ( ( #3799 ) ) GLOBAL_UNIT_ASSIGNED_CONTEXT ( ( #1422, #4825, #3684 ) ) REPRESENTATION_CONTEXT ( 'NONE', 'WORKASPACE' ) );
#328 = DIRECTION ( 'NONE',  ( -0.0000000000000000000, -0.0000000000000000000, -1.000000000000000000 ) ) ;
#329 = ORIENTED_EDGE ( 'NONE', *, *, #1767, .T. ) ;
#330 = DIRECTION ( 'NONE',  ( 0.0000000000000000000, 0.0000000000000000000, 1.000000000000000000 ) ) ;
#331 = CARTESIAN_POINT ( 'NONE',  ( 12.29524414132859000, 0.2600000000000000089, -4.341100996136219692 ) ) ;
#332 = DIRECTION ( 'NONE',  ( 1.000000000000000000, 0.0000000000000000000, 0.0000000000000000000 ) ) ;
#333 = PRODUCT_DEFINITION ( 'UNKNOWN', '', #2258, #4499 ) ;
#334 = EDGE_LOOP ( 'NONE', ( #369, #4086, #63, #4936 ) ) ;
#335 = PRESENTATION_STYLE_ASSIGNMENT (( #4136 ) ) ;
#336 = EDGE_CURVE ( 'NONE', #855, #3310, #2189, .T. ) ;
#337 = DIRECTION ( 'NONE',  ( 0.0000000000000000000, 0.0000000000000000000, 1.000000000000000000 ) ) ;
#338 =( NAMED_UNIT ( * ) PLANE_ANGLE_UNIT ( ) SI_UNIT ( $, .RADIAN. ) );
#339 = CARTESIAN_POINT ( 'NONE',  ( 12.69524414132859036, 0.2600000000000001199, -5.072214931251217251 ) ) ;
#341 = ADVANCED_FACE ( 'NONE', ( #4432 ), #630, .F. ) ;
#340 =( GEOMETRIC_REPRESENTATION_CONTEXT ( 3 ) GLOBAL_UNCERTAINTY_ASSIGNED_CONTEXT ( ( #2275 ) ) GLOBAL_UNIT_ASSIGNED_CONTEXT ( ( #789, #273, #4845 ) ) REPRESENTATION_CONTEXT ( 'NONE', 'WORKASPACE' ) );
#342 =( NAMED_UNIT ( * ) SI_UNIT ( $, .STERADIAN. ) SOLID_ANGLE_UNIT ( ) );
#343 = UNCERTAINTY_MEASURE_WITH_UNIT (LENGTH_MEASURE( 1.000000000000000082E-05 ), #3611, 'distance_accuracy_value', 'NONE');
#344 = ORIENTED_EDGE ( 'NONE', *, *, #147, .T. ) ;
#345 = FILL_AREA_STYLE_COLOUR ( '', #1531 ) ;
#346 = AXIS2_PLACEMENT_3D ( 'NONE', #291, #754, #1036 ) ;
#347 = SURFACE_STYLE_FILL_AREA ( #3028 ) ;
#348 = CARTESIAN_POINT ( 'NONE',  ( 12.89524414132858965, 0.0000000000000000000, -5.272214931251218317 ) ) ;
#349 = VERTEX_POINT ( 'NONE', #2163 ) ;
#350 =( GEOMETRIC_REPRESENTATION_CONTEXT ( 3 ) GLOBAL_UNCERTAINTY_ASSIGNED_CONTEXT ( ( #3791 ) ) GLOBAL_UNIT_ASSIGNED_CONTEXT ( ( #2875, #124, #4688 ) ) REPRESENTATION_CONTEXT ( 'NONE', 'WORKASPACE' ) );
#351 = CARTESIAN_POINT ( 'NONE',  ( -2.171357675153835931, -1.384160456538574113, -3.131357675153836784 ) ) ;
#352 = CARTESIAN_POINT ( 'NONE',  ( 12.29524414132859000, 0.0000000000000000000, 4.351100996136220367 ) ) ;
#353 =( LENGTH_UNIT ( ) NAMED_UNIT ( * ) SI_UNIT ( .MILLI., .METRE. ) );
#354 = DIRECTION ( 'NONE',  ( 0.0000000000000000000, -0.0000000000000000000, 1.000000000000000000 ) ) ;
#355 = ORIENTED_EDGE ( 'NONE', *, *, #1741, .F. ) ;
#356 = DIRECTION ( 'NONE',  ( 0.0000000000000000000, -0.9961946980917455452, -0.08715574274765795770 ) ) ;
#357 = SURFACE_STYLE_FILL_AREA ( #3781 ) ;
#358 = SURFACE_STYLE_USAGE ( .BOTH. , #2674 ) ;
#359 = VECTOR ( 'NONE', #270, 1000.000000000000000 ) ;
#360 = ORIENTED_EDGE ( 'NONE', *, *, #1599, .T. ) ;
#361 = LINE ( 'NONE', #1500, #851 ) ;
#362 =( LENGTH_UNIT ( ) NAMED_UNIT ( * ) SI_UNIT ( .MILLI., .METRE. ) );
#363 = EDGE_CURVE ( 'NONE', #4883, #2212, #2897, .T. ) ;
#364 = LINE ( 'NONE', #3334, #2339 ) ;
#365 = FACE_OUTER_BOUND ( 'NONE', #114, .T. ) ;
#366 = DIRECTION ( 'NONE',  ( -1.000000000000000000, 0.0000000000000000000, 0.0000000000000000000 ) ) ;
#367 =( GEOMETRIC_REPRESENTATION_CONTEXT ( 3 ) GLOBAL_UNCERTAINTY_ASSIGNED_CONTEXT ( ( #675 ) ) GLOBAL_UNIT_ASSIGNED_CONTEXT ( ( #4329, #457, #432 ) ) REPRESENTATION_CONTEXT ( 'NONE', 'WORKASPACE' ) );
#368 = CARTESIAN_POINT ( 'NONE',  ( 12.28524414132859022, 0.2600000000000000089, -4.351100996136220367 ) ) ;
#369 = ORIENTED_EDGE ( 'NONE', *, *, #2745, .F. ) ;
#370 = EDGE_CURVE ( 'NONE', #3310, #2304, #1736, .T. ) ;
#371 = PRESENTATION_STYLE_ASSIGNMENT (( #1163 ) ) ;
#372 = ADVANCED_FACE ( 'NONE', ( #1788 ), #4806, .T. ) ;
#373 = LINE ( 'NONE', #4896, #805 ) ;
#374 = DIRECTION ( 'NONE',  ( 1.000000000000000000, 0.0000000000000000000, -0.0000000000000000000 ) ) ;
#375 = CARTESIAN_POINT ( 'NONE',  ( 12.29524414132859178, 0.0000000000000000000, -4.351100996136220367 ) ) ;
#376 = COLOUR_RGB ( '',0.7450980392156862919, 0.7372549019607843590, 0.7294117647058823151 ) ;
#377 = PRODUCT_DEFINITION_SHAPE ( 'NONE', 'NONE',  #1112 ) ;
#378 = ORIENTED_EDGE ( 'NONE', *, *, #3492, .T. ) ;
#379 = DIRECTION ( 'NONE',  ( -0.0000000000000000000, -1.000000000000000000, -0.0000000000000000000 ) ) ;
#380 = CARTESIAN_POINT ( 'NONE',  ( 12.29524414132859000, 0.0000000000000000000, 4.351100996136220367 ) ) ;
#381 = ADVANCED_FACE ( 'NONE', ( #2626 ), #4111, .F. ) ;
#382 = CARTESIAN_POINT ( 'NONE',  ( 12.89524414132858965, 0.0000000000000000000, 4.872214931251217962 ) ) ;
#383 = CARTESIAN_POINT ( 'NONE',  ( 12.89524414132858965, 0.3599999999999999867, -4.341100996136219692 ) ) ;
#384 = DIRECTION ( 'NONE',  ( 0.0000000000000000000, 0.0000000000000000000, -1.000000000000000000 ) ) ;
#385 =( BOUNDED_CURVE ( )  B_SPLINE_CURVE ( 3, ( #4846, #274, #2598, #2233 ),
 .UNSPECIFIED., .F., .T. ) 
 B_SPLINE_CURVE_WITH_KNOTS ( ( 4, 4 ),
 ( 5.159231419352086609E-16, 1.485291033116692860 ),
 .UNSPECIFIED. ) 
 CURVE ( )  GEOMETRIC_REPRESENTATION_ITEM ( )  RATIONAL_B_SPLINE_CURVE ( ( 1.000000000000000000, 0.8244547578635010865, 0.8244547578635010865, 1.000000000000000000 ) ) 
 REPRESENTATION_ITEM ( '' )  );
#386 = ORIENTED_EDGE ( 'NONE', *, *, #3185, .F. ) ;
#387 = PRESENTATION_STYLE_ASSIGNMENT (( #1471 ) ) ;
#388 = EDGE_LOOP ( 'NONE', ( #3741, #3733, #392, #1753 ) ) ;
#389 = FILL_AREA_STYLE_COLOUR ( '', #1197 ) ;
#390 = UNCERTAINTY_MEASURE_WITH_UNIT (LENGTH_MEASURE( 1.000000000000000082E-05 ), #2373, 'distance_accuracy_value', 'NONE');
#391 = STYLED_ITEM ( 'NONE', ( #3855 ), #870 ) ;
#392 = ORIENTED_EDGE ( 'NONE', *, *, #4344, .F. ) ;
#393 = SURFACE_STYLE_FILL_AREA ( #4535 ) ;
#394 = DIRECTION ( 'NONE',  ( 0.0000000000000000000, -0.9963466490417508536, -0.08540114134643599086 ) ) ;
#395 = MECHANICAL_DESIGN_GEOMETRIC_PRESENTATION_REPRESENTATION (  '', ( #996 ), #3818 ) ;
#396 = SHAPE_REPRESENTATION_RELATIONSHIP ( 'NONE' , 'NONE' ,  #3614, #4497 ) ;
#397 = CARTESIAN_POINT ( 'NONE',  ( 12.89524414132859143, 1.971469307523564751, -3.747107441190590471 ) ) ;
#398 = VECTOR ( 'NONE', #1308, 1000.000000000000000 ) ;
#399 = AXIS2_PLACEMENT_3D ( 'NONE', #4694, #1321, #2818 ) ;
#400 = MECHANICAL_DESIGN_GEOMETRIC_PRESENTATION_REPRESENTATION (  '', ( #1625 ), #3826 ) ;
#401 = ORIENTED_EDGE ( 'NONE', *, *, #3032, .T. ) ;
#402 = PRESENTATION_LAYER_ASSIGNMENT (  '', '', ( #2958 ) ) ;
#403 = LINE ( 'NONE', #2638, #2148 ) ;
#404 = CARTESIAN_POINT ( 'NONE',  ( 2.140000000000000124, 1.750000000000000000, 2.775557999999999849E-16 ) ) ;
#405 = COLOUR_RGB ( '',0.7450980392156862919, 0.7372549019607843590, 0.7294117647058823151 ) ;
#406 = MECHANICAL_DESIGN_GEOMETRIC_PRESENTATION_REPRESENTATION (  '', ( #2112 ), #1012 ) ;
#407 = ORIENTED_EDGE ( 'NONE', *, *, #3755, .F. ) ;
#408 = CARTESIAN_POINT ( 'NONE',  ( 11.69524414132859036, 0.0000000000000000000, 4.272214931251218317 ) ) ;
#409 = EDGE_CURVE ( 'NONE', #1250, #1508, #1886, .T. ) ;
#410 = LINE ( 'NONE', #382, #705 ) ;
#411 = AXIS2_PLACEMENT_3D ( 'NONE', #3103, #1165, #843 ) ;
#412 = SHAPE_DEFINITION_REPRESENTATION ( #4921, #4463 ) ;
#413 = ORIENTED_EDGE ( 'NONE', *, *, #45, .F. ) ;
#414 = ADVANCED_FACE ( 'NONE', ( #800 ), #4210, .F. ) ;
#415 = CIRCLE ( 'NONE', #3055, 0.1000000000000002554 ) ;
#416 = VERTEX_POINT ( 'NONE', #501 ) ;
#417 = UNCERTAINTY_MEASURE_WITH_UNIT (LENGTH_MEASURE( 1.000000000000000082E-05 ), #3589, 'distance_accuracy_value', 'NONE');
#418 = PRESENTATION_STYLE_ASSIGNMENT (( #358 ) ) ;
#419 = CIRCLE ( 'NONE', #2120, 0.09999999999999896472 ) ;
#420 = ORIENTED_EDGE ( 'NONE', *, *, #1600, .T. ) ;
#421 = LINE ( 'NONE', #3922, #2038 ) ;
#422 = ORIENTED_EDGE ( 'NONE', *, *, #2322, .F. ) ;
#423 = CARTESIAN_POINT ( 'NONE',  ( 12.49524414132859107, 0.0000000000000000000, -5.272214931251218317 ) ) ;
#424 = FILL_AREA_STYLE_COLOUR ( '', #4224 ) ;
#425 = CARTESIAN_POINT ( 'NONE',  ( 12.89524414132859320, 1.971469307523565195, -3.399733716353602997 ) ) ;
#426 = PRODUCT_DEFINITION_SHAPE ( 'NONE', 'NONE',  #4944 ) ;
#427 = ORIENTED_EDGE ( 'NONE', *, *, #4161, .T. ) ;
#428 = CARTESIAN_POINT ( 'NONE',  ( 12.29524414132859000, 0.0000000000000000000, 4.772214931251219205 ) ) ;
#429 = FILL_AREA_STYLE_COLOUR ( '', #4452 ) ;
#430 = CARTESIAN_POINT ( 'NONE',  ( 12.29524414132859000, 0.2600000000000000089, -4.351100996136220367 ) ) ;
#431 = PRESENTATION_LAYER_ASSIGNMENT (  '', '', ( #2757 ) ) ;
#432 =( NAMED_UNIT ( * ) SI_UNIT ( $, .STERADIAN. ) SOLID_ANGLE_UNIT ( ) );
#433 = PRESENTATION_STYLE_ASSIGNMENT (( #3859 ) ) ;
#434 = ORIENTED_EDGE ( 'NONE', *, *, #2677, .F. ) ;
#435 = DIRECTION ( 'NONE',  ( -0.0000000000000000000, -1.000000000000000000, 0.0000000000000000000 ) ) ;
#436 = STYLED_ITEM ( 'NONE', ( #267 ), #3825 ) ;
#437 =( NAMED_UNIT ( * ) SI_UNIT ( $, .STERADIAN. ) SOLID_ANGLE_UNIT ( ) );
#438 = SURFACE_SIDE_STYLE ('',( #2434 ) ) ;
#439 = EDGE_CURVE ( 'NONE', #349, #4444, #4703, .T. ) ;
#440 = VECTOR ( 'NONE', #1427, 1000.000000000000000 ) ;
#441 =( NAMED_UNIT ( * ) SI_UNIT ( $, .STERADIAN. ) SOLID_ANGLE_UNIT ( ) );
#442 = ORIENTED_EDGE ( 'NONE', *, *, #775, .F. ) ;
#443 = SURFACE_SIDE_STYLE ('',( #3483 ) ) ;
#444 = VECTOR ( 'NONE', #4115, 1000.000000000000114 ) ;
#445 = EDGE_CURVE ( 'NONE', #1695, #2821, #2384, .T. ) ;
#446 = ORIENTED_EDGE ( 'NONE', *, *, #1922, .T. ) ;
#447 = SURFACE_STYLE_USAGE ( .BOTH. , #4682 ) ;
#448 = DIRECTION ( 'NONE',  ( 0.7071067811865467956, 0.0000000000000000000, 0.7071067811865483499 ) ) ;
#449 = STYLED_ITEM ( 'NONE', ( #183 ), #4529 ) ;
#450 = CARTESIAN_POINT ( 'NONE',  ( 12.89524414132858965, 0.2600000000000000089, 4.341100996136219692 ) ) ;
#451 = FILL_AREA_STYLE_COLOUR ( '', #2610 ) ;
#452 = VECTOR ( 'NONE', #3364, 1000.000000000000000 ) ;
#453 = ORIENTED_EDGE ( 'NONE', *, *, #363, .T. ) ;
#454 = LINE ( 'NONE', #2003, #3736 ) ;
#455 =( NAMED_UNIT ( * ) SI_UNIT ( $, .STERADIAN. ) SOLID_ANGLE_UNIT ( ) );
#456 = MECHANICAL_DESIGN_GEOMETRIC_PRESENTATION_REPRESENTATION (  '', ( #2852 ), #1293 ) ;
#457 =( NAMED_UNIT ( * ) PLANE_ANGLE_UNIT ( ) SI_UNIT ( $, .RADIAN. ) );
#458 = ORIENTED_EDGE ( 'NONE', *, *, #2379, .T. ) ;
#459 = DIRECTION ( 'NONE',  ( -1.000000000000000000, -0.0000000000000000000, 0.0000000000000000000 ) ) ;
#460 = PRESENTATION_LAYER_ASSIGNMENT (  '', '', ( #3566 ) ) ;
#461 = FILL_AREA_STYLE ('',( #3532 ) ) ;
#462 =( NAMED_UNIT ( * ) SI_UNIT ( $, .STERADIAN. ) SOLID_ANGLE_UNIT ( ) );
#463 = SURFACE_SIDE_STYLE ('',( #1641 ) ) ;
#464 = VECTOR ( 'NONE', #1593, 1000.000000000000000 ) ;
#465 = DIRECTION ( 'NONE',  ( -1.000000000000000000, 0.0000000000000000000, -0.0000000000000000000 ) ) ;
#466 = VERTEX_POINT ( 'NONE', #4628 ) ;
#467 =( LENGTH_UNIT ( ) NAMED_UNIT ( * ) SI_UNIT ( .MILLI., .METRE. ) );
#468 = ORIENTED_EDGE ( 'NONE', *, *, #220, .F. ) ;
#469 = CARTESIAN_POINT ( 'NONE',  ( -2.140000000000000568, -1.750000000000000222, 3.250000000000000444 ) ) ;
#470 = FACE_OUTER_BOUND ( 'NONE', #2761, .T. ) ;
#471 = CARTESIAN_POINT ( 'NONE',  ( 12.89524414132859320, 1.871469307523565107, -3.747107441190590027 ) ) ;
#472 = MECHANICAL_DESIGN_GEOMETRIC_PRESENTATION_REPRESENTATION (  '', ( #1140 ), #731 ) ;
#473 = EDGE_LOOP ( 'NONE', ( #4263, #745, #3367, #329 ) ) ;
#474 = ORIENTED_EDGE ( 'NONE', *, *, #1237, .F. ) ;
#475 = ADVANCED_FACE ( 'NONE', ( #2796 ), #4285, .T. ) ;
#476 = EDGE_CURVE ( 'NONE', #773, #3338, #3583, .T. ) ;
#477 =( GEOMETRIC_REPRESENTATION_CONTEXT ( 3 ) GLOBAL_UNCERTAINTY_ASSIGNED_CONTEXT ( ( #1972 ) ) GLOBAL_UNIT_ASSIGNED_CONTEXT ( ( #757, #3389, #2980 ) ) REPRESENTATION_CONTEXT ( 'NONE', 'WORKASPACE' ) );
#478 = SURFACE_SIDE_STYLE ('',( #1602 ) ) ;
#479 = PRESENTATION_LAYER_ASSIGNMENT (  '', '', ( #2714 ) ) ;
#480 = SURFACE_SIDE_STYLE ('',( #1183 ) ) ;
#481 = EDGE_CURVE ( 'NONE', #532, #3126, #1328, .T. ) ;
#482 = CARTESIAN_POINT ( 'NONE',  ( 12.29524414132859178, 0.0000000000000000000, -4.341100996136219692 ) ) ;
#483 = VECTOR ( 'NONE', #2392, 1000.000000000000000 ) ;
#484 = FILL_AREA_STYLE ('',( #2707 ) ) ;
#485 = PRESENTATION_LAYER_ASSIGNMENT (  '', '', ( #996 ) ) ;
#486 = CARTESIAN_POINT ( 'NONE',  ( 12.59524414132858894, 0.3286239326108429948, 3.982470904823191216 ) ) ;
#487 = MECHANICAL_DESIGN_GEOMETRIC_PRESENTATION_REPRESENTATION (  '', ( #166 ), #1316 ) ;
#488 = CARTESIAN_POINT ( 'NONE',  ( 12.29524414132859000, 0.3599999999999999867, -4.341100996136219692 ) ) ;
#489 = EDGE_LOOP ( 'NONE', ( #1931, #40, #3352, #930 ) ) ;
#490 = FILL_AREA_STYLE_COLOUR ( '', #4018 ) ;
#491 = VECTOR ( 'NONE', #4446, 1000.000000000000000 ) ;
#492 = FACE_OUTER_BOUND ( 'NONE', #4630, .T. ) ;
#493 = ITEM_DEFINED_TRANSFORMATION ( 'NONE', 'NONE', #2577,  #2178 ) ;
#494 =( GEOMETRIC_REPRESENTATION_CONTEXT ( 3 ) GLOBAL_UNCERTAINTY_ASSIGNED_CONTEXT ( ( #3852 ) ) GLOBAL_UNIT_ASSIGNED_CONTEXT ( ( #3004, #3392, #1878 ) ) REPRESENTATION_CONTEXT ( 'NONE', 'WORKASPACE' ) );
#495 = AXIS2_PLACEMENT_3D ( 'NONE', #3677, #2476, #246 ) ;
#496 = FILL_AREA_STYLE_COLOUR ( '', #1861 ) ;
#497 = VERTEX_POINT ( 'NONE', #4264 ) ;
#498 = LINE ( 'NONE', #2358, #1092 ) ;
#499 = VERTEX_POINT ( 'NONE', #877 ) ;
#500 = VECTOR ( 'NONE', #516, 1000.000000000000000 ) ;
#501 = CARTESIAN_POINT ( 'NONE',  ( 12.28524414132859022, 0.0000000000000000000, -4.272214931251218317 ) ) ;
#502 = DIRECTION ( 'NONE',  ( 0.0000000000000000000, 1.000000000000000000, 0.0000000000000000000 ) ) ;
#503 = DIRECTION ( 'NONE',  ( 1.000000000000000000, 0.0000000000000000000, 0.0000000000000000000 ) ) ;
#504 = ORIENTED_EDGE ( 'NONE', *, *, #1693, .F. ) ;
#505 = FILL_AREA_STYLE ('',( #41 ) ) ;
#506 = VERTEX_POINT ( 'NONE', #1646 ) ;
#507 = VECTOR ( 'NONE', #1884, 1000.000000000000000 ) ;
#508 = FILL_AREA_STYLE ('',( #19 ) ) ;
#509 = CARTESIAN_POINT ( 'NONE',  ( 12.28524414132859022, 0.2600000000000000089, 4.272214931251218317 ) ) ;
#510 = EDGE_CURVE ( 'NONE', #3875, #3310, #115, .T. ) ;
#511 = FACE_OUTER_BOUND ( 'NONE', #3284, .T. ) ;
#512 = SURFACE_SIDE_STYLE ('',( #3816 ) ) ;
#513 = DIRECTION ( 'NONE',  ( 1.000000000000000000, 4.951616000000000261E-17, 3.592136000000000158E-16 ) ) ;
#514 = EDGE_CURVE ( 'NONE', #2653, #34, #3142, .T. ) ;
#515 = FILL_AREA_STYLE ('',( #1677 ) ) ;
#516 = DIRECTION ( 'NONE',  ( -1.000000000000000000, 3.104640950778811161E-17, -3.548620844869660172E-16 ) ) ;
#517 = ORIENTED_EDGE ( 'NONE', *, *, #1687, .T. ) ;
#518 = DIRECTION ( 'NONE',  ( -0.0000000000000000000, -1.000000000000000000, 0.0000000000000000000 ) ) ;
#519 = ORIENTED_EDGE ( 'NONE', *, *, #2121, .F. ) ;
#520 = SURFACE_STYLE_FILL_AREA ( #1587 ) ;
#521 = CARTESIAN_POINT ( 'NONE',  ( 2.157142857142853920, 1.549999999999999156, 2.968688790597359350 ) ) ;
#522 = PRODUCT_CONTEXT ( 'NONE', #3309, 'mechanical' ) ;
#523 =( NAMED_UNIT ( * ) SI_UNIT ( $, .STERADIAN. ) SOLID_ANGLE_UNIT ( ) );
#524 =( NAMED_UNIT ( * ) PLANE_ANGLE_UNIT ( ) SI_UNIT ( $, .RADIAN. ) );
#525 = VERTEX_POINT ( 'NONE', #4239 ) ;
#526 = EDGE_LOOP ( 'NONE', ( #4469, #2327, #2406, #621 ) ) ;
#527 = CARTESIAN_POINT ( 'NONE',  ( 12.09524414132859249, 0.0000000000000000000, 5.272214931251218317 ) ) ;
#528 =( NAMED_UNIT ( * ) PLANE_ANGLE_UNIT ( ) SI_UNIT ( $, .RADIAN. ) );
#529 = UNCERTAINTY_MEASURE_WITH_UNIT (LENGTH_MEASURE( 1.000000000000000082E-05 ), #3092, 'distance_accuracy_value', 'NONE');
#530 = DIRECTION ( 'NONE',  ( -1.000000000000000000, -4.951616000000000261E-17, -3.592136000000000158E-16 ) ) ;
#531 =( GEOMETRIC_REPRESENTATION_CONTEXT ( 3 ) GLOBAL_UNCERTAINTY_ASSIGNED_CONTEXT ( ( #2954 ) ) GLOBAL_UNIT_ASSIGNED_CONTEXT ( ( #2903, #3292, #4837 ) ) REPRESENTATION_CONTEXT ( 'NONE', 'WORKASPACE' ) );
#532 = VERTEX_POINT ( 'NONE', #903 ) ;
#533 = PRESENTATION_STYLE_ASSIGNMENT (( #447 ) ) ;
#534 = VERTEX_POINT ( 'NONE', #2777 ) ;
#535 =( GEOMETRIC_REPRESENTATION_CONTEXT ( 3 ) GLOBAL_UNCERTAINTY_ASSIGNED_CONTEXT ( ( #199 ) ) GLOBAL_UNIT_ASSIGNED_CONTEXT ( ( #2978, #4119, #342 ) ) REPRESENTATION_CONTEXT ( 'NONE', 'WORKASPACE' ) );
#536 = SURFACE_STYLE_USAGE ( .BOTH. , #121 ) ;
#537 =( GEOMETRIC_REPRESENTATION_CONTEXT ( 3 ) GLOBAL_UNCERTAINTY_ASSIGNED_CONTEXT ( ( #2390 ) ) GLOBAL_UNIT_ASSIGNED_CONTEXT ( ( #4485, #1817, #3762 ) ) REPRESENTATION_CONTEXT ( 'NONE', 'WORKASPACE' ) );
#539 = EDGE_CURVE ( 'NONE', #1880, #2698, #3918, .T. ) ;
#538 = VECTOR ( 'NONE', #3011, 1000.000000000000000 ) ;
#540 = DIRECTION ( 'NONE',  ( 0.0000000000000000000, 0.0000000000000000000, 1.000000000000000000 ) ) ;
#541 = SURFACE_STYLE_USAGE ( .BOTH. , #1607 ) ;
#542 = SURFACE_STYLE_USAGE ( .BOTH. , #1608 ) ;
#543 = VECTOR ( 'NONE', #785, 1000.000000000000000 ) ;
#544 = EDGE_LOOP ( 'NONE', ( #4723, #3053, #84, #4358 ) ) ;
#545 = CARTESIAN_POINT ( 'NONE',  ( 12.28524414132859022, 0.2600000000000000089, -4.272214931251218317 ) ) ;
#546 = EDGE_CURVE ( 'NONE', #1770, #1508, #1691, .T. ) ;
#547 = ORIENTED_EDGE ( 'NONE', *, *, #3612, .T. ) ;
#548 =( NAMED_UNIT ( * ) SI_UNIT ( $, .STERADIAN. ) SOLID_ANGLE_UNIT ( ) );
#549 = LINE ( 'NONE', #4281, #4823 ) ;
#550 = FILL_AREA_STYLE_COLOUR ( '', #164 ) ;
#551 = APPLICATION_PROTOCOL_DEFINITION ( 'draft international standard', 'automotive_design', 1998, #95 ) ;
#552 =( NAMED_UNIT ( * ) SI_UNIT ( $, .STERADIAN. ) SOLID_ANGLE_UNIT ( ) );
#553 = EDGE_LOOP ( 'NONE', ( #427, #1827, #4135, #908, #559, #1352, #1235, #26 ) ) ;
#554 =( NAMED_UNIT ( * ) SI_UNIT ( $, .STERADIAN. ) SOLID_ANGLE_UNIT ( ) );
#555 = ADVANCED_FACE ( 'NONE', ( #2070 ), #953, .F. ) ;
#556 = CARTESIAN_POINT ( 'NONE',  ( 12.89524414132858965, 1.971469307523565195, -3.399733716353602997 ) ) ;
#557 = CARTESIAN_POINT ( 'NONE',  ( 12.29524414132859178, 0.0000000000000000000, 4.272214931251218317 ) ) ;
#558 = AXIS2_PLACEMENT_3D ( 'NONE', #3641, #2470, #4019 ) ;
#559 = ORIENTED_EDGE ( 'NONE', *, *, #2472, .T. ) ;
#560 = SURFACE_STYLE_USAGE ( .BOTH. , #4408 ) ;
#561 = AXIS2_PLACEMENT_3D ( 'NONE', #3261, #2213, #3286 ) ;
#562 = CARTESIAN_POINT ( 'NONE',  ( 12.59524414132858894, 2.231469307523564982, -3.749733716353603086 ) ) ;
#563 = CIRCLE ( 'NONE', #3018, 0.09999999999999896472 ) ;
#564 = DIRECTION ( 'NONE',  ( 0.0000000000000000000, -0.0000000000000000000, -1.000000000000000000 ) ) ;
#565 = MECHANICAL_DESIGN_GEOMETRIC_PRESENTATION_REPRESENTATION (  '', ( #1921 ), #1224 ) ;
#566 =( NAMED_UNIT ( * ) SI_UNIT ( $, .STERADIAN. ) SOLID_ANGLE_UNIT ( ) );
#567 = FACE_OUTER_BOUND ( 'NONE', #3325, .T. ) ;
#568 = AXIS2_PLACEMENT_3D ( 'NONE', #631, #2191, #3569 ) ;
#569 = EDGE_LOOP ( 'NONE', ( #3473, #1822, #3170, #468 ) ) ;
#570 = CARTESIAN_POINT ( 'NONE',  ( 12.49524414132859107, 0.0000000000000000000, -5.272214931251217429 ) ) ;
#571 = VERTEX_POINT ( 'NONE', #1371 ) ;
#572 = VECTOR ( 'NONE', #3962, 1000.000000000000000 ) ;
#573 = UNCERTAINTY_MEASURE_WITH_UNIT (LENGTH_MEASURE( 1.000000000000000082E-05 ), #362, 'distance_accuracy_value', 'NONE');
#574 = DIRECTION ( 'NONE',  ( -0.7071067811865475727, 0.0000000000000000000, 0.7071067811865475727 ) ) ;
#575 = DIRECTION ( 'NONE',  ( -0.7071067811865475727, 0.0000000000000000000, 0.7071067811865475727 ) ) ;
#576 =( LENGTH_UNIT ( ) NAMED_UNIT ( * ) SI_UNIT ( .MILLI., .METRE. ) );
#577 = APPLICATION_PROTOCOL_DEFINITION ( 'draft international standard', 'automotive_design', 1998, #3309 ) ;
#578 = VECTOR ( 'NONE', #4439, 1000.000000000000000 ) ;
#579 = CARTESIAN_POINT ( 'NONE',  ( 12.09524414132859249, 0.0000000000000000000, -5.272214931251218317 ) ) ;
#580 = EDGE_CURVE ( 'NONE', #2821, #1929, #208, .T. ) ;
#581 = CARTESIAN_POINT ( 'NONE',  ( 12.89524414132858965, 2.231469307523564982, 3.399733716353602997 ) ) ;
#582 =( GEOMETRIC_REPRESENTATION_CONTEXT ( 3 ) GLOBAL_UNCERTAINTY_ASSIGNED_CONTEXT ( ( #982 ) ) GLOBAL_UNIT_ASSIGNED_CONTEXT ( ( #4258, #3888, #2064 ) ) REPRESENTATION_CONTEXT ( 'NONE', 'WORKASPACE' ) );
#583 = VERTEX_POINT ( 'NONE', #1005 ) ;
#584 = FACE_OUTER_BOUND ( 'NONE', #3259, .T. ) ;
#585 = PRESENTATION_LAYER_ASSIGNMENT (  '', '', ( #3667 ) ) ;
#586 = AXIS2_PLACEMENT_3D ( 'NONE', #3417, #2594, #1115 ) ;
#587 = EDGE_CURVE ( 'NONE', #3689, #3414, #563, .T. ) ;
#588 = EDGE_LOOP ( 'NONE', ( #21, #1223, #3815, #3363, #1815, #3635, #1398, #4483, #2399, #3860 ) ) ;
#589 = STYLED_ITEM ( 'NONE', ( #3229 ), #2534 ) ;
#590 = PRESENTATION_LAYER_ASSIGNMENT (  '', '', ( #2733 ) ) ;
#591 = FILL_AREA_STYLE ('',( #3617 ) ) ;
#592 = UNCERTAINTY_MEASURE_WITH_UNIT (LENGTH_MEASURE( 1.000000000000000082E-05 ), #2544, 'distance_accuracy_value', 'NONE');
#593 = AXIS2_PLACEMENT_3D ( 'NONE', #3746, #700, #1463 ) ;
#594 = PLANE ( 'NONE',  #225 ) ;
#595 = PRESENTATION_STYLE_ASSIGNMENT (( #2423 ) ) ;
#596 = CARTESIAN_POINT ( 'NONE',  ( -2.290000000000000036, -1.384160456538573891, -3.131357675153837228 ) ) ;
#597 = LINE ( 'NONE', #3668, #3673 ) ;
#598 = DIRECTION ( 'NONE',  ( 1.000000000000000000, 4.951616000000000261E-17, -3.592136000000000158E-16 ) ) ;
#599 = VECTOR ( 'NONE', #4109, 1000.000000000000000 ) ;
#600 =( BOUNDED_CURVE ( )  B_SPLINE_CURVE ( 3, ( #3276, #4792, #1411, #997 ),
 .UNSPECIFIED., .F., .T. ) 
 B_SPLINE_CURVE_WITH_KNOTS ( ( 4, 4 ),
 ( 1.656301620473097813, 3.141592653589791340 ),
 .UNSPECIFIED. ) 
 CURVE ( )  GEOMETRIC_REPRESENTATION_ITEM ( )  RATIONAL_B_SPLINE_CURVE ( ( 1.000000000000000000, 0.8244547578635007534, 0.8244547578635007534, 1.000000000000000000 ) ) 
 REPRESENTATION_ITEM ( '' )  );
#601 = ORIENTED_EDGE ( 'NONE', *, *, #580, .F. ) ;
#602 = LINE ( 'NONE', #3545, #32 ) ;
#603 = VERTEX_POINT ( 'NONE', #2870 ) ;
#604 = CARTESIAN_POINT ( 'NONE',  ( 12.28524414132859022, 0.0000000000000000000, 4.351100996136220367 ) ) ;
#605 = DIRECTION ( 'NONE',  ( 0.0000000000000000000, 1.000000000000000000, 0.0000000000000000000 ) ) ;
#606 = FILL_AREA_STYLE ('',( #2134 ) ) ;
#607 = CYLINDRICAL_SURFACE ( 'NONE', #1420, 0.4000000000000001887 ) ;
#608 =( NAMED_UNIT ( * ) PLANE_ANGLE_UNIT ( ) SI_UNIT ( $, .RADIAN. ) );
#609 = ADVANCED_FACE ( 'NONE', ( #2911 ), #2533, .T. ) ;
#610 = CARTESIAN_POINT ( 'NONE',  ( 0.0000000000000000000, -1.750000000000000000, -2.732819015537134799 ) ) ;
#611 = ORIENTED_EDGE ( 'NONE', *, *, #2828, .T. ) ;
#612 = CYLINDRICAL_SURFACE ( 'NONE', #1720, 0.09999999999999896472 ) ;
#613 = ADVANCED_FACE ( 'NONE', ( #1808 ), #1349, .T. ) ;
#614 = CARTESIAN_POINT ( 'NONE',  ( 2.139999999999998792, -1.750000000000000000, 2.732819015537133911 ) ) ;
#615 = VECTOR ( 'NONE', #2368, 1000.000000000000000 ) ;
#616 =( LENGTH_UNIT ( ) NAMED_UNIT ( * ) SI_UNIT ( .MILLI., .METRE. ) );
#617 = EDGE_CURVE ( 'NONE', #1229, #625, #3010, .T. ) ;
#618 = COLOUR_RGB ( '',0.2705882352941176294, 0.2705882352941176294, 0.2705882352941176294 ) ;
#619 = FILL_AREA_STYLE ('',( #4740 ) ) ;
#620 = VECTOR ( 'NONE', #3827, 1000.000000000000114 ) ;
#621 = ORIENTED_EDGE ( 'NONE', *, *, #3001, .F. ) ;
#622 = PLANE ( 'NONE',  #1824 ) ;
#623 = PRESENTATION_LAYER_ASSIGNMENT (  '', '', ( #3637 ) ) ;
#624 = FILL_AREA_STYLE ('',( #3649 ) ) ;
#625 = VERTEX_POINT ( 'NONE', #4551 ) ;
#626 = SURFACE_STYLE_USAGE ( .BOTH. , #3610 ) ;
#627 = VERTEX_POINT ( 'NONE', #3699 ) ;
#628 = VERTEX_POINT ( 'NONE', #380 ) ;
#629 = CIRCLE ( 'NONE', #3400, 1.500000000000000000 ) ;
#630 = PLANE ( 'NONE',  #2245 ) ;
#631 = CARTESIAN_POINT ( 'NONE',  ( 11.89524414132859143, 0.0000000000000000000, 5.072214931251217251 ) ) ;
#632 = CARTESIAN_POINT ( 'NONE',  ( 2.171357675153836819, 1.384160456538573891, -3.131357675153836340 ) ) ;
#633 = AXIS2_PLACEMENT_3D ( 'NONE', #3048, #13, #330 ) ;
#634 = SURFACE_STYLE_USAGE ( .BOTH. , #1678 ) ;
#635 = EDGE_CURVE ( 'NONE', #290, #4371, #1495, .T. ) ;
#636 =( NAMED_UNIT ( * ) SI_UNIT ( $, .STERADIAN. ) SOLID_ANGLE_UNIT ( ) );
#637 = FILL_AREA_STYLE_COLOUR ( '', #1712 ) ;
#638 = EDGE_CURVE ( 'NONE', #1695, #666, #385, .T. ) ;
#639 = ORIENTED_EDGE ( 'NONE', *, *, #4382, .F. ) ;
#640 = ORIENTED_EDGE ( 'NONE', *, *, #2863, .T. ) ;
#641 = DIRECTION ( 'NONE',  ( 0.7071067811865474617, 0.0000000000000000000, 0.7071067811865474617 ) ) ;
#642 = DIRECTION ( 'NONE',  ( 0.0000000000000000000, -1.000000000000000000, 0.0000000000000000000 ) ) ;
#643 = CARTESIAN_POINT ( 'NONE',  ( 12.29524414132859178, 0.0000000000000000000, -5.272214931251218317 ) ) ;
#644 = CARTESIAN_POINT ( 'NONE',  ( 12.29524414132859178, 0.0000000000000000000, -4.341100996136219692 ) ) ;
#645 = FILL_AREA_STYLE_COLOUR ( '', #1950 ) ;
#646 = ORIENTED_EDGE ( 'NONE', *, *, #4798, .F. ) ;
#647 =( LENGTH_UNIT ( ) NAMED_UNIT ( * ) SI_UNIT ( .MILLI., .METRE. ) );
#648 = COLOUR_RGB ( '',0.7450980392156862919, 0.7372549019607843590, 0.7294117647058823151 ) ;
#649 = CARTESIAN_POINT ( 'NONE',  ( 2.289999999999999147, 0.0000000000000000000, 3.249999999999999112 ) ) ;
#650 = FILL_AREA_STYLE ('',( #678 ) ) ;
#651 = AXIS2_PLACEMENT_3D ( 'NONE', #509, #3489, #3148 ) ;
#652 = AXIS2_PLACEMENT_3D ( 'NONE', #3938, #202, #1041 ) ;
#653 = CARTESIAN_POINT ( 'NONE',  ( 12.28524414132859022, 0.2600000000000000089, -4.351100996136220367 ) ) ;
#654 = DIRECTION ( 'NONE',  ( -1.000000000000000000, 0.0000000000000000000, 0.0000000000000000000 ) ) ;
#655 = MECHANICAL_DESIGN_GEOMETRIC_PRESENTATION_REPRESENTATION (  '', ( #1076 ), #1947 ) ;
#656 = CARTESIAN_POINT ( 'NONE',  ( 12.29524414132859000, 0.3599999999999999867, 4.341100996136219692 ) ) ;
#657 = PRESENTATION_LAYER_ASSIGNMENT (  '', '', ( #1011 ) ) ;
#658 = AXIS2_PLACEMENT_3D ( 'NONE', #2343, #1181, #3849 ) ;
#659 = ORIENTED_EDGE ( 'NONE', *, *, #1954, .T. ) ;
#660 = DIRECTION ( 'NONE',  ( -0.0000000000000000000, 1.000000000000000000, 0.0000000000000000000 ) ) ;
#661 =( GEOMETRIC_REPRESENTATION_CONTEXT ( 3 ) GLOBAL_UNCERTAINTY_ASSIGNED_CONTEXT ( ( #3436 ) ) GLOBAL_UNIT_ASSIGNED_CONTEXT ( ( #1117, #673, #1437 ) ) REPRESENTATION_CONTEXT ( 'NONE', 'WORKASPACE' ) );
#662 = VECTOR ( 'NONE', #4585, 1000.000000000000000 ) ;
#663 = FILL_AREA_STYLE ('',( #192 ) ) ;
#664 = PLANE ( 'NONE',  #658 ) ;
#665 = STYLED_ITEM ( 'NONE', ( #172 ), #3072 ) ;
#666 = VERTEX_POINT ( 'NONE', #351 ) ;
#667 =( LENGTH_UNIT ( ) NAMED_UNIT ( * ) SI_UNIT ( .MILLI., .METRE. ) );
#668 = ORIENTED_EDGE ( 'NONE', *, *, #4850, .F. ) ;
#669 = EDGE_CURVE ( 'NONE', #2319, #4894, #2665, .T. ) ;
#670 =( GEOMETRIC_REPRESENTATION_CONTEXT ( 3 ) GLOBAL_UNCERTAINTY_ASSIGNED_CONTEXT ( ( #3551 ) ) GLOBAL_UNIT_ASSIGNED_CONTEXT ( ( #1644, #3139, #441 ) ) REPRESENTATION_CONTEXT ( 'NONE', 'WORKASPACE' ) );
#671 = FILL_AREA_STYLE ('',( #3974 ) ) ;
#672 = FILL_AREA_STYLE ('',( #4819 ) ) ;
#673 =( NAMED_UNIT ( * ) PLANE_ANGLE_UNIT ( ) SI_UNIT ( $, .RADIAN. ) );
#674 = VERTEX_POINT ( 'NONE', #1191 ) ;
#675 = UNCERTAINTY_MEASURE_WITH_UNIT (LENGTH_MEASURE( 1.000000000000000082E-05 ), #4329, 'distance_accuracy_value', 'NONE');
#676 = PRESENTATION_STYLE_ASSIGNMENT (( #4080 ) ) ;
#677 = EDGE_CURVE ( 'NONE', #766, #1124, #3396, .T. ) ;
#678 = FILL_AREA_STYLE_COLOUR ( '', #830 ) ;
#679 = FILL_AREA_STYLE ('',( #4824 ) ) ;
#680 = CARTESIAN_POINT ( 'NONE',  ( 12.89524414132858965, 0.2600000000000000089, -4.272214931251218317 ) ) ;
#681 = ORIENTED_EDGE ( 'NONE', *, *, #1445, .T. ) ;
#682 =( NAMED_UNIT ( * ) PLANE_ANGLE_UNIT ( ) SI_UNIT ( $, .RADIAN. ) );
#683 = SURFACE_STYLE_FILL_AREA ( #2627 ) ;
#684 = DIRECTION ( 'NONE',  ( 3.562175999999998386E-16, 0.08715574274765795770, 0.9961946980917455452 ) ) ;
#685 =( REPRESENTATION_RELATIONSHIP ('NONE','NONE', #4463, #802 ) REPRESENTATION_RELATIONSHIP_WITH_TRANSFORMATION ( #949 )SHAPE_REPRESENTATION_RELATIONSHIP( ) );
#686 = VERTEX_POINT ( 'NONE', #4108 ) ;
#687 = PRESENTATION_STYLE_ASSIGNMENT (( #634 ) ) ;
#688 = FACE_OUTER_BOUND ( 'NONE', #3631, .T. ) ;
#689 = VECTOR ( 'NONE', #702, 1000.000000000000000 ) ;
#690 = FILL_AREA_STYLE_COLOUR ( '', #1399 ) ;
#691 = VECTOR ( 'NONE', #3626, 1000.000000000000000 ) ;
#692 = DIRECTION ( 'NONE',  ( -1.000000000000000000, -0.0000000000000000000, -0.0000000000000000000 ) ) ;
#693 = MANIFOLD_SOLID_BREP ( 'Imported1', #2784 ) ;
#694 = ORIENTED_EDGE ( 'NONE', *, *, #302, .F. ) ;
#695 = STYLED_ITEM ( 'NONE', ( #1552 ), #3928 ) ;
#696 = ORIENTED_EDGE ( 'NONE', *, *, #1626, .F. ) ;
#697 = FILL_AREA_STYLE_COLOUR ( '', #2485 ) ;
#698 =( NAMED_UNIT ( * ) PLANE_ANGLE_UNIT ( ) SI_UNIT ( $, .RADIAN. ) );
#699 = FILL_AREA_STYLE ('',( #322 ) ) ;
#700 = DIRECTION ( 'NONE',  ( -0.0000000000000000000, -1.000000000000000000, -0.0000000000000000000 ) ) ;
#701 = ORIENTED_EDGE ( 'NONE', *, *, #4438, .F. ) ;
#702 = DIRECTION ( 'NONE',  ( 0.0000000000000000000, -0.0000000000000000000, 1.000000000000000000 ) ) ;
#703 = EDGE_CURVE ( 'NONE', #4491, #3414, #3036, .T. ) ;
#704 = MANIFOLD_SOLID_BREP ( 'Imported1', #3965 ) ;
#705 = VECTOR ( 'NONE', #29, 1000.000000000000000 ) ;
#706 = PRESENTATION_STYLE_ASSIGNMENT (( #2600 ) ) ;
#707 =( LENGTH_UNIT ( ) NAMED_UNIT ( * ) SI_UNIT ( .MILLI., .METRE. ) );
#708 = LINE ( 'NONE', #4528, #1255 ) ;
#709 = VECTOR ( 'NONE', #3932, 1000.000000000000000 ) ;
#710 = ADVANCED_FACE ( 'NONE', ( #492 ), #847, .T. ) ;
#711 = ORIENTED_EDGE ( 'NONE', *, *, #742, .T. ) ;
#712 = ADVANCED_BREP_SHAPE_REPRESENTATION ( '', ( #693, #2178 ), #2805 ) ;
#713 = SURFACE_STYLE_FILL_AREA ( #1425 ) ;
#714 = DIRECTION ( 'NONE',  ( 1.000000000000000000, 0.0000000000000000000, 0.0000000000000000000 ) ) ;
#715 = CARTESIAN_POINT ( 'NONE',  ( 12.89524414132858965, 2.231469307523564982, -3.399733716353602997 ) ) ;
#716 = ORIENTED_EDGE ( 'NONE', *, *, #216, .F. ) ;
#717 = CARTESIAN_POINT ( 'NONE',  ( 12.89524414132858965, 1.971469307523565195, 3.399733716353602997 ) ) ;
#718 =( LENGTH_UNIT ( ) NAMED_UNIT ( * ) SI_UNIT ( .MILLI., .METRE. ) );
#719 = VECTOR ( 'NONE', #779, 1000.000000000000114 ) ;
#720 = FILL_AREA_STYLE ('',( #3336 ) ) ;
#721 = AXIS2_PLACEMENT_3D ( 'NONE', #3304, #4755, #211 ) ;
#722 = ORIENTED_EDGE ( 'NONE', *, *, #3185, .T. ) ;
#723 = UNCERTAINTY_MEASURE_WITH_UNIT (LENGTH_MEASURE( 1.000000000000000082E-05 ), #250, 'distance_accuracy_value', 'NONE');
#724 = DIRECTION ( 'NONE',  ( -1.000000000000000000, 3.012862999999999891E-32, -1.212034000000000064E-16 ) ) ;
#725 = LINE ( 'NONE', #2250, #4864 ) ;
#726 = DIRECTION ( 'NONE',  ( -1.000000000000000000, -0.0000000000000000000, -0.0000000000000000000 ) ) ;
#727 = AXIS2_PLACEMENT_3D ( 'NONE', #4877, #2644, #1097 ) ;
#728 = CARTESIAN_POINT ( 'NONE',  ( 12.89524414132858965, 0.0000000000000000000, 5.272214931251218317 ) ) ;
#729 = DIRECTION ( 'NONE',  ( -1.000000000000000000, -0.0000000000000000000, -0.0000000000000000000 ) ) ;
#730 = MANIFOLD_SOLID_BREP ( 'Imported1', #4282 ) ;
#731 =( GEOMETRIC_REPRESENTATION_CONTEXT ( 3 ) GLOBAL_UNCERTAINTY_ASSIGNED_CONTEXT ( ( #782 ) ) GLOBAL_UNIT_ASSIGNED_CONTEXT ( ( #3181, #157, #548 ) ) REPRESENTATION_CONTEXT ( 'NONE', 'WORKASPACE' ) );
#732 = SURFACE_STYLE_FILL_AREA ( #5 ) ;
#733 = CARTESIAN_POINT ( 'NONE',  ( 12.59524414132858894, 2.231469307523564094, -3.747107441190590915 ) ) ;
#734 = PRODUCT_RELATED_PRODUCT_CATEGORY ( 'part', '', ( #2664 ) ) ;
#735 = ADVANCED_FACE ( 'NONE', ( #3937 ), #3475, .T. ) ;
#736 = AXIS2_PLACEMENT_3D ( 'NONE', #963, #4807, #540 ) ;
#737 = LINE ( 'NONE', #680, #3134 ) ;
#738 = ORIENTED_EDGE ( 'NONE', *, *, #4582, .T. ) ;
#739 = CARTESIAN_POINT ( 'NONE',  ( 12.29524414132859000, 2.231469307523564982, -3.399733716353602997 ) ) ;
#740 = UNCERTAINTY_MEASURE_WITH_UNIT (LENGTH_MEASURE( 1.000000000000000082E-05 ), #2809, 'distance_accuracy_value', 'NONE');
#741 = PRESENTATION_LAYER_ASSIGNMENT (  '', '', ( #1928 ) ) ;
#742 = EDGE_CURVE ( 'NONE', #466, #3936, #2885, .T. ) ;
#743 = FILL_AREA_STYLE ('',( #307 ) ) ;
#744 =( GEOMETRIC_REPRESENTATION_CONTEXT ( 3 ) GLOBAL_UNCERTAINTY_ASSIGNED_CONTEXT ( ( #529 ) ) GLOBAL_UNIT_ASSIGNED_CONTEXT ( ( #3092, #97, #4612 ) ) REPRESENTATION_CONTEXT ( 'NONE', 'WORKASPACE' ) );
#745 = ORIENTED_EDGE ( 'NONE', *, *, #2237, .T. ) ;
#746 = CARTESIAN_POINT ( 'NONE',  ( 12.59524414132858894, 0.3286239326108429948, 3.982470904823191216 ) ) ;
#747 = AXIS2_PLACEMENT_3D ( 'NONE', #4843, #2529, #1462 ) ;
#748 = MECHANICAL_DESIGN_GEOMETRIC_PRESENTATION_REPRESENTATION (  '', ( #4387 ), #2106 ) ;
#749 = SURFACE_STYLE_USAGE ( .BOTH. , #3311 ) ;
#750 = PLANE ( 'NONE',  #3590 ) ;
#751 = VECTOR ( 'NONE', #2507, 1000.000000000000000 ) ;
#752 = LINE ( 'NONE', #3023, #4869 ) ;
#753 = DIRECTION ( 'NONE',  ( -1.000000000000000000, -4.951616000000000261E-17, -3.592136000000000158E-16 ) ) ;
#754 = DIRECTION ( 'NONE',  ( -1.000000000000000000, -4.951616000000000261E-17, 3.592136000000000158E-16 ) ) ;
#755 = COLOUR_RGB ( '',0.7450980392156862919, 0.7372549019607843590, 0.7294117647058823151 ) ;
#756 = VERTEX_POINT ( 'NONE', #200 ) ;
#757 =( LENGTH_UNIT ( ) NAMED_UNIT ( * ) SI_UNIT ( .MILLI., .METRE. ) );
#758 = DIRECTION ( 'NONE',  ( 0.0000000000000000000, -1.000000000000000000, 0.0000000000000000000 ) ) ;
#759 =( NAMED_UNIT ( * ) PLANE_ANGLE_UNIT ( ) SI_UNIT ( $, .RADIAN. ) );
#760 = CARTESIAN_POINT ( 'NONE',  ( 12.89524414132858965, 0.0000000000000000000, 4.341100996136219692 ) ) ;
#761 = VECTOR ( 'NONE', #1213, 1000.000000000000000 ) ;
#762 =( NAMED_UNIT ( * ) PLANE_ANGLE_UNIT ( ) SI_UNIT ( $, .RADIAN. ) );
#763 = CARTESIAN_POINT ( 'NONE',  ( 12.28524414132859022, 0.2600000000000000089, 4.351100996136220367 ) ) ;
#764 = PRESENTATION_STYLE_ASSIGNMENT (( #4552 ) ) ;
#765 = MECHANICAL_DESIGN_GEOMETRIC_PRESENTATION_REPRESENTATION (  '', ( #3214 ), #4634 ) ;
#766 = VERTEX_POINT ( 'NONE', #604 ) ;
#767 = CARTESIAN_POINT ( 'NONE',  ( -2.290000000000000924, 6.913123932535356884E-17, 3.250000000000000444 ) ) ;
#768 = VERTEX_POINT ( 'NONE', #2108 ) ;
#769 = ADVANCED_FACE ( 'NONE', ( #4023 ), #2154, .F. ) ;
#770 = PRODUCT ( 'User Library-PC817_Gullwing', 'User Library-PC817_Gullwing', '', ( #4886 ) ) ;
#771 = CARTESIAN_POINT ( 'NONE',  ( 12.59524414132858894, 0.9857346537617821536, -4.185974323802411412 ) ) ;
#772 = CARTESIAN_POINT ( 'NONE',  ( 12.29524414132859000, 0.3512844257252340507, 4.241481526327045337 ) ) ;
#773 = VERTEX_POINT ( 'NONE', #1040 ) ;
#774 = PRESENTATION_STYLE_ASSIGNMENT (( #2654 ) ) ;
#775 = EDGE_CURVE ( 'NONE', #534, #2821, #600, .T. ) ;
#776 = EDGE_CURVE ( 'NONE', #4371, #2161, #1386, .T. ) ;
#777 = LINE ( 'NONE', #4583, #878 ) ;
#778 =( NAMED_UNIT ( * ) PLANE_ANGLE_UNIT ( ) SI_UNIT ( $, .RADIAN. ) );
#779 = DIRECTION ( 'NONE',  ( -0.7071067811865474617, -0.0000000000000000000, -0.7071067811865474617 ) ) ;
#780 = MECHANICAL_DESIGN_GEOMETRIC_PRESENTATION_REPRESENTATION (  '', ( #3360 ), #1102 ) ;
#781 = DIRECTION ( 'NONE',  ( 1.000000000000000000, -3.104640950778811161E-17, 3.548620844869660172E-16 ) ) ;
#782 = UNCERTAINTY_MEASURE_WITH_UNIT (LENGTH_MEASURE( 1.000000000000000082E-05 ), #3181, 'distance_accuracy_value', 'NONE');
#783 = ORIENTED_EDGE ( 'NONE', *, *, #1445, .F. ) ;
#784 = MECHANICAL_DESIGN_GEOMETRIC_PRESENTATION_REPRESENTATION (  '', ( #3542 ), #2367 ) ;
#785 = DIRECTION ( 'NONE',  ( -0.0000000000000000000, -1.000000000000000000, 0.0000000000000000000 ) ) ;
#786 = CARTESIAN_POINT ( 'NONE',  ( 12.29524414132859000, 0.2600000000000000089, 4.341100996136219692 ) ) ;
#787 = FILL_AREA_STYLE_COLOUR ( '', #4156 ) ;
#788 = VERTEX_POINT ( 'NONE', #2474 ) ;
#789 =( LENGTH_UNIT ( ) NAMED_UNIT ( * ) SI_UNIT ( .MILLI., .METRE. ) );
#790 = UNCERTAINTY_MEASURE_WITH_UNIT (LENGTH_MEASURE( 1.000000000000000082E-05 ), #3145, 'distance_accuracy_value', 'NONE');
#791 = CARTESIAN_POINT ( 'NONE',  ( 12.59524414132858894, 1.902845374912722098, 4.105737532503619391 ) ) ;
#792 =( NAMED_UNIT ( * ) PLANE_ANGLE_UNIT ( ) SI_UNIT ( $, .RADIAN. ) );
#793 = PRODUCT_DEFINITION_CONTEXT ( 'detailed design', #3567, 'design' ) ;
#794 = AXIS2_PLACEMENT_3D ( 'NONE', #277, #3526, #2447 ) ;
#795 = CARTESIAN_POINT ( 'NONE',  ( 12.29524414132859000, 0.9630741606473910421, 3.926963702298556402 ) ) ;
#796 = EDGE_LOOP ( 'NONE', ( #2753, #3188, #3440, #4277 ) ) ;
#797 = CARTESIAN_POINT ( 'NONE',  ( 12.49524414132859107, 0.0000000000000000000, 5.272214931251218317 ) ) ;
#798 = ORIENTED_EDGE ( 'NONE', *, *, #2592, .T. ) ;
#799 =( GEOMETRIC_REPRESENTATION_CONTEXT ( 3 ) GLOBAL_UNCERTAINTY_ASSIGNED_CONTEXT ( ( #1051 ) ) GLOBAL_UNIT_ASSIGNED_CONTEXT ( ( #3114, #528, #978 ) ) REPRESENTATION_CONTEXT ( 'NONE', 'WORKASPACE' ) );
#800 = FACE_OUTER_BOUND ( 'NONE', #1913, .T. ) ;
#801 = FILL_AREA_STYLE ('',( #3049 ) ) ;
#802 = SHAPE_REPRESENTATION ( 'Gullwing Pin_MIR_MIR', ( #2178 ), #4706 ) ;
#803 = FILL_AREA_STYLE ('',( #4187 ) ) ;
#804 = CARTESIAN_POINT ( 'NONE',  ( 12.29524414132859000, 0.0000000000000000000, -4.341100996136219692 ) ) ;
#805 = VECTOR ( 'NONE', #2662, 1000.000000000000000 ) ;
#806 = VERTEX_POINT ( 'NONE', #182 ) ;
#807 = CARTESIAN_POINT ( 'NONE',  ( -2.291000000000000814, 1.550000000000000266, 2.250000000000000444 ) ) ;
#808 = LINE ( 'NONE', #4243, #4026 ) ;
#809 = DIRECTION ( 'NONE',  ( 0.0000000000000000000, -1.000000000000000000, 0.0000000000000000000 ) ) ;
#810 = CARTESIAN_POINT ( 'NONE',  ( 11.69524414132859036, 0.2600000000000001199, -4.872214931251217074 ) ) ;
#811 = EDGE_CURVE ( 'NONE', #15, #2201, #2548, .T. ) ;
#812 = EDGE_LOOP ( 'NONE', ( #1481, #1138, #2929, #3110, #68, #3550, #1666, #2140, #2408, #3529, #1384, #4748 ) ) ;
#813 = DIRECTION ( 'NONE',  ( 0.0000000000000000000, 0.9961946980917455452, 0.08715574274765734708 ) ) ;
#814 = CARTESIAN_POINT ( 'NONE',  ( 12.89524414132858965, 0.3599999999999999867, 4.341100996136219692 ) ) ;
#815 = ADVANCED_FACE ( 'NONE', ( #3675 ), #4046, .T. ) ;
#816 = SURFACE_STYLE_FILL_AREA ( #3886 ) ;
#817 = PRODUCT_DEFINITION_SHAPE ( 'NONE', 'NONE',  #4943 ) ;
#818 = VERTEX_POINT ( 'NONE', #4170 ) ;
#819 = FILL_AREA_STYLE_COLOUR ( '', #1615 ) ;
#820 = CARTESIAN_POINT ( 'NONE',  ( 12.89524414132859143, 1.880184881798330210, -3.846726910999764382 ) ) ;
#821 = EDGE_LOOP ( 'NONE', ( #3716, #2486 ) ) ;
#822 = CARTESIAN_POINT ( 'NONE',  ( 12.59524414132858894, 1.902845374912722098, -4.105737532503619391 ) ) ;
#823 = ORIENTED_EDGE ( 'NONE', *, *, #4067, .T. ) ;
#824 = COLOUR_RGB ( '',0.7450980392156862919, 0.7372549019607843590, 0.7294117647058823151 ) ;
#825 = SURFACE_STYLE_USAGE ( .BOTH. , #2242 ) ;
#826 = FILL_AREA_STYLE ('',( #1594 ) ) ;
#827 = MECHANICAL_DESIGN_GEOMETRIC_PRESENTATION_REPRESENTATION (  '', ( #2329 ), #2717 ) ;
#828 = ORIENTED_EDGE ( 'NONE', *, *, #2098, .T. ) ;
#829 = ORIENTED_EDGE ( 'NONE', *, *, #1960, .T. ) ;
#830 = COLOUR_RGB ( '',0.7450980392156862919, 0.7372549019607843590, 0.7294117647058823151 ) ;
#831 =( NAMED_UNIT ( * ) PLANE_ANGLE_UNIT ( ) SI_UNIT ( $, .RADIAN. ) );
#832 = DIRECTION ( 'NONE',  ( -1.000000000000000000, -0.0000000000000000000, -0.0000000000000000000 ) ) ;
#833 = STYLED_ITEM ( 'NONE', ( #2145 ), #1932 ) ;
#834 = DIRECTION ( 'NONE',  ( -0.0000000000000000000, -0.0000000000000000000, 1.000000000000000000 ) ) ;
#835 = ADVANCED_FACE ( 'NONE', ( #2226 ), #1875, .T. ) ;
#836 = ORIENTED_EDGE ( 'NONE', *, *, #2585, .F. ) ;
#837 =( GEOMETRIC_REPRESENTATION_CONTEXT ( 3 ) GLOBAL_UNCERTAINTY_ASSIGNED_CONTEXT ( ( #4396 ) ) GLOBAL_UNIT_ASSIGNED_CONTEXT ( ( #1899, #759, #3003 ) ) REPRESENTATION_CONTEXT ( 'NONE', 'WORKASPACE' ) );
#838 = CARTESIAN_POINT ( 'NONE',  ( 0.0000000000000000000, 1.750000000000000000, 2.775557999999999849E-16 ) ) ;
#839 = LINE ( 'NONE', #2429, #4751 ) ;
#840 = CARTESIAN_POINT ( 'NONE',  ( 12.28524414132859022, 0.2600000000000000089, 4.272214931251218317 ) ) ;
#841 = PRESENTATION_LAYER_ASSIGNMENT (  '', '', ( #1076 ) ) ;
#842 = DIRECTION ( 'NONE',  ( 0.0000000000000000000, 0.0000000000000000000, 1.000000000000000000 ) ) ;
#843 = DIRECTION ( 'NONE',  ( 0.0000000000000000000, 0.0000000000000000000, -1.000000000000000000 ) ) ;
#844 = CIRCLE ( 'NONE', #1549, 1.500000000000000000 ) ;
#845 = UNCERTAINTY_MEASURE_WITH_UNIT (LENGTH_MEASURE( 1.000000000000000082E-05 ), #2198, 'distance_accuracy_value', 'NONE');
#846 = EDGE_CURVE ( 'NONE', #4181, #34, #4145, .T. ) ;
#847 = PLANE ( 'NONE',  #3975 ) ;
#848 = CARTESIAN_POINT ( 'NONE',  ( 1.836970198721029934E-16, -1.650000000000000355, -1.500000000000000000 ) ) ;
#849 = CIRCLE ( 'NONE', #2035, 0.1000000000000002554 ) ;
#850 = VERTEX_POINT ( 'NONE', #4100 ) ;
#851 = VECTOR ( 'NONE', #2997, 1000.000000000000000 ) ;
#852 = ORIENTED_EDGE ( 'NONE', *, *, #4009, .F. ) ;
#853 = ADVANCED_FACE ( 'NONE', ( #584 ), #4916, .F. ) ;
#854 = CIRCLE ( 'NONE', #1168, 0.09999999999999896472 ) ;
#855 = VERTEX_POINT ( 'NONE', #3901 ) ;
#856 =( LENGTH_UNIT ( ) NAMED_UNIT ( * ) SI_UNIT ( .MILLI., .METRE. ) );
#857 = ORIENTED_EDGE ( 'NONE', *, *, #2230, .F. ) ;
#858 = DIRECTION ( 'NONE',  ( -1.000000000000000000, 3.081226560489652748E-17, -3.521858074305425477E-16 ) ) ;
#859 =( NAMED_UNIT ( * ) SI_UNIT ( $, .STERADIAN. ) SOLID_ANGLE_UNIT ( ) );
#860 = LINE ( 'NONE', #368, #1982 ) ;
#861 = EDGE_LOOP ( 'NONE', ( #301, #4707, #3563, #91 ) ) ;
#862 = FILL_AREA_STYLE ('',( #2705 ) ) ;
#863 = SURFACE_STYLE_FILL_AREA ( #1653 ) ;
#864 = DIRECTION ( 'NONE',  ( 0.0000000000000000000, -1.000000000000000000, 0.0000000000000000000 ) ) ;
#865 =( GEOMETRIC_REPRESENTATION_CONTEXT ( 3 ) GLOBAL_UNCERTAINTY_ASSIGNED_CONTEXT ( ( #1344 ) ) GLOBAL_UNIT_ASSIGNED_CONTEXT ( ( #2868, #3632, #1394 ) ) REPRESENTATION_CONTEXT ( 'NONE', 'WORKASPACE' ) );
#866 = DIRECTION ( 'NONE',  ( -0.0000000000000000000, 0.0000000000000000000, 1.000000000000000000 ) ) ;
#867 = ORIENTED_EDGE ( 'NONE', *, *, #3157, .F. ) ;
#868 =( LENGTH_UNIT ( ) NAMED_UNIT ( * ) SI_UNIT ( .MILLI., .METRE. ) );
#869 = FILL_AREA_STYLE_COLOUR ( '', #824 ) ;
#870 = ADVANCED_FACE ( 'NONE', ( #4639, #913 ), #126, .T. ) ;
#872 = EDGE_CURVE ( 'NONE', #4508, #3378, #4771, .T. ) ;
#871 = CIRCLE ( 'NONE', #3225, 0.3599999999999987654 ) ;
#873 = CARTESIAN_POINT ( 'NONE',  ( 12.28524414132859022, 0.2600000000000000089, 4.351100996136220367 ) ) ;
#874 = ORIENTED_EDGE ( 'NONE', *, *, #992, .T. ) ;
#875 = CARTESIAN_POINT ( 'NONE',  ( 12.89524414132859320, 1.971469307523565195, -3.399733716353602997 ) ) ;
#876 = ORIENTED_EDGE ( 'NONE', *, *, #3218, .T. ) ;
#877 = CARTESIAN_POINT ( 'NONE',  ( 12.29524414132859000, 0.0000000000000000000, -4.341100996136219692 ) ) ;
#878 = VECTOR ( 'NONE', #2292, 1000.000000000000000 ) ;
#879 = CARTESIAN_POINT ( 'NONE',  ( 12.09524414132859249, 0.2600000000000000644, -5.272214931251218317 ) ) ;
#880 = DIRECTION ( 'NONE',  ( 1.000000000000000000, 4.951616000000000261E-17, -3.592136000000000158E-16 ) ) ;
#881 = EDGE_CURVE ( 'NONE', #2847, #499, #3931, .T. ) ;
#882 = ORIENTED_EDGE ( 'NONE', *, *, #2708, .F. ) ;
#883 = PRESENTATION_STYLE_ASSIGNMENT (( #2799 ) ) ;
#884 = ORIENTED_EDGE ( 'NONE', *, *, #909, .F. ) ;
#885 = VECTOR ( 'NONE', #513, 1000.000000000000000 ) ;
#886 =( NAMED_UNIT ( * ) PLANE_ANGLE_UNIT ( ) SI_UNIT ( $, .RADIAN. ) );
#887 = CARTESIAN_POINT ( 'NONE',  ( 11.69524414132859036, 0.2600000000000000089, 4.272214931251218317 ) ) ;
#888 = LINE ( 'NONE', #2295, #615 ) ;
#889 = UNCERTAINTY_MEASURE_WITH_UNIT (LENGTH_MEASURE( 1.000000000000000082E-05 ), #1414, 'distance_accuracy_value', 'NONE');
#890 = PRESENTATION_STYLE_ASSIGNMENT (( #3449 ) ) ;
#891 =( NAMED_UNIT ( * ) PLANE_ANGLE_UNIT ( ) SI_UNIT ( $, .RADIAN. ) );
#892 = ORIENTED_EDGE ( 'NONE', *, *, #1120, .T. ) ;
#893 = DIRECTION ( 'NONE',  ( 0.0000000000000000000, -0.9961946980917455452, -0.08715574274765795770 ) ) ;
#894 = VECTOR ( 'NONE', #1135, 1000.000000000000000 ) ;
#895 = UNCERTAINTY_MEASURE_WITH_UNIT (LENGTH_MEASURE( 1.000000000000000082E-05 ), #3033, 'distance_accuracy_value', 'NONE');
#896 = FILL_AREA_STYLE ('',( #819 ) ) ;
#897 = CARTESIAN_POINT ( 'NONE',  ( 12.29524414132859000, 1.971469307523565195, -3.399733716353602997 ) ) ;
#898 =( NAMED_UNIT ( * ) SI_UNIT ( $, .STERADIAN. ) SOLID_ANGLE_UNIT ( ) );
#899 = CARTESIAN_POINT ( 'NONE',  ( 12.89524414132858965, 2.231469307523564982, 3.399733716353602997 ) ) ;
#900 = EDGE_LOOP ( 'NONE', ( #1038, #1202, #4534, #3897 ) ) ;
#901 = LINE ( 'NONE', #4207, #1957 ) ;
#902 = ORIENTED_EDGE ( 'NONE', *, *, #2330, .F. ) ;
#903 = CARTESIAN_POINT ( 'NONE',  ( -2.188500532296694612, 1.184160456538574158, 3.148500532296693244 ) ) ;
#904 = ADVANCED_FACE ( 'NONE', ( #3448 ), #2738, .T. ) ;
#905 = CARTESIAN_POINT ( 'NONE',  ( 12.29524414132859000, 1.971469307523565195, 3.399733716353602997 ) ) ;
#906 = VECTOR ( 'NONE', #724, 1000.000000000000000 ) ;
#907 = ORIENTED_EDGE ( 'NONE', *, *, #2330, .T. ) ;
#908 = ORIENTED_EDGE ( 'NONE', *, *, #514, .F. ) ;
#909 = EDGE_CURVE ( 'NONE', #3586, #3685, #454, .T. ) ;
#910 = DIRECTION ( 'NONE',  ( 1.000000000000000000, -0.0000000000000000000, -0.0000000000000000000 ) ) ;
#911 = AXIS2_PLACEMENT_3D ( 'NONE', #3087, #4560, #3841 ) ;
#912 = CARTESIAN_POINT ( 'NONE',  ( 2.171357675153835487, -1.384160456538574113, 3.131357675153835007 ) ) ;
#913 = FACE_OUTER_BOUND ( 'NONE', #4099, .T. ) ;
#914 = CIRCLE ( 'NONE', #3913, 0.1000000000000002554 ) ;
#915 = SURFACE_STYLE_USAGE ( .BOTH. , #2810 ) ;
#916 = VECTOR ( 'NONE', #58, 1000.000000000000000 ) ;
#917 = PLANE ( 'NONE',  #2621 ) ;
#918 = PRESENTATION_LAYER_ASSIGNMENT (  '', '', ( #1625 ) ) ;
#919 = DIRECTION ( 'NONE',  ( 1.000000000000000000, -3.104640950778811161E-17, -3.548620844869660172E-16 ) ) ;
#920 = ORIENTED_EDGE ( 'NONE', *, *, #2456, .T. ) ;
#921 = LINE ( 'NONE', #1585, #4101 ) ;
#922 = MECHANICAL_DESIGN_GEOMETRIC_PRESENTATION_REPRESENTATION (  '', ( #3039 ), #2421 ) ;
#923 = DIRECTION ( 'NONE',  ( -1.000000000000000000, 0.0000000000000000000, 0.0000000000000000000 ) ) ;
#924 = FACE_OUTER_BOUND ( 'NONE', #2074, .T. ) ;
#925 = COLOUR_RGB ( '',0.7450980392156862919, 0.7372549019607843590, 0.7294117647058823151 ) ;
#926 = STYLED_ITEM ( 'NONE', ( #2221 ), #1723 ) ;
#927 = SURFACE_STYLE_USAGE ( .BOTH. , #2089 ) ;
#928 = ORIENTED_EDGE ( 'NONE', *, *, #476, .F. ) ;
#929 = CARTESIAN_POINT ( 'NONE',  ( 12.59524414132858894, 1.871469307523565107, 3.747107441190590027 ) ) ;
#930 = ORIENTED_EDGE ( 'NONE', *, *, #3894, .T. ) ;
#931 =( GEOMETRIC_REPRESENTATION_CONTEXT ( 3 ) GLOBAL_UNCERTAINTY_ASSIGNED_CONTEXT ( ( #390 ) ) GLOBAL_UNIT_ASSIGNED_CONTEXT ( ( #2373, #2005, #4643 ) ) REPRESENTATION_CONTEXT ( 'NONE', 'WORKASPACE' ) );
#932 = VECTOR ( 'NONE', #4513, 1000.000000000000227 ) ;
#933 = DIRECTION ( 'NONE',  ( -1.000000000000000000, -0.0000000000000000000, 0.0000000000000000000 ) ) ;
#934 = MECHANICAL_DESIGN_GEOMETRIC_PRESENTATION_REPRESENTATION (  '', ( #2513 ), #1791 ) ;
#935 = ORIENTED_EDGE ( 'NONE', *, *, #3431, .T. ) ;
#936 = ADVANCED_FACE ( 'NONE', ( #4271 ), #4589, .F. ) ;
#937 = ORIENTED_EDGE ( 'NONE', *, *, #3730, .F. ) ;
#938 = VECTOR ( 'NONE', #1811, 1000.000000000000000 ) ;
#939 = SURFACE_STYLE_USAGE ( .BOTH. , #3565 ) ;
#940 = ADVANCED_FACE ( 'NONE', ( #2605 ), #3729, .T. ) ;
#941 = CARTESIAN_POINT ( 'NONE',  ( 11.69524414132859214, 0.2600000000000000644, 4.872214931251217962 ) ) ;
#942 = FILL_AREA_STYLE ('',( #2808 ) ) ;
#943 = FACE_OUTER_BOUND ( 'NONE', #4765, .T. ) ;
#944 = CARTESIAN_POINT ( 'NONE',  ( 11.69524414132859036, 0.2600000000000000089, -4.272214931251218317 ) ) ;
#945 = CARTESIAN_POINT ( 'NONE',  ( 12.29524414132859000, 1.880184881798330654, -3.846726910999764382 ) ) ;
#946 = ORIENTED_EDGE ( 'NONE', *, *, #140, .T. ) ;
#947 = UNCERTAINTY_MEASURE_WITH_UNIT (LENGTH_MEASURE( 1.000000000000000082E-05 ), #3265, 'distance_accuracy_value', 'NONE');
#948 = LINE ( 'NONE', #4647, #1704 ) ;
#949 = ITEM_DEFINED_TRANSFORMATION ( 'NONE', 'NONE', #3271,  #2178 ) ;
#950 = DIRECTION ( 'NONE',  ( -1.000000000000000000, -0.0000000000000000000, 0.0000000000000000000 ) ) ;
#951 = CARTESIAN_POINT ( 'NONE',  ( 12.29524414132859000, 2.231469307523564094, 4.099733716353602730 ) ) ;
#952 = CARTESIAN_POINT ( 'NONE',  ( 12.89524414132858965, 0.2600000000000000644, 4.872214931251217962 ) ) ;
#953 = PLANE ( 'NONE',  #4447 ) ;
#954 = DIRECTION ( 'NONE',  ( 0.0000000000000000000, -1.807003620809180105E-15, 1.000000000000000000 ) ) ;
#955 = PRESENTATION_LAYER_ASSIGNMENT (  '', '', ( #2532 ) ) ;
#956 = ORIENTED_EDGE ( 'NONE', *, *, #2200, .T. ) ;
#957 = DIRECTION ( 'NONE',  ( 0.0000000000000000000, 0.0000000000000000000, 1.000000000000000000 ) ) ;
#958 = SURFACE_STYLE_USAGE ( .BOTH. , #1337 ) ;
#959 = MECHANICAL_DESIGN_GEOMETRIC_PRESENTATION_REPRESENTATION (  '', ( #4190 ), #1280 ) ;
#960 = FILL_AREA_STYLE_COLOUR ( '', #2370 ) ;
#961 = VECTOR ( 'NONE', #3107, 1000.000000000000000 ) ;
#962 = PRODUCT_RELATED_PRODUCT_CATEGORY ( 'part', '', ( #2316 ) ) ;
#963 = CARTESIAN_POINT ( 'NONE',  ( 0.0000000000000000000, -10.43771546495395164, 0.0000000000000000000 ) ) ;
#964 = EDGE_CURVE ( 'NONE', #4188, #2473, #3812, .T. ) ;
#965 = CARTESIAN_POINT ( 'NONE',  ( -3.012863000000000233E-33, 1.649999999999999911, 2.775557999999999849E-16 ) ) ;
#966 = CARTESIAN_POINT ( 'NONE',  ( 0.0000000000000000000, -1.650000000000000355, 0.0000000000000000000 ) ) ;
#967 = AXIS2_PLACEMENT_3D ( 'NONE', #2571, #605, #2549 ) ;
#968 = EDGE_LOOP ( 'NONE', ( #3680, #970, #1985, #269, #659, #1091, #1630, #4340, #1147, #4011 ) ) ;
#969 =( NAMED_UNIT ( * ) PLANE_ANGLE_UNIT ( ) SI_UNIT ( $, .RADIAN. ) );
#970 = ORIENTED_EDGE ( 'NONE', *, *, #4805, .F. ) ;
#971 = ADVANCED_FACE ( 'NONE', ( #2214 ), #1311, .T. ) ;
#972 = SURFACE_SIDE_STYLE ('',( #1412 ) ) ;
#973 = CARTESIAN_POINT ( 'NONE',  ( 12.29524414132859000, 1.971469307523565195, 3.399733716353602997 ) ) ;
#974 = CARTESIAN_POINT ( 'NONE',  ( 12.29524414132859000, 0.2600000000000000089, -4.341100996136219692 ) ) ;
#975 = CLOSED_SHELL ( 'NONE', ( #3979, #1893, #1740, #1144, #3825, #971, #3814, #2647, #940, #3621, #815, #710, #3008, #1444, #3251, #160, #1415, #2171, #3794, #4561 ) ) ;
#976 = ORIENTED_EDGE ( 'NONE', *, *, #2033, .F. ) ;
#977 = DIRECTION ( 'NONE',  ( 0.0000000000000000000, -0.0000000000000000000, 1.000000000000000000 ) ) ;
#978 =( NAMED_UNIT ( * ) SI_UNIT ( $, .STERADIAN. ) SOLID_ANGLE_UNIT ( ) );
#979 =( NAMED_UNIT ( * ) SI_UNIT ( $, .STERADIAN. ) SOLID_ANGLE_UNIT ( ) );
#980 = ORIENTED_EDGE ( 'NONE', *, *, #4010, .F. ) ;
#981 = MECHANICAL_DESIGN_GEOMETRIC_PRESENTATION_REPRESENTATION (  '', ( #4293 ), #1298 ) ;
#982 = UNCERTAINTY_MEASURE_WITH_UNIT (LENGTH_MEASURE( 1.000000000000000082E-05 ), #4258, 'distance_accuracy_value', 'NONE');
#983 = DIRECTION ( 'NONE',  ( -0.0000000000000000000, -0.0000000000000000000, -1.000000000000000000 ) ) ;
#984 =( NAMED_UNIT ( * ) SI_UNIT ( $, .STERADIAN. ) SOLID_ANGLE_UNIT ( ) );
#985 = PRESENTATION_LAYER_ASSIGNMENT (  '', '', ( #3101 ) ) ;
#986 = DIRECTION ( 'NONE',  ( 0.0000000000000000000, -0.0000000000000000000, -1.000000000000000000 ) ) ;
#987 =( NAMED_UNIT ( * ) SI_UNIT ( $, .STERADIAN. ) SOLID_ANGLE_UNIT ( ) );
#988 = PLANE ( 'NONE',  #3172 ) ;
#989 = AXIS2_PLACEMENT_3D ( 'NONE', #4248, #1580, #1652 ) ;
#990 = ORIENTED_EDGE ( 'NONE', *, *, #3388, .T. ) ;
#991 = CARTESIAN_POINT ( 'NONE',  ( 12.29524414132859000, 0.0000000000000000000, -4.351100996136220367 ) ) ;
#992 = EDGE_CURVE ( 'NONE', #12, #4188, #4910, .T. ) ;
#993 = APPLICATION_CONTEXT ( 'automotive_design' ) ;
#994 = UNCERTAINTY_MEASURE_WITH_UNIT (LENGTH_MEASURE( 1.000000000000000082E-05 ), #1361, 'distance_accuracy_value', 'NONE');
#995 = ORIENTED_EDGE ( 'NONE', *, *, #4733, .F. ) ;
#996 = STYLED_ITEM ( 'NONE', ( #1329 ), #1085 ) ;
#997 = CARTESIAN_POINT ( 'NONE',  ( -2.140000000000000568, -1.750000000000000222, 2.732819015537133911 ) ) ;
#998 = FACE_OUTER_BOUND ( 'NONE', #796, .T. ) ;
#999 = VECTOR ( 'NONE', #1157, 1000.000000000000000 ) ;
#1000 = CARTESIAN_POINT ( 'NONE',  ( 12.49524414132859107, 0.0000000000000000000, 5.272214931251217429 ) ) ;
#1001 = LINE ( 'NONE', #1688, #751 ) ;
#1002 = ORIENTED_EDGE ( 'NONE', *, *, #3521, .F. ) ;
#1003 = ADVANCED_FACE ( 'NONE', ( #3437 ), #1151, .T. ) ;
#1004 = PRODUCT_DEFINITION_FORMATION_WITH_SPECIFIED_SOURCE ( 'ANY', '', #3095, .NOT_KNOWN. ) ;
#1005 = CARTESIAN_POINT ( 'NONE',  ( 12.09524414132859249, 0.0000000000000000000, -5.272214931251217429 ) ) ;
#1006 = PRESENTATION_STYLE_ASSIGNMENT (( #2139 ) ) ;
#1007 = CIRCLE ( 'NONE', #586, 0.1000000000000002554 ) ;
#1008 = ORIENTED_EDGE ( 'NONE', *, *, #703, .T. ) ;
#1009 = DIRECTION ( 'NONE',  ( -0.0000000000000000000, -1.000000000000000000, 0.0000000000000000000 ) ) ;
#1010 = ADVANCED_FACE ( 'NONE', ( #14 ), #2263, .F. ) ;
#1011 = STYLED_ITEM ( 'NONE', ( #4548 ), #2351 ) ;
#1012 =( GEOMETRIC_REPRESENTATION_CONTEXT ( 3 ) GLOBAL_UNCERTAINTY_ASSIGNED_CONTEXT ( ( #2860 ) ) GLOBAL_UNIT_ASSIGNED_CONTEXT ( ( #1768, #2521, #4812 ) ) REPRESENTATION_CONTEXT ( 'NONE', 'WORKASPACE' ) );
#1013 = VECTOR ( 'NONE', #4913, 1000.000000000000114 ) ;
#1014 = LINE ( 'NONE', #596, #2802 ) ;
#1015 = CARTESIAN_POINT ( 'NONE',  ( 12.29524414132859000, 1.971469307523565195, -3.399733716353602997 ) ) ;
#1016 = COLOUR_RGB ( '',0.7450980392156862919, 0.7372549019607843590, 0.7294117647058823151 ) ;
#1017 = VERTEX_POINT ( 'NONE', #331 ) ;
#1018 = DIRECTION ( 'NONE',  ( 0.0000000000000000000, -1.000000000000000000, -0.0000000000000000000 ) ) ;
#1019 = ORIENTED_EDGE ( 'NONE', *, *, #2512, .T. ) ;
#1020 = SURFACE_SIDE_STYLE ('',( #2931 ) ) ;
#1021 =( LENGTH_UNIT ( ) NAMED_UNIT ( * ) SI_UNIT ( .MILLI., .METRE. ) );
#1022 = ORIENTED_EDGE ( 'NONE', *, *, #1113, .T. ) ;
#1023 = FILL_AREA_STYLE_COLOUR ( '', #3867 ) ;
#1024 = DIRECTION ( 'NONE',  ( 1.000000000000000000, 0.0000000000000000000, -0.0000000000000000000 ) ) ;
#1025 =( LENGTH_UNIT ( ) NAMED_UNIT ( * ) SI_UNIT ( .MILLI., .METRE. ) );
#1026 = ADVANCED_FACE ( 'NONE', ( #4934 ), #1543, .F. ) ;
#1027 = PRESENTATION_LAYER_ASSIGNMENT (  '', '', ( #4342 ) ) ;
#1028 = ORIENTED_EDGE ( 'NONE', *, *, #1152, .T. ) ;
#1029 = EDGE_CURVE ( 'NONE', #2212, #3836, #2490, .T. ) ;
#1030 = LINE ( 'NONE', #632, #398 ) ;
#1031 = SURFACE_STYLE_FILL_AREA ( #1404 ) ;
#1032 = COLOUR_RGB ( '',0.2705882352941176294, 0.2705882352941176294, 0.2705882352941176294 ) ;
#1033 = MECHANICAL_DESIGN_GEOMETRIC_PRESENTATION_REPRESENTATION (  '', ( #4422 ), #191 ) ;
#1034 = FACE_OUTER_BOUND ( 'NONE', #3515, .T. ) ;
#1035 = ORIENTED_EDGE ( 'NONE', *, *, #3461, .F. ) ;
#1036 = DIRECTION ( 'NONE',  ( 0.0000000000000000000, 0.0000000000000000000, 1.000000000000000000 ) ) ;
#1037 = AXIS2_PLACEMENT_3D ( 'NONE', #4420, #642, #1433 ) ;
#1038 = ORIENTED_EDGE ( 'NONE', *, *, #2745, .T. ) ;
#1039 = UNCERTAINTY_MEASURE_WITH_UNIT (LENGTH_MEASURE( 1.000000000000000082E-05 ), #667, 'distance_accuracy_value', 'NONE');
#1040 = CARTESIAN_POINT ( 'NONE',  ( 11.69524414132859036, 0.2600000000000000089, -4.272214931251218317 ) ) ;
#1041 = DIRECTION ( 'NONE',  ( 0.0000000000000000000, 0.0000000000000000000, 1.000000000000000000 ) ) ;
#1042 = MECHANICAL_DESIGN_GEOMETRIC_PRESENTATION_REPRESENTATION (  '', ( #1595 ), #4587 ) ;
#1043 = SURFACE_SIDE_STYLE ('',( #3252 ) ) ;
#1044 = DIRECTION ( 'NONE',  ( -0.9963466490417509647, -0.08540114134643600474, -1.701795000000000026E-16 ) ) ;
#1045 = CARTESIAN_POINT ( 'NONE',  ( 11.69524414132859214, 0.0000000000000000000, -4.872214931251216186 ) ) ;
#1046 = SURFACE_STYLE_USAGE ( .BOTH. , #2823 ) ;
#1047 = DIRECTION ( 'NONE',  ( 1.000000000000000000, 4.951616000000000261E-17, 3.592136000000000158E-16 ) ) ;
#1048 = COLOUR_RGB ( '',0.7450980392156862919, 0.7372549019607843590, 0.7294117647058823151 ) ;
#1049 = SURFACE_STYLE_USAGE ( .BOTH. , #1423 ) ;
#1050 = PLANE ( 'NONE',  #1283 ) ;
#1051 = UNCERTAINTY_MEASURE_WITH_UNIT (LENGTH_MEASURE( 1.000000000000000082E-05 ), #3114, 'distance_accuracy_value', 'NONE');
#1052 = DIRECTION ( 'NONE',  ( 0.0000000000000000000, 0.0000000000000000000, -1.000000000000000000 ) ) ;
#1053 = LINE ( 'NONE', #2628, #1150 ) ;
#1054 = MECHANICAL_DESIGN_GEOMETRIC_PRESENTATION_REPRESENTATION (  '', ( #2088 ), #4604 ) ;
#1055 = CARTESIAN_POINT ( 'NONE',  ( 12.59524414132858894, 1.902845374912722098, -4.105737532503619391 ) ) ;
#1056 = EDGE_CURVE ( 'NONE', #4361, #499, #4853, .T. ) ;
#1057 = CARTESIAN_POINT ( 'NONE',  ( 12.89524414132858965, 0.0000000000000000000, -4.872214931251217962 ) ) ;
#1058 = LINE ( 'NONE', #1015, #4554 ) ;
#1059 = SURFACE_STYLE_FILL_AREA ( #2879 ) ;
#1060 = STYLED_ITEM ( 'NONE', ( #4306 ), #730 ) ;
#1061 = EDGE_CURVE ( 'NONE', #3725, #3769, #3895, .T. ) ;
#1062 = ORIENTED_EDGE ( 'NONE', *, *, #2456, .F. ) ;
#1063 =( LENGTH_UNIT ( ) NAMED_UNIT ( * ) SI_UNIT ( .MILLI., .METRE. ) );
#1064 = CARTESIAN_POINT ( 'NONE',  ( 12.29524414132859000, 0.3512844257252341618, -4.241481526327046225 ) ) ;
#1065 = CARTESIAN_POINT ( 'NONE',  ( 11.69524414132859036, 0.2600000000000000089, 4.272214931251218317 ) ) ;
#1066 = PLANE ( 'NONE',  #1246 ) ;
#1067 = AXIS2_PLACEMENT_3D ( 'NONE', #2993, #1937, #4505 ) ;
#1068 = SURFACE_STYLE_USAGE ( .BOTH. , #4426 ) ;
#1069 = SURFACE_SIDE_STYLE ('',( #4030 ) ) ;
#1070 = COLOUR_RGB ( '',0.7450980392156862919, 0.7372549019607843590, 0.7294117647058823151 ) ;
#1071 = STYLED_ITEM ( 'NONE', ( #3372 ), #1205 ) ;
#1072 = CARTESIAN_POINT ( 'NONE',  ( 12.59524414132858894, 1.871469307523565107, -3.747107441190590027 ) ) ;
#1073 = AXIS2_PLACEMENT_3D ( 'NONE', #1701, #809, #3411 ) ;
#1074 = ORIENTED_EDGE ( 'NONE', *, *, #3333, .T. ) ;
#1075 =( GEOMETRIC_REPRESENTATION_CONTEXT ( 3 ) GLOBAL_UNCERTAINTY_ASSIGNED_CONTEXT ( ( #1964 ) ) GLOBAL_UNIT_ASSIGNED_CONTEXT ( ( #3525, #4665, #1654 ) ) REPRESENTATION_CONTEXT ( 'NONE', 'WORKASPACE' ) );
#1076 = STYLED_ITEM ( 'NONE', ( #3083 ), #4797 ) ;
#1077 = DIRECTION ( 'NONE',  ( -0.08509140416961019637, 0.9927330486454493119, -0.08509140416961019637 ) ) ;
#1078 = EDGE_CURVE ( 'NONE', #1124, #131, #4656, .T. ) ;
#1079 = VECTOR ( 'NONE', #4394, 1000.000000000000000 ) ;
#1080 = ORIENTED_EDGE ( 'NONE', *, *, #102, .F. ) ;
#1081 = CARTESIAN_POINT ( 'NONE',  ( 12.59524414132858894, 1.871469307523565107, -3.747107441190590027 ) ) ;
#1082 = LINE ( 'NONE', #3359, #2916 ) ;
#1083 = DIRECTION ( 'NONE',  ( 0.7071067811865474617, 0.0000000000000000000, -0.7071067811865474617 ) ) ;
#1084 = CYLINDRICAL_SURFACE ( 'NONE', #3435, 0.1000000000000002554 ) ;
#1085 = ADVANCED_FACE ( 'NONE', ( #1350 ), #2412, .F. ) ;
#1086 = EDGE_CURVE ( 'NONE', #603, #1250, #1692, .T. ) ;
#1087 = CARTESIAN_POINT ( 'NONE',  ( 12.29524414132859000, 0.0000000000000000000, 4.341100996136219692 ) ) ;
#1088 = PRESENTATION_LAYER_ASSIGNMENT (  '', '', ( #4162 ) ) ;
#1089 = ORIENTED_EDGE ( 'NONE', *, *, #4037, .F. ) ;
#1090 = UNCERTAINTY_MEASURE_WITH_UNIT (LENGTH_MEASURE( 1.000000000000000082E-05 ), #1436, 'distance_accuracy_value', 'NONE');
#1091 = ORIENTED_EDGE ( 'NONE', *, *, #3041, .T. ) ;
#1092 = VECTOR ( 'NONE', #3916, 1000.000000000000000 ) ;
#1093 = DIRECTION ( 'NONE',  ( -0.0000000000000000000, -1.000000000000000000, 0.0000000000000000000 ) ) ;
#1094 = CARTESIAN_POINT ( 'NONE',  ( -2.157142857142857473, 1.550000000000000266, 2.749961872679993036 ) ) ;
#1095 = FACE_OUTER_BOUND ( 'NONE', #1114, .T. ) ;
#1096 = DIRECTION ( 'NONE',  ( 0.0000000000000000000, 0.0000000000000000000, -1.000000000000000000 ) ) ;
#1097 = DIRECTION ( 'NONE',  ( 0.0000000000000000000, 0.0000000000000000000, -1.000000000000000000 ) ) ;
#1098 = PLANE ( 'NONE',  #4270 ) ;
#1099 = LINE ( 'NONE', #2965, #4479 ) ;
#1100 = ORIENTED_EDGE ( 'NONE', *, *, #439, .T. ) ;
#1101 =( LENGTH_UNIT ( ) NAMED_UNIT ( * ) SI_UNIT ( .MILLI., .METRE. ) );
#1102 =( GEOMETRIC_REPRESENTATION_CONTEXT ( 3 ) GLOBAL_UNCERTAINTY_ASSIGNED_CONTEXT ( ( #2085 ) ) GLOBAL_UNIT_ASSIGNED_CONTEXT ( ( #467, #4311, #3065 ) ) REPRESENTATION_CONTEXT ( 'NONE', 'WORKASPACE' ) );
#1103 = CARTESIAN_POINT ( 'NONE',  ( 2.171357675153837263, -1.384160456538574113, -3.131357675153836340 ) ) ;
#1104 = ORIENTED_EDGE ( 'NONE', *, *, #2771, .F. ) ;
#1105 = DIRECTION ( 'NONE',  ( -1.000000000000000000, 0.0000000000000000000, 0.0000000000000000000 ) ) ;
#1106 =( GEOMETRIC_REPRESENTATION_CONTEXT ( 3 ) GLOBAL_UNCERTAINTY_ASSIGNED_CONTEXT ( ( #4492 ) ) GLOBAL_UNIT_ASSIGNED_CONTEXT ( ( #2058, #969, #2450 ) ) REPRESENTATION_CONTEXT ( 'NONE', 'WORKASPACE' ) );
#1107 = DIRECTION ( 'NONE',  ( 1.000000000000000000, 4.951616000000000261E-17, -3.592136000000000158E-16 ) ) ;
#1108 = STYLED_ITEM ( 'NONE', ( #4834 ), #4058 ) ;
#1109 = SURFACE_STYLE_FILL_AREA ( #720 ) ;
#1110 = ORIENTED_EDGE ( 'NONE', *, *, #3618, .F. ) ;
#1111 = DIRECTION ( 'NONE',  ( 0.7071067811865474617, 0.0000000000000000000, -0.7071067811865474617 ) ) ;
#1112 = PRODUCT_DEFINITION ( 'UNKNOWN', '', #2425, #3700 ) ;
#1113 = EDGE_CURVE ( 'NONE', #3247, #525, #2334, .T. ) ;
#1114 = EDGE_LOOP ( 'NONE', ( #3696, #2826, #2608, #4448 ) ) ;
#1115 = DIRECTION ( 'NONE',  ( 0.0000000000000000000, 0.0000000000000000000, -1.000000000000000000 ) ) ;
#1116 = LINE ( 'NONE', #1558, #4072 ) ;
#1117 =( LENGTH_UNIT ( ) NAMED_UNIT ( * ) SI_UNIT ( .MILLI., .METRE. ) );
#1118 = ORIENTED_EDGE ( 'NONE', *, *, #188, .F. ) ;
#1119 = LINE ( 'NONE', #2576, #2055 ) ;
#1120 = EDGE_CURVE ( 'NONE', #3711, #506, #2385, .T. ) ;
#1121 = DIRECTION ( 'NONE',  ( 0.0000000000000000000, 0.0000000000000000000, 1.000000000000000000 ) ) ;
#1122 = DIRECTION ( 'NONE',  ( -3.535310999999998490E-16, -0.08715574274765795770, 0.9961946980917455452 ) ) ;
#1123 = DIRECTION ( 'NONE',  ( -0.0000000000000000000, -1.000000000000000000, -0.0000000000000000000 ) ) ;
#1124 = VERTEX_POINT ( 'NONE', #2115 ) ;
#1125 = UNCERTAINTY_MEASURE_WITH_UNIT (LENGTH_MEASURE( 1.000000000000000082E-05 ), #3335, 'distance_accuracy_value', 'NONE');
#1126 = SURFACE_STYLE_USAGE ( .BOTH. , #4240 ) ;
#1127 = DIRECTION ( 'NONE',  ( -1.000000000000000000, 0.0000000000000000000, 0.0000000000000000000 ) ) ;
#1128 = CARTESIAN_POINT ( 'NONE',  ( 12.89524414132859143, 1.902845374912722098, -4.105737532503618503 ) ) ;
#1129 = VERTEX_POINT ( 'NONE', #2484 ) ;
#1130 = DIRECTION ( 'NONE',  ( -0.0000000000000000000, -1.000000000000000000, -0.0000000000000000000 ) ) ;
#1131 = CIRCLE ( 'NONE', #1520, 0.3599999999999987654 ) ;
#1132 = CARTESIAN_POINT ( 'NONE',  ( 12.49524414132859107, 0.0000000000000000000, -5.272214931251218317 ) ) ;
#1133 = LINE ( 'NONE', #4488, #2886 ) ;
#1134 = MECHANICAL_DESIGN_GEOMETRIC_PRESENTATION_REPRESENTATION (  '', ( #4443 ), #2002 ) ;
#1135 = DIRECTION ( 'NONE',  ( 1.000000000000000000, 4.951616000000000261E-17, 3.592136000000000158E-16 ) ) ;
#1136 = SURFACE_STYLE_USAGE ( .BOTH. , #4071 ) ;
#1137 = AXIS2_PLACEMENT_3D ( 'NONE', #649, #251, #4725 ) ;
#1138 = ORIENTED_EDGE ( 'NONE', *, *, #3164, .F. ) ;
#1139 = CARTESIAN_POINT ( 'NONE',  ( 1.145000000000000018, -1.350000000000000089, 2.732819015537133911 ) ) ;
#1140 = STYLED_ITEM ( 'NONE', ( #1613 ), #735 ) ;
#1141 = ORIENTED_EDGE ( 'NONE', *, *, #539, .T. ) ;
#1142 = CARTESIAN_POINT ( 'NONE',  ( 12.49524414132859107, 0.0000000000000000000, -5.272214931251217429 ) ) ;
#1143 = CARTESIAN_POINT ( 'NONE',  ( 12.89524414132858965, 0.3599999999999999867, -4.341100996136219692 ) ) ;
#1144 = ADVANCED_FACE ( 'NONE', ( #276 ), #3981, .F. ) ;
#1145 = SURFACE_STYLE_FILL_AREA ( #679 ) ;
#1146 = COLOUR_RGB ( '',0.2705882352941176294, 0.2705882352941176294, 0.2705882352941176294 ) ;
#1147 = ORIENTED_EDGE ( 'NONE', *, *, #2566, .T. ) ;
#1148 = LINE ( 'NONE', #3724, #4006 ) ;
#1149 = ORIENTED_EDGE ( 'NONE', *, *, #3390, .T. ) ;
#1150 = VECTOR ( 'NONE', #4458, 1000.000000000000000 ) ;
#1151 = PLANE ( 'NONE',  #1067 ) ;
#1152 = EDGE_CURVE ( 'NONE', #2728, #1695, #3613, .T. ) ;
#1153 = COLOUR_RGB ( '',0.7450980392156862919, 0.7372549019607843590, 0.7294117647058823151 ) ;
#1154 = ORIENTED_EDGE ( 'NONE', *, *, #3704, .T. ) ;
#1155 = FILL_AREA_STYLE_COLOUR ( '', #4714 ) ;
#1156 = VECTOR ( 'NONE', #4163, 1000.000000000000000 ) ;
#1157 = DIRECTION ( 'NONE',  ( -0.0000000000000000000, 0.0000000000000000000, -1.000000000000000000 ) ) ;
#1158 = AXIS2_PLACEMENT_3D ( 'NONE', #1211, #3745, #4172 ) ;
#1159 = PRESENTATION_LAYER_ASSIGNMENT (  '', '', ( #1547 ) ) ;
#1160 = PRESENTATION_STYLE_ASSIGNMENT (( #4538 ) ) ;
#1161 = AXIS2_PLACEMENT_3D ( 'NONE', #3419, #3060, #1451 ) ;
#1162 = ORIENTED_EDGE ( 'NONE', *, *, #669, .F. ) ;
#1163 = SURFACE_STYLE_USAGE ( .BOTH. , #4545 ) ;
#1164 = DIRECTION ( 'NONE',  ( -0.7071067811865474617, -0.0000000000000000000, 0.7071067811865474617 ) ) ;
#1165 = DIRECTION ( 'NONE',  ( -1.000000000000000000, -0.0000000000000000000, -0.0000000000000000000 ) ) ;
#1166 = ORIENTED_EDGE ( 'NONE', *, *, #4196, .T. ) ;
#1167 = CARTESIAN_POINT ( 'NONE',  ( 12.49524414132859107, 0.0000000000000000000, -5.272214931251217429 ) ) ;
#1168 = AXIS2_PLACEMENT_3D ( 'NONE', #4882, #3430, #4501 ) ;
#1169 = DIRECTION ( 'NONE',  ( 0.0000000000000000000, -0.9963466490417508536, 0.08540114134643599086 ) ) ;
#1170 = CARTESIAN_POINT ( 'NONE',  ( 12.59524414132858894, 0.9630741606473910421, -3.926963702298556402 ) ) ;
#1171 = ORIENTED_EDGE ( 'NONE', *, *, #3692, .T. ) ;
#1172 = CARTESIAN_POINT ( 'NONE',  ( 12.29524414132859178, 0.2600000000000000089, 4.341100996136219692 ) ) ;
#1173 = ORIENTED_EDGE ( 'NONE', *, *, #3723, .F. ) ;
#1174 = PRODUCT_DEFINITION_SHAPE ( 'NONE', 'NONE',  #1766 ) ;
#1175 = DIRECTION ( 'NONE',  ( 0.0000000000000000000, -0.9961946980917455452, -0.08715574274765795770 ) ) ;
#1176 = EDGE_CURVE ( 'NONE', #2636, #209, #4847, .T. ) ;
#1177 = VERTEX_POINT ( 'NONE', #4451 ) ;
#1178 = LINE ( 'NONE', #746, #4876 ) ;
#1179 = CARTESIAN_POINT ( 'NONE',  ( 12.29524414132859178, 0.0000000000000000000, -4.351100996136220367 ) ) ;
#1180 = ADVANCED_FACE ( 'NONE', ( #1397 ), #3653, .T. ) ;
#1181 = DIRECTION ( 'NONE',  ( 0.0000000000000000000, 0.0000000000000000000, 1.000000000000000000 ) ) ;
#1182 =( GEOMETRIC_REPRESENTATION_CONTEXT ( 3 ) GLOBAL_UNCERTAINTY_ASSIGNED_CONTEXT ( ( #723 ) ) GLOBAL_UNIT_ASSIGNED_CONTEXT ( ( #250, #1806, #4875 ) ) REPRESENTATION_CONTEXT ( 'NONE', 'WORKASPACE' ) );
#1183 = SURFACE_STYLE_FILL_AREA ( #2393 ) ;
#1184 = DIRECTION ( 'NONE',  ( 0.0000000000000000000, 0.0000000000000000000, 1.000000000000000000 ) ) ;
#1185 =( GEOMETRIC_REPRESENTATION_CONTEXT ( 3 ) GLOBAL_UNCERTAINTY_ASSIGNED_CONTEXT ( ( #1039 ) ) GLOBAL_UNIT_ASSIGNED_CONTEXT ( ( #667, #4514, #3384 ) ) REPRESENTATION_CONTEXT ( 'NONE', 'WORKASPACE' ) );
#1186 = DIRECTION ( 'NONE',  ( -1.000000000000000000, -0.0000000000000000000, -0.0000000000000000000 ) ) ;
#1187 = CARTESIAN_POINT ( 'NONE',  ( 12.29524414132859000, 2.231469307523564982, 3.399733716353602997 ) ) ;
#1188 = DIRECTION ( 'NONE',  ( 0.0000000000000000000, 0.0000000000000000000, -1.000000000000000000 ) ) ;
#1189 = ORIENTED_EDGE ( 'NONE', *, *, #1800, .T. ) ;
#1190 = DIRECTION ( 'NONE',  ( -1.000000000000000000, 0.0000000000000000000, 0.0000000000000000000 ) ) ;
#1191 = CARTESIAN_POINT ( 'NONE',  ( 12.89524414132858965, 0.0000000000000000000, 4.341100996136219692 ) ) ;
#1192 = SURFACE_STYLE_FILL_AREA ( #3453 ) ;
#1193 = PRODUCT_DEFINITION_CONTEXT ( 'detailed design', #1739, 'design' ) ;
#1194 = ORIENTED_EDGE ( 'NONE', *, *, #409, .T. ) ;
#1195 = CARTESIAN_POINT ( 'NONE',  ( 12.28524414132859022, 0.2600000000000000089, -4.272214931251218317 ) ) ;
#1196 = ORIENTED_EDGE ( 'NONE', *, *, #546, .T. ) ;
#1197 = COLOUR_RGB ( '',0.7450980392156862919, 0.7372549019607843590, 0.7294117647058823151 ) ;
#1198 =( NAMED_UNIT ( * ) SI_UNIT ( $, .STERADIAN. ) SOLID_ANGLE_UNIT ( ) );
#1199 = ORIENTED_EDGE ( 'NONE', *, *, #2561, .T. ) ;
#1200 = DIRECTION ( 'NONE',  ( -1.000000000000000000, 3.081226560489652748E-17, 3.521858074305425477E-16 ) ) ;
#1201 = EDGE_CURVE ( 'NONE', #2712, #2847, #3283, .T. ) ;
#1202 = ORIENTED_EDGE ( 'NONE', *, *, #4766, .T. ) ;
#1203 = CARTESIAN_POINT ( 'NONE',  ( -2.157142857142857029, 1.550000000000000266, 2.250000000000000444 ) ) ;
#1204 =( LENGTH_UNIT ( ) NAMED_UNIT ( * ) SI_UNIT ( .MILLI., .METRE. ) );
#1205 = ADVANCED_FACE ( 'NONE', ( #3634 ), #4802, .T. ) ;
#1206 = DIRECTION ( 'NONE',  ( -1.000000000000000000, -0.0000000000000000000, 0.0000000000000000000 ) ) ;
#1207 = ORIENTED_EDGE ( 'NONE', *, *, #2919, .F. ) ;
#1208 = STYLED_ITEM ( 'NONE', ( #4068 ), #160 ) ;
#1209 = CARTESIAN_POINT ( 'NONE',  ( 12.29524414132859000, 1.971469307523565195, -3.399733716353602997 ) ) ;
#1210 = CARTESIAN_POINT ( 'NONE',  ( 11.69524414132859036, 0.0000000000000000000, -4.272214931251218317 ) ) ;
#1211 = CARTESIAN_POINT ( 'NONE',  ( 12.59524414132858894, 0.3599999999999999867, -4.341100996136219692 ) ) ;
#1212 = EDGE_CURVE ( 'NONE', #4022, #4502, #2418, .T. ) ;
#1213 = DIRECTION ( 'NONE',  ( 1.000000000000000000, 0.0000000000000000000, 0.0000000000000000000 ) ) ;
#1214 = COLOUR_RGB ( '',0.7450980392156862919, 0.7372549019607843590, 0.7294117647058823151 ) ;
#1215 = ORIENTED_EDGE ( 'NONE', *, *, #4766, .F. ) ;
#1216 = CARTESIAN_POINT ( 'NONE',  ( 12.29524414132859000, 0.9630741606473910421, -3.926963702298556402 ) ) ;
#1217 =( NAMED_UNIT ( * ) SI_UNIT ( $, .STERADIAN. ) SOLID_ANGLE_UNIT ( ) );
#1218 = DIRECTION ( 'NONE',  ( -0.7071067811865474617, -0.0000000000000000000, -0.7071067811865474617 ) ) ;
#1219 = PRESENTATION_STYLE_ASSIGNMENT (( #1662 ) ) ;
#1220 =( GEOMETRIC_REPRESENTATION_CONTEXT ( 3 ) GLOBAL_UNCERTAINTY_ASSIGNED_CONTEXT ( ( #3906 ) ) GLOBAL_UNIT_ASSIGNED_CONTEXT ( ( #2183, #608, #1781 ) ) REPRESENTATION_CONTEXT ( 'NONE', 'WORKASPACE' ) );
#1221 =( LENGTH_UNIT ( ) NAMED_UNIT ( * ) SI_UNIT ( .MILLI., .METRE. ) );
#1222 = VERTEX_POINT ( 'NONE', #4525 ) ;
#1223 = ORIENTED_EDGE ( 'NONE', *, *, #635, .F. ) ;
#1224 =( GEOMETRIC_REPRESENTATION_CONTEXT ( 3 ) GLOBAL_UNCERTAINTY_ASSIGNED_CONTEXT ( ( #100 ) ) GLOBAL_UNIT_ASSIGNED_CONTEXT ( ( #4871, #2661, #2276 ) ) REPRESENTATION_CONTEXT ( 'NONE', 'WORKASPACE' ) );
#1225 = DIRECTION ( 'NONE',  ( -0.0000000000000000000, 0.0000000000000000000, -1.000000000000000000 ) ) ;
#1226 = DIRECTION ( 'NONE',  ( -1.000000000000000000, 0.0000000000000000000, -0.0000000000000000000 ) ) ;
#1227 = EDGE_LOOP ( 'NONE', ( #3291, #36, #907, #1909 ) ) ;
#1228 = CARTESIAN_POINT ( 'NONE',  ( 11.69524414132859036, 0.0000000000000000000, -5.272214931251218317 ) ) ;
#1229 = VERTEX_POINT ( 'NONE', #1926 ) ;
#1230 = CARTESIAN_POINT ( 'NONE',  ( 12.89524414132858965, 1.880184881798330654, 3.846726910999764382 ) ) ;
#1231 = MECHANICAL_DESIGN_GEOMETRIC_PRESENTATION_REPRESENTATION (  '', ( #2023 ), #1309 ) ;
#1232 = AXIS2_PLACEMENT_3D ( 'NONE', #1448, #1478, #2192 ) ;
#1233 = FILL_AREA_STYLE ('',( #3468 ) ) ;
#1234 = UNCERTAINTY_MEASURE_WITH_UNIT (LENGTH_MEASURE( 1.000000000000000082E-05 ), #2288, 'distance_accuracy_value', 'NONE');
#1235 = ORIENTED_EDGE ( 'NONE', *, *, #3642, .F. ) ;
#1236 = AXIS2_PLACEMENT_3D ( 'NONE', #4472, #4872, #2228 ) ;
#1237 = EDGE_CURVE ( 'NONE', #2847, #627, #2025, .T. ) ;
#1238 = EDGE_CURVE ( 'NONE', #1443, #324, #3426, .T. ) ;
#1239 = FILL_AREA_STYLE ('',( #4590 ) ) ;
#1240 = CARTESIAN_POINT ( 'NONE',  ( 12.29524414132859000, 0.3599999999999999867, 4.341100996136219692 ) ) ;
#1241 = SURFACE_SIDE_STYLE ('',( #816 ) ) ;
#1242 = MECHANICAL_DESIGN_GEOMETRIC_PRESENTATION_REPRESENTATION (  '', ( #1949 ), #319 ) ;
#1243 = CARTESIAN_POINT ( 'NONE',  ( 12.89524414132858965, 0.3512844257252341063, 4.241481526327046225 ) ) ;
#1244 = ADVANCED_FACE ( 'NONE', ( #1563 ), #2235, .T. ) ;
#1245 = FILL_AREA_STYLE_COLOUR ( '', #2687 ) ;
#1246 = AXIS2_PLACEMENT_3D ( 'NONE', #728, #4149, #2596 ) ;
#1247 = APPLICATION_CONTEXT ( 'automotive_design' ) ;
#1248 = ORIENTED_EDGE ( 'NONE', *, *, #1564, .T. ) ;
#1249 = DIRECTION ( 'NONE',  ( 1.000000000000000000, 0.0000000000000000000, 0.0000000000000000000 ) ) ;
#1250 = VERTEX_POINT ( 'NONE', #3533 ) ;
#1251 = PRESENTATION_STYLE_ASSIGNMENT (( #1521 ) ) ;
#1252 = SURFACE_STYLE_FILL_AREA ( #4677 ) ;
#1253 = CARTESIAN_POINT ( 'NONE',  ( 12.29524414132859178, 0.2600000000000000089, 4.772214931251219205 ) ) ;
#1254 = DIRECTION ( 'NONE',  ( 0.0000000000000000000, 0.0000000000000000000, -1.000000000000000000 ) ) ;
#1255 = VECTOR ( 'NONE', #1123, 1000.000000000000000 ) ;
#1256 = ORIENTED_EDGE ( 'NONE', *, *, #2896, .F. ) ;
#1257 = ORIENTED_EDGE ( 'NONE', *, *, #3461, .T. ) ;
#1258 = CARTESIAN_POINT ( 'NONE',  ( 11.69524414132859214, 0.0000000000000000000, 4.872214931251217962 ) ) ;
#1259 = UNCERTAINTY_MEASURE_WITH_UNIT (LENGTH_MEASURE( 1.000000000000000082E-05 ), #616, 'distance_accuracy_value', 'NONE');
#1260 = DIRECTION ( 'NONE',  ( -1.000000000000000000, -0.0000000000000000000, 0.0000000000000000000 ) ) ;
#1261 = PRODUCT_DEFINITION_SHAPE ( 'NONE', 'NONE',  #4945 ) ;
#1262 = DIRECTION ( 'NONE',  ( 0.7071067811865475727, 0.0000000000000000000, 0.7071067811865475727 ) ) ;
#1263 = ORIENTED_EDGE ( 'NONE', *, *, #242, .T. ) ;
#1264 = DIRECTION ( 'NONE',  ( 0.0000000000000000000, 1.000000000000000000, 0.0000000000000000000 ) ) ;
#1265 = DIRECTION ( 'NONE',  ( 1.000000000000000000, 0.0000000000000000000, -0.0000000000000000000 ) ) ;
#1266 = DIRECTION ( 'NONE',  ( -0.0000000000000000000, -1.000000000000000000, 0.0000000000000000000 ) ) ;
#1267 = CARTESIAN_POINT ( 'NONE',  ( 12.89524414132858965, 0.0000000000000000000, -4.872214931251217962 ) ) ;
#1268 = EDGE_LOOP ( 'NONE', ( #2704, #206, #504, #249 ) ) ;
#1269 = ADVANCED_FACE ( 'NONE', ( #2790 ), #4671, .F. ) ;
#1270 = CARTESIAN_POINT ( 'NONE',  ( 2.157142857142853920, 1.550000000000000266, 2.749961872679993036 ) ) ;
#1271 = SURFACE_STYLE_FILL_AREA ( #1710 ) ;
#1272 = CONTEXT_DEPENDENT_SHAPE_REPRESENTATION ( #4341, #1261 ) ;
#1273 = DIRECTION ( 'NONE',  ( 0.0000000000000000000, 0.0000000000000000000, -1.000000000000000000 ) ) ;
#1274 = MECHANICAL_DESIGN_GEOMETRIC_PRESENTATION_REPRESENTATION (  '', ( #695 ), #4732 ) ;
#1275 = ORIENTED_EDGE ( 'NONE', *, *, #4134, .F. ) ;
#1276 = SURFACE_SIDE_STYLE ('',( #1667 ) ) ;
#1277 = EDGE_CURVE ( 'NONE', #4183, #416, #1684, .T. ) ;
#1278 = ORIENTED_EDGE ( 'NONE', *, *, #4355, .T. ) ;
#1279 = CARTESIAN_POINT ( 'NONE',  ( -2.290000000000000036, -1.604288745131634470E-17, -3.250000000000000888 ) ) ;
#1280 =( GEOMETRIC_REPRESENTATION_CONTEXT ( 3 ) GLOBAL_UNCERTAINTY_ASSIGNED_CONTEXT ( ( #573 ) ) GLOBAL_UNIT_ASSIGNED_CONTEXT ( ( #362, #1914, #4193 ) ) REPRESENTATION_CONTEXT ( 'NONE', 'WORKASPACE' ) );
#1281 =( NAMED_UNIT ( * ) PLANE_ANGLE_UNIT ( ) SI_UNIT ( $, .RADIAN. ) );
#1282 = EDGE_LOOP ( 'NONE', ( #1591, #852, #1943, #1571 ) ) ;
#1283 = AXIS2_PLACEMENT_3D ( 'NONE', #1253, #502, #2072 ) ;
#1284 = EDGE_LOOP ( 'NONE', ( #50, #4208, #1104, #255 ) ) ;
#1285 = SHAPE_REPRESENTATION_RELATIONSHIP ( 'NONE' , 'NONE' ,  #3665, #2320 ) ;
#1286 = CARTESIAN_POINT ( 'NONE',  ( 11.69524414132859214, 0.0000000000000000000, 4.872214931251216186 ) ) ;
#1287 = SURFACE_SIDE_STYLE ('',( #3593 ) ) ;
#1288 = SURFACE_SIDE_STYLE ('',( #3523 ) ) ;
#1289 = LINE ( 'NONE', #486, #4363 ) ;
#1290 = CYLINDRICAL_SURFACE ( 'NONE', #2966, 0.09999999999999896472 ) ;
#1291 = ORIENTED_EDGE ( 'NONE', *, *, #1634, .T. ) ;
#1292 =( NAMED_UNIT ( * ) PLANE_ANGLE_UNIT ( ) SI_UNIT ( $, .RADIAN. ) );
#1293 =( GEOMETRIC_REPRESENTATION_CONTEXT ( 3 ) GLOBAL_UNCERTAINTY_ASSIGNED_CONTEXT ( ( #4050 ) ) GLOBAL_UNIT_ASSIGNED_CONTEXT ( ( #2032, #217, #2522 ) ) REPRESENTATION_CONTEXT ( 'NONE', 'WORKASPACE' ) );
#1294 = UNCERTAINTY_MEASURE_WITH_UNIT (LENGTH_MEASURE( 1.000000000000000082E-05 ), #2541, 'distance_accuracy_value', 'NONE');
#1295 =( LENGTH_UNIT ( ) NAMED_UNIT ( * ) SI_UNIT ( .MILLI., .METRE. ) );
#1296 = FILL_AREA_STYLE ('',( #1245 ) ) ;
#1297 = DIRECTION ( 'NONE',  ( -0.0000000000000000000, -0.0000000000000000000, -1.000000000000000000 ) ) ;
#1298 =( GEOMETRIC_REPRESENTATION_CONTEXT ( 3 ) GLOBAL_UNCERTAINTY_ASSIGNED_CONTEXT ( ( #4043 ) ) GLOBAL_UNIT_ASSIGNED_CONTEXT ( ( #2872, #682, #2556 ) ) REPRESENTATION_CONTEXT ( 'NONE', 'WORKASPACE' ) );
#1299 = ORIENTED_EDGE ( 'NONE', *, *, #1998, .T. ) ;
#1300 = FILL_AREA_STYLE_COLOUR ( '', #4881 ) ;
#1301 = ORIENTED_EDGE ( 'NONE', *, *, #3191, .T. ) ;
#1302 = CARTESIAN_POINT ( 'NONE',  ( -2.188500532296694168, 1.184160456538573936, 3.148500532296693688 ) ) ;
#1303 = EDGE_CURVE ( 'NONE', #3776, #1129, #948, .T. ) ;
#1304 = EDGE_CURVE ( 'NONE', #4653, #2360, #4231, .T. ) ;
#1305 =( GEOMETRIC_REPRESENTATION_CONTEXT ( 3 ) GLOBAL_UNCERTAINTY_ASSIGNED_CONTEXT ( ( #2467 ) ) GLOBAL_UNIT_ASSIGNED_CONTEXT ( ( #1319, #4280, #1217 ) ) REPRESENTATION_CONTEXT ( 'NONE', 'WORKASPACE' ) );
#1306 = ORIENTED_EDGE ( 'NONE', *, *, #2020, .T. ) ;
#1307 = AXIS2_PLACEMENT_3D ( 'NONE', #838, #1264, #4664 ) ;
#1308 = DIRECTION ( 'NONE',  ( 0.08509140416961080700, -0.9927330486454493119, -0.08509140416961019637 ) ) ;
#1309 =( GEOMETRIC_REPRESENTATION_CONTEXT ( 3 ) GLOBAL_UNCERTAINTY_ASSIGNED_CONTEXT ( ( #4785 ) ) GLOBAL_UNIT_ASSIGNED_CONTEXT ( ( #4678, #2797, #979 ) ) REPRESENTATION_CONTEXT ( 'NONE', 'WORKASPACE' ) );
#1310 = PRESENTATION_STYLE_ASSIGNMENT (( #4758 ) ) ;
#1311 = PLANE ( 'NONE',  #911 ) ;
#1312 = PLANE ( 'NONE',  #2077 ) ;
#1313 = CIRCLE ( 'NONE', #3115, 0.1000000000000002554 ) ;
#1314 = DIRECTION ( 'NONE',  ( 0.0000000000000000000, 0.0000000000000000000, -1.000000000000000000 ) ) ;
#1315 = AXIS2_PLACEMENT_3D ( 'NONE', #3862, #923, #2378 ) ;
#1316 =( GEOMETRIC_REPRESENTATION_CONTEXT ( 3 ) GLOBAL_UNCERTAINTY_ASSIGNED_CONTEXT ( ( #257 ) ) GLOBAL_UNIT_ASSIGNED_CONTEXT ( ( #718, #886, #46 ) ) REPRESENTATION_CONTEXT ( 'NONE', 'WORKASPACE' ) );
#1317 = VECTOR ( 'NONE', #3160, 1000.000000000000114 ) ;
#1318 = CIRCLE ( 'NONE', #3990, 0.1000000000000002554 ) ;
#1319 =( LENGTH_UNIT ( ) NAMED_UNIT ( * ) SI_UNIT ( .MILLI., .METRE. ) );
#1320 = LINE ( 'NONE', #3552, #2768 ) ;
#1321 = DIRECTION ( 'NONE',  ( -1.000000000000000000, 0.0000000000000000000, 0.0000000000000000000 ) ) ;
#1322 = APPLICATION_PROTOCOL_DEFINITION ( 'draft international standard', 'automotive_design', 1998, #161 ) ;
#1323 = SURFACE_STYLE_USAGE ( .BOTH. , #2010 ) ;
#1324 = ORIENTED_EDGE ( 'NONE', *, *, #811, .F. ) ;
#1325 = FILL_AREA_STYLE_COLOUR ( '', #4652 ) ;
#1326 = MECHANICAL_DESIGN_GEOMETRIC_PRESENTATION_REPRESENTATION (  '', ( #3995 ), #3351 ) ;
#1327 = COLOUR_RGB ( '',0.7450980392156862919, 0.7372549019607843590, 0.7294117647058823151 ) ;
#1328 = LINE ( 'NONE', #1302, #3722 ) ;
#1329 = PRESENTATION_STYLE_ASSIGNMENT (( #3510 ) ) ;
#1330 = MECHANICAL_DESIGN_GEOMETRIC_PRESENTATION_REPRESENTATION (  '', ( #665 ), #327 ) ;
#1331 = ORIENTED_EDGE ( 'NONE', *, *, #2941, .T. ) ;
#1332 = CARTESIAN_POINT ( 'NONE',  ( 0.0000000000000000000, -1.650000000000000355, 1.500000000000000000 ) ) ;
#1333 = PRODUCT_RELATED_PRODUCT_CATEGORY ( 'part', '', ( #4167 ) ) ;
#1334 = UNCERTAINTY_MEASURE_WITH_UNIT (LENGTH_MEASURE( 1.000000000000000082E-05 ), #3477, 'distance_accuracy_value', 'NONE');
#1335 = ADVANCED_FACE ( 'NONE', ( #4597 ), #3910, .T. ) ;
#1336 =( NAMED_UNIT ( * ) SI_UNIT ( $, .STERADIAN. ) SOLID_ANGLE_UNIT ( ) );
#1337 = SURFACE_SIDE_STYLE ('',( #3620 ) ) ;
#1338 = EDGE_CURVE ( 'NONE', #179, #3599, #1803, .T. ) ;
#1339 = CARTESIAN_POINT ( 'NONE',  ( 11.89524414132859143, 0.0000000000000000000, -5.072214931251217251 ) ) ;
#1340 = PRESENTATION_STYLE_ASSIGNMENT (( #4434 ) ) ;
#1341 = SURFACE_STYLE_USAGE ( .BOTH. , #3969 ) ;
#1342 =( NAMED_UNIT ( * ) SI_UNIT ( $, .STERADIAN. ) SOLID_ANGLE_UNIT ( ) );
#1343 = ORIENTED_EDGE ( 'NONE', *, *, #2770, .F. ) ;
#1344 = UNCERTAINTY_MEASURE_WITH_UNIT (LENGTH_MEASURE( 1.000000000000000082E-05 ), #2868, 'distance_accuracy_value', 'NONE');
#1345 = COLOUR_RGB ( '',0.2705882352941176294, 0.2705882352941176294, 0.2705882352941176294 ) ;
#1346 = PLANE ( 'NONE',  #3989 ) ;
#1347 = ORIENTED_EDGE ( 'NONE', *, *, #4438, .T. ) ;
#1348 = DIRECTION ( 'NONE',  ( 0.0000000000000000000, -1.000000000000000000, -0.0000000000000000000 ) ) ;
#1349 = CYLINDRICAL_SURFACE ( 'NONE', #727, 0.3599999999999987654 ) ;
#1350 = FACE_OUTER_BOUND ( 'NONE', #1844, .T. ) ;
#1351 = MECHANICAL_DESIGN_GEOMETRIC_PRESENTATION_REPRESENTATION (  '', ( #2532 ), #531 ) ;
#1352 = ORIENTED_EDGE ( 'NONE', *, *, #481, .F. ) ;
#1353 = VECTOR ( 'NONE', #4246, 1000.000000000000000 ) ;
#1354 =( NAMED_UNIT ( * ) SI_UNIT ( $, .STERADIAN. ) SOLID_ANGLE_UNIT ( ) );
#1355 = DIRECTION ( 'NONE',  ( 0.0000000000000000000, -0.0000000000000000000, 1.000000000000000000 ) ) ;
#1357 = EDGE_CURVE ( 'NONE', #532, #2496, #271, .T. ) ;
#1356 =( GEOMETRIC_REPRESENTATION_CONTEXT ( 3 ) GLOBAL_UNCERTAINTY_ASSIGNED_CONTEXT ( ( #2440 ) ) GLOBAL_UNIT_ASSIGNED_CONTEXT ( ( #353, #2284, #2964 ) ) REPRESENTATION_CONTEXT ( 'NONE', 'WORKASPACE' ) );
#1358 = DIRECTION ( 'NONE',  ( -0.9963466490417509647, 0.08540114134643600474, -1.701795000000000026E-16 ) ) ;
#1359 = AXIS2_PLACEMENT_3D ( 'NONE', #1882, #3371, #2234 ) ;
#1360 = LINE ( 'NONE', #2855, #1545 ) ;
#1361 =( LENGTH_UNIT ( ) NAMED_UNIT ( * ) SI_UNIT ( .MILLI., .METRE. ) );
#1362 =( GEOMETRIC_REPRESENTATION_CONTEXT ( 3 ) GLOBAL_UNCERTAINTY_ASSIGNED_CONTEXT ( ( #120 ) ) GLOBAL_UNIT_ASSIGNED_CONTEXT ( ( #4171, #1919, #3343 ) ) REPRESENTATION_CONTEXT ( 'NONE', 'WORKASPACE' ) );
#1363 = FILL_AREA_STYLE ('',( #3935 ) ) ;
#1364 = EDGE_LOOP ( 'NONE', ( #1263, #3767, #4094, #829 ) ) ;
#1365 = DIRECTION ( 'NONE',  ( 1.000000000000000000, -0.0000000000000000000, 0.0000000000000000000 ) ) ;
#1366 = LINE ( 'NONE', #643, #491 ) ;
#1367 = DIRECTION ( 'NONE',  ( 0.0000000000000000000, -1.000000000000000000, -0.0000000000000000000 ) ) ;
#1368 = CARTESIAN_POINT ( 'NONE',  ( 11.69524414132859036, 0.0000000000000000000, -4.872214931251217962 ) ) ;
#1369 = PRESENTATION_LAYER_ASSIGNMENT (  '', '', ( #4440 ) ) ;
#1370 = ORIENTED_EDGE ( 'NONE', *, *, #1575, .F. ) ;
#1371 = CARTESIAN_POINT ( 'NONE',  ( -1.290000000000000924, 1.749999999999999778, 1.159999999999999032 ) ) ;
#1372 =( NAMED_UNIT ( * ) PLANE_ANGLE_UNIT ( ) SI_UNIT ( $, .RADIAN. ) );
#1373 = PRESENTATION_LAYER_ASSIGNMENT (  '', '', ( #4443 ) ) ;
#1374 = EDGE_LOOP ( 'NONE', ( #4683, #4657, #4594, #2944 ) ) ;
#1375 = SURFACE_STYLE_USAGE ( .BOTH. , #4455 ) ;
#1376 = STYLED_ITEM ( 'NONE', ( #2045 ), #555 ) ;
#1377 = SURFACE_SIDE_STYLE ('',( #1744 ) ) ;
#1378 = DIRECTION ( 'NONE',  ( 0.0000000000000000000, -0.0000000000000000000, 1.000000000000000000 ) ) ;
#1379 = CARTESIAN_POINT ( 'NONE',  ( 11.69524414132859036, 0.0000000000000000000, 4.272214931251218317 ) ) ;
#1380 = PRESENTATION_LAYER_ASSIGNMENT (  '', '', ( #2409 ) ) ;
#1381 = CARTESIAN_POINT ( 'NONE',  ( 12.59524414132858894, 0.9630741606473910421, 3.926963702298556402 ) ) ;
#1382 = EDGE_CURVE ( 'NONE', #2698, #2161, #1434, .T. ) ;
#1383 = EDGE_CURVE ( 'NONE', #3940, #3725, #2906, .T. ) ;
#1384 = ORIENTED_EDGE ( 'NONE', *, *, #2890, .F. ) ;
#1385 =( GEOMETRIC_REPRESENTATION_CONTEXT ( 3 ) GLOBAL_UNCERTAINTY_ASSIGNED_CONTEXT ( ( #1866 ) ) GLOBAL_UNIT_ASSIGNED_CONTEXT ( ( #4607, #4885, #4578 ) ) REPRESENTATION_CONTEXT ( 'NONE', 'WORKASPACE' ) );
#1386 = LINE ( 'NONE', #1432, #4932 ) ;
#1387 = SURFACE_SIDE_STYLE ('',( #4767 ) ) ;
#1388 =( NAMED_UNIT ( * ) SI_UNIT ( $, .STERADIAN. ) SOLID_ANGLE_UNIT ( ) );
#1389 = COLOUR_RGB ( '',0.7921568627450980005, 0.8196078431372548767, 0.9333333333333333481 ) ;
#1390 =( NAMED_UNIT ( * ) SI_UNIT ( $, .STERADIAN. ) SOLID_ANGLE_UNIT ( ) );
#1391 = CARTESIAN_POINT ( 'NONE',  ( 12.29524414132858823, 1.871469307523565107, 3.747107441190590027 ) ) ;
#1392 = COLOUR_RGB ( '',0.2705882352941176294, 0.2705882352941176294, 0.2705882352941176294 ) ;
#1393 = EDGE_LOOP ( 'NONE', ( #3674, #3442, #836, #407 ) ) ;
#1394 =( NAMED_UNIT ( * ) SI_UNIT ( $, .STERADIAN. ) SOLID_ANGLE_UNIT ( ) );
#1395 = EDGE_CURVE ( 'NONE', #583, #3462, #1366, .T. ) ;
#1396 = VECTOR ( 'NONE', #3819, 1000.000000000000114 ) ;
#1397 = FACE_OUTER_BOUND ( 'NONE', #4912, .T. ) ;
#1398 = ORIENTED_EDGE ( 'NONE', *, *, #336, .F. ) ;
#1399 = COLOUR_RGB ( '',0.7450980392156862919, 0.7372549019607843590, 0.7294117647058823151 ) ;
#1400 = DIRECTION ( 'NONE',  ( 0.7071067811865499042, 0.0000000000000000000, 0.7071067811865452413 ) ) ;
#1401 = UNCERTAINTY_MEASURE_WITH_UNIT (LENGTH_MEASURE( 1.000000000000000082E-05 ), #4138, 'distance_accuracy_value', 'NONE');
#1402 = AXIS2_PLACEMENT_3D ( 'NONE', #1609, #3528, #1188 ) ;
#1403 = DIRECTION ( 'NONE',  ( -0.7071067811865474617, -0.0000000000000000000, -0.7071067811865474617 ) ) ;
#1404 = FILL_AREA_STYLE ('',( #2194 ) ) ;
#1405 = CARTESIAN_POINT ( 'NONE',  ( 11.69524414132859036, 0.2600000000000000089, 4.272214931251218317 ) ) ;
#1406 = STYLED_ITEM ( 'NONE', ( #335 ), #2854 ) ;
#1407 = DIRECTION ( 'NONE',  ( -1.000000000000000000, -1.031309306968041943E-17, -1.203194191462712663E-16 ) ) ;
#1408 = DIRECTION ( 'NONE',  ( -0.0000000000000000000, -1.000000000000000000, -0.0000000000000000000 ) ) ;
#1409 = VERTEX_POINT ( 'NONE', #1065 ) ;
#1410 = EDGE_LOOP ( 'NONE', ( #2775, #3506, #3754, #243, #442, #4130 ) ) ;
#1411 = CARTESIAN_POINT ( 'NONE',  ( -2.140000000000000124, -1.750000000000000000, 2.951545933454499338 ) ) ;
#1412 = SURFACE_STYLE_FILL_AREA ( #4075 ) ;
#1413 = CARTESIAN_POINT ( 'NONE',  ( 12.29524414132859000, 0.2600000000000000089, 4.351100996136220367 ) ) ;
#1414 =( LENGTH_UNIT ( ) NAMED_UNIT ( * ) SI_UNIT ( .MILLI., .METRE. ) );
#1415 = ADVANCED_FACE ( 'NONE', ( #2156 ), #2864, .T. ) ;
#1416 = DIRECTION ( 'NONE',  ( 1.000000000000000000, -0.0000000000000000000, 0.0000000000000000000 ) ) ;
#1417 = SURFACE_SIDE_STYLE ('',( #4380 ) ) ;
#1418 = DIRECTION ( 'NONE',  ( 0.0000000000000000000, 1.000000000000000000, 0.0000000000000000000 ) ) ;
#1419 = FILL_AREA_STYLE_COLOUR ( '', #1392 ) ;
#1421 = EDGE_CURVE ( 'NONE', #3166, #4284, #1474, .T. ) ;
#1420 = AXIS2_PLACEMENT_3D ( 'NONE', #2114, #4770, #2181 ) ;
#1422 =( LENGTH_UNIT ( ) NAMED_UNIT ( * ) SI_UNIT ( .MILLI., .METRE. ) );
#1423 = SURFACE_SIDE_STYLE ('',( #3235 ) ) ;
#1424 = VECTOR ( 'NONE', #518, 1000.000000000000000 ) ;
#1425 = FILL_AREA_STYLE ('',( #2164 ) ) ;
#1426 = SURFACE_SIDE_STYLE ('',( #3731 ) ) ;
#1427 = DIRECTION ( 'NONE',  ( 0.7071067811865467956, 0.0000000000000000000, 0.7071067811865483499 ) ) ;
#1428 = VECTOR ( 'NONE', #2526, 1000.000000000000000 ) ;
#1429 = DIRECTION ( 'NONE',  ( -1.000000000000000000, -4.951616000000000261E-17, 3.592136000000000158E-16 ) ) ;
#1430 = EDGE_LOOP ( 'NONE', ( #2374, #4004, #1541, #3226 ) ) ;
#1431 = ORIENTED_EDGE ( 'NONE', *, *, #1078, .F. ) ;
#1432 = CARTESIAN_POINT ( 'NONE',  ( 12.29524414132859000, 0.2600000000000000089, 4.351100996136220367 ) ) ;
#1433 = DIRECTION ( 'NONE',  ( 0.0000000000000000000, 0.0000000000000000000, -1.000000000000000000 ) ) ;
#1434 = LINE ( 'NONE', #1413, #3511 ) ;
#1435 = MECHANICAL_DESIGN_GEOMETRIC_PRESENTATION_REPRESENTATION (  '', ( #4429 ), #1743 ) ;
#1436 =( LENGTH_UNIT ( ) NAMED_UNIT ( * ) SI_UNIT ( .MILLI., .METRE. ) );
#1437 =( NAMED_UNIT ( * ) SI_UNIT ( $, .STERADIAN. ) SOLID_ANGLE_UNIT ( ) );
#1438 = DIRECTION ( 'NONE',  ( 0.0000000000000000000, 0.0000000000000000000, -1.000000000000000000 ) ) ;
#1439 = ADVANCED_FACE ( 'NONE', ( #2110 ), #3695, .F. ) ;
#1440 = MECHANICAL_DESIGN_GEOMETRIC_PRESENTATION_REPRESENTATION (  '', ( #138 ), #1603 ) ;
#1441 = SURFACE_STYLE_FILL_AREA ( #253 ) ;
#1442 = SURFACE_STYLE_FILL_AREA ( #228 ) ;
#1443 = VERTEX_POINT ( 'NONE', #786 ) ;
#1444 = ADVANCED_FACE ( 'NONE', ( #2639 ), #3365, .F. ) ;
#1445 = EDGE_CURVE ( 'NONE', #3386, #3845, #725, .T. ) ;
#1446 = DIRECTION ( 'NONE',  ( -1.000000000000000000, -4.951616000000000261E-17, 3.592136000000000158E-16 ) ) ;
#1447 = PRODUCT_CONTEXT ( 'NONE', #4772, 'mechanical' ) ;
#1448 = CARTESIAN_POINT ( 'NONE',  ( 12.89524414132858965, 1.871469307523565107, 3.747107441190590027 ) ) ;
#1449 = VECTOR ( 'NONE', #3376, 1000.000000000000000 ) ;
#1450 = ORIENTED_EDGE ( 'NONE', *, *, #3239, .T. ) ;
#1451 = DIRECTION ( 'NONE',  ( 0.0000000000000000000, 0.0000000000000000000, 1.000000000000000000 ) ) ;
#1452 = FILL_AREA_STYLE_COLOUR ( '', #2218 ) ;
#1453 = EDGE_CURVE ( 'NONE', #4202, #571, #2883, .T. ) ;
#1454 =( NAMED_UNIT ( * ) SI_UNIT ( $, .STERADIAN. ) SOLID_ANGLE_UNIT ( ) );
#1455 = DIRECTION ( 'NONE',  ( 0.0000000000000000000, -0.9961946980917455452, 0.08715574274765734708 ) ) ;
#1456 = LINE ( 'NONE', #3383, #1680 ) ;
#1457 = AXIS2_PLACEMENT_3D ( 'NONE', #2839, #3602, #4352 ) ;
#1458 = DIRECTION ( 'NONE',  ( 1.000000000000000000, 0.0000000000000000000, 0.0000000000000000000 ) ) ;
#1459 = SURFACE_SIDE_STYLE ('',( #1555 ) ) ;
#1460 =( NAMED_UNIT ( * ) PLANE_ANGLE_UNIT ( ) SI_UNIT ( $, .RADIAN. ) );
#1461 = MECHANICAL_DESIGN_GEOMETRIC_PRESENTATION_REPRESENTATION (  '', ( #2166 ), #1848 ) ;
#1462 = DIRECTION ( 'NONE',  ( 0.0000000000000000000, 0.0000000000000000000, 1.000000000000000000 ) ) ;
#1463 = DIRECTION ( 'NONE',  ( 0.0000000000000000000, 0.0000000000000000000, 1.000000000000000000 ) ) ;
#1464 = ORIENTED_EDGE ( 'NONE', *, *, #2230, .T. ) ;
#1465 = MECHANICAL_DESIGN_GEOMETRIC_PRESENTATION_REPRESENTATION (  '', ( #156 ), #3914 ) ;
#1466 =( LENGTH_UNIT ( ) NAMED_UNIT ( * ) SI_UNIT ( .MILLI., .METRE. ) );
#1467 = SURFACE_STYLE_FILL_AREA ( #3322 ) ;
#1468 = VECTOR ( 'NONE', #2758, 1000.000000000000000 ) ;
#1469 = VECTOR ( 'NONE', #7, 1000.000000000000000 ) ;
#1470 = SURFACE_STYLE_USAGE ( .BOTH. , #4527 ) ;
#1471 = SURFACE_STYLE_USAGE ( .BOTH. , #2239 ) ;
#1472 = EDGE_LOOP ( 'NONE', ( #1002, #2084, #2815, #4292 ) ) ;
#1473 = PRESENTATION_LAYER_ASSIGNMENT (  '', '', ( #3039 ) ) ;
#1474 = CIRCLE ( 'NONE', #495, 0.3600000000000000977 ) ;
#1475 = PRESENTATION_STYLE_ASSIGNMENT (( #1375 ) ) ;
#1476 = SHAPE_DEFINITION_REPRESENTATION ( #3404, #802 ) ;
#1477 = COLOUR_RGB ( '',0.7921568627450980005, 0.8196078431372548767, 0.9333333333333333481 ) ;
#1478 = DIRECTION ( 'NONE',  ( -1.000000000000000000, -4.951616000000000261E-17, 3.592136000000000158E-16 ) ) ;
#1479 = MECHANICAL_DESIGN_GEOMETRIC_PRESENTATION_REPRESENTATION (  '', ( #4467 ), #2184 ) ;
#1480 = COLOUR_RGB ( '',0.7450980392156862919, 0.7372549019607843590, 0.7294117647058823151 ) ;
#1481 = ORIENTED_EDGE ( 'NONE', *, *, #4098, .F. ) ;
#1482 = EDGE_CURVE ( 'NONE', #4799, #1880, #1318, .T. ) ;
#1483 = DIRECTION ( 'NONE',  ( 1.000000000000000000, -0.0000000000000000000, 0.0000000000000000000 ) ) ;
#1484 =( LENGTH_UNIT ( ) NAMED_UNIT ( * ) SI_UNIT ( .MILLI., .METRE. ) );
#1485 = LINE ( 'NONE', #3057, #4787 ) ;
#1486 = DIRECTION ( 'NONE',  ( 0.0000000000000000000, -1.807003620809180105E-15, -1.000000000000000000 ) ) ;
#1487 = EDGE_CURVE ( 'NONE', #2306, #2712, #1877, .T. ) ;
#1488 = VECTOR ( 'NONE', #4114, 1000.000000000000000 ) ;
#1489 = FACE_OUTER_BOUND ( 'NONE', #3303, .T. ) ;
#1490 = UNCERTAINTY_MEASURE_WITH_UNIT (LENGTH_MEASURE( 1.000000000000000082E-05 ), #1849, 'distance_accuracy_value', 'NONE');
#1491 = EDGE_LOOP ( 'NONE', ( #4638, #1620, #4169, #1668, #2737, #2547, #4922, #1166, #2672, #4931 ) ) ;
#1492 = FILL_AREA_STYLE ('',( #1529 ) ) ;
#1493 = SURFACE_STYLE_USAGE ( .BOTH. , #3795 ) ;
#1494 = CARTESIAN_POINT ( 'NONE',  ( 2.171357675153837263, -1.384160456538574113, -3.131357675153836340 ) ) ;
#1495 = LINE ( 'NONE', #1924, #3900 ) ;
#1496 = LINE ( 'NONE', #3398, #2075 ) ;
#1497 = DIRECTION ( 'NONE',  ( -0.0000000000000000000, 0.08540114134643600474, 0.9963466490417509647 ) ) ;
#1498 = FILL_AREA_STYLE_COLOUR ( '', #2141 ) ;
#1499 = EDGE_LOOP ( 'NONE', ( #1526, #946, #3921, #4385, #4242, #89, #4045, #2928, #1149, #3255, #2546, #4310 ) ) ;
#1500 = CARTESIAN_POINT ( 'NONE',  ( 1.836970198721029934E-16, -10.43771546495395164, -1.500000000000000000 ) ) ;
#1501 = CARTESIAN_POINT ( 'NONE',  ( 12.29524414132858823, 1.871469307523565107, 3.747107441190590027 ) ) ;
#1502 = LINE ( 'NONE', #3314, #999 ) ;
#1503 = SURFACE_STYLE_FILL_AREA ( #287 ) ;
#1504 = SURFACE_SIDE_STYLE ('',( #2272 ) ) ;
#1505 = ORIENTED_EDGE ( 'NONE', *, *, #2543, .F. ) ;
#1506 = EDGE_CURVE ( 'NONE', #2698, #2636, #1007, .T. ) ;
#1507 = CARTESIAN_POINT ( 'NONE',  ( 12.89524414132858965, 0.9630741606473910421, 3.926963702298556402 ) ) ;
#1508 = VERTEX_POINT ( 'NONE', #3744 ) ;
#1509 = LINE ( 'NONE', #4105, #2527 ) ;
#1510 = FILL_AREA_STYLE_COLOUR ( '', #3407 ) ;
#1511 = STYLED_ITEM ( 'NONE', ( #2685 ), #4575 ) ;
#1512 = ADVANCED_FACE ( 'NONE', ( #1557 ), #2956, .F. ) ;
#1513 = CARTESIAN_POINT ( 'NONE',  ( 11.89524414132859143, 0.2600000000000001199, 5.072214931251217251 ) ) ;
#1514 = ORIENTED_EDGE ( 'NONE', *, *, #677, .F. ) ;
#1515 = LINE ( 'NONE', #4651, #4081 ) ;
#1516 = ORIENTED_EDGE ( 'NONE', *, *, #2481, .T. ) ;
#1517 =( NAMED_UNIT ( * ) SI_UNIT ( $, .STERADIAN. ) SOLID_ANGLE_UNIT ( ) );
#1518 = VERTEX_POINT ( 'NONE', #80 ) ;
#1519 = LINE ( 'NONE', #3809, #1013 ) ;
#1520 = AXIS2_PLACEMENT_3D ( 'NONE', #1797, #598, #2545 ) ;
#1521 = SURFACE_STYLE_USAGE ( .BOTH. , #2015 ) ;
#1522 = DIRECTION ( 'NONE',  ( 0.0000000000000000000, -0.0000000000000000000, 1.000000000000000000 ) ) ;
#1523 =( GEOMETRIC_REPRESENTATION_CONTEXT ( 3 ) GLOBAL_UNCERTAINTY_ASSIGNED_CONTEXT ( ( #2182 ) ) GLOBAL_UNIT_ASSIGNED_CONTEXT ( ( #2142, #1763, #2487 ) ) REPRESENTATION_CONTEXT ( 'NONE', 'WORKASPACE' ) );
#1524 = DIRECTION ( 'NONE',  ( -0.0000000000000000000, 1.000000000000000000, -0.0000000000000000000 ) ) ;
#1525 = CARTESIAN_POINT ( 'NONE',  ( 12.89524414132859143, 1.902845374912722098, -4.105737532503618503 ) ) ;
#1526 = ORIENTED_EDGE ( 'NONE', *, *, #4289, .T. ) ;
#1527 = UNCERTAINTY_MEASURE_WITH_UNIT (LENGTH_MEASURE( 1.000000000000000082E-05 ), #2682, 'distance_accuracy_value', 'NONE');
#1528 = CARTESIAN_POINT ( 'NONE',  ( 11.69524414132859036, 0.0000000000000000000, 4.272214931251218317 ) ) ;
#1529 = FILL_AREA_STYLE_COLOUR ( '', #2729 ) ;
#1530 = DIRECTION ( 'NONE',  ( 1.000000000000000000, -0.0000000000000000000, 0.0000000000000000000 ) ) ;
#1531 = COLOUR_RGB ( '',0.7450980392156862919, 0.7372549019607843590, 0.7294117647058823151 ) ;
#1532 = FACE_OUTER_BOUND ( 'NONE', #1430, .T. ) ;
#1533 = ADVANCED_FACE ( 'NONE', ( #127 ), #4591, .F. ) ;
#1534 =( GEOMETRIC_REPRESENTATION_CONTEXT ( 3 ) GLOBAL_UNCERTAINTY_ASSIGNED_CONTEXT ( ( #285 ) ) GLOBAL_UNIT_ASSIGNED_CONTEXT ( ( #3305, #4055, #3174 ) ) REPRESENTATION_CONTEXT ( 'NONE', 'WORKASPACE' ) );
#1535 = SURFACE_SIDE_STYLE ('',( #732 ) ) ;
#1536 = FILL_AREA_STYLE_COLOUR ( '', #311 ) ;
#1537 = DIRECTION ( 'NONE',  ( 0.0000000000000000000, 0.0000000000000000000, 1.000000000000000000 ) ) ;
#1538 = ORIENTED_EDGE ( 'NONE', *, *, #1237, .T. ) ;
#1539 = LINE ( 'NONE', #1172, #599 ) ;
#1540 = ADVANCED_FACE ( 'NONE', ( #4222 ), #2004, .F. ) ;
#1541 = ORIENTED_EDGE ( 'NONE', *, *, #1719, .F. ) ;
#1542 = STYLED_ITEM ( 'NONE', ( #3377 ), #2091 ) ;
#1543 = PLANE ( 'NONE',  #3982 ) ;
#1544 = MECHANICAL_DESIGN_GEOMETRIC_PRESENTATION_REPRESENTATION (  '', ( #226 ), #3197 ) ;
#1545 = VECTOR ( 'NONE', #3993, 1000.000000000000000 ) ;
#1546 = ORIENTED_EDGE ( 'NONE', *, *, #3698, .F. ) ;
#1547 = STYLED_ITEM ( 'NONE', ( #184 ), #1439 ) ;
#1548 = DIRECTION ( 'NONE',  ( 1.000000000000000000, -0.0000000000000000000, 0.0000000000000000000 ) ) ;
#1549 = AXIS2_PLACEMENT_3D ( 'NONE', #3211, #205, #2844 ) ;
#1550 = SURFACE_STYLE_USAGE ( .BOTH. , #4835 ) ;
#1551 = LINE ( 'NONE', #339, #719 ) ;
#1552 = PRESENTATION_STYLE_ASSIGNMENT (( #2027 ) ) ;
#1553 = CIRCLE ( 'NONE', #4326, 0.4500000000000001221 ) ;
#1554 = ORIENTED_EDGE ( 'NONE', *, *, #2244, .F. ) ;
#1555 = SURFACE_STYLE_FILL_AREA ( #3717 ) ;
#1556 = SURFACE_STYLE_USAGE ( .BOTH. , #1387 ) ;
#1557 = FACE_OUTER_BOUND ( 'NONE', #3075, .T. ) ;
#1558 = CARTESIAN_POINT ( 'NONE',  ( 11.69524414132859036, 0.0000000000000000000, -4.872214931251217962 ) ) ;
#1559 = PRESENTATION_LAYER_ASSIGNMENT (  '', '', ( #3604 ) ) ;
#1560 = CARTESIAN_POINT ( 'NONE',  ( 12.49524414132859107, 0.0000000000000000000, 5.272214931251217429 ) ) ;
#1561 = EDGE_LOOP ( 'NONE', ( #1637, #828, #1856, #1291 ) ) ;
#1562 = STYLED_ITEM ( 'NONE', ( #3984 ), #3096 ) ;
#1563 = FACE_OUTER_BOUND ( 'NONE', #812, .T. ) ;
#1564 = EDGE_CURVE ( 'NONE', #290, #1647, #3669, .T. ) ;
#1565 = SURFACE_STYLE_FILL_AREA ( #1665 ) ;
#1566 = ORIENTED_EDGE ( 'NONE', *, *, #4654, .T. ) ;
#1567 = PRODUCT_DEFINITION_SHAPE ( 'NONE', 'NONE',  #3578 ) ;
#1568 = SURFACE_SIDE_STYLE ('',( #2992 ) ) ;
#1569 = FILL_AREA_STYLE_COLOUR ( '', #648 ) ;
#1570 = EDGE_CURVE ( 'NONE', #2381, #4290, #2054, .T. ) ;
#1571 = ORIENTED_EDGE ( 'NONE', *, *, #1954, .F. ) ;
#1572 =( LENGTH_UNIT ( ) NAMED_UNIT ( * ) SI_UNIT ( .MILLI., .METRE. ) );
#1573 = ORIENTED_EDGE ( 'NONE', *, *, #2914, .T. ) ;
#1574 = PLANE ( 'NONE',  #4662 ) ;
#1575 = EDGE_CURVE ( 'NONE', #2525, #4070, #4616, .T. ) ;
#1576 =( LENGTH_UNIT ( ) NAMED_UNIT ( * ) SI_UNIT ( .MILLI., .METRE. ) );
#1577 = VECTOR ( 'NONE', #3034, 1000.000000000000000 ) ;
#1578 = UNCERTAINTY_MEASURE_WITH_UNIT (LENGTH_MEASURE( 1.000000000000000082E-05 ), #3577, 'distance_accuracy_value', 'NONE');
#1579 = ORIENTED_EDGE ( 'NONE', *, *, #1453, .F. ) ;
#1580 = DIRECTION ( 'NONE',  ( 1.000000000000000000, 0.0000000000000000000, 0.0000000000000000000 ) ) ;
#1581 = COLOUR_RGB ( '',0.7450980392156862919, 0.7372549019607843590, 0.7294117647058823151 ) ;
#1582 = FILL_AREA_STYLE_COLOUR ( '', #2617 ) ;
#1583 = SURFACE_STYLE_FILL_AREA ( #484 ) ;
#1584 = LINE ( 'NONE', #375, #2426 ) ;
#1585 = CARTESIAN_POINT ( 'NONE',  ( 12.89524414132858965, 0.9630741606473910421, -3.926963702298556402 ) ) ;
#1586 = AXIS2_PLACEMENT_3D ( 'NONE', #1501, #4061, #1865 ) ;
#1587 = FILL_AREA_STYLE ('',( #869 ) ) ;
#1588 = SURFACE_STYLE_USAGE ( .BOTH. , #2243 ) ;
#1589 = PRESENTATION_LAYER_ASSIGNMENT (  '', '', ( #4422 ) ) ;
#1590 = SURFACE_STYLE_USAGE ( .BOTH. , #4600 ) ;
#1591 = ORIENTED_EDGE ( 'NONE', *, *, #4460, .T. ) ;
#1592 = STYLED_ITEM ( 'NONE', ( #2817 ), #4521 ) ;
#1593 = DIRECTION ( 'NONE',  ( 0.0000000000000000000, -1.000000000000000000, -0.0000000000000000000 ) ) ;
#1594 = FILL_AREA_STYLE_COLOUR ( '', #4304 ) ;
#1595 = STYLED_ITEM ( 'NONE', ( #2905 ), #4561 ) ;
#1596 = ORIENTED_EDGE ( 'NONE', *, *, #775, .T. ) ;
#1597 = SURFACE_STYLE_FILL_AREA ( #505 ) ;
#1598 = VERTEX_POINT ( 'NONE', #430 ) ;
#1599 = EDGE_CURVE ( 'NONE', #2096, #4550, #4238, .T. ) ;
#1600 = EDGE_CURVE ( 'NONE', #3316, #4883, #597, .T. ) ;
#1601 = LINE ( 'NONE', #1203, #3630 ) ;
#1602 = SURFACE_STYLE_FILL_AREA ( #1674 ) ;
#1603 =( GEOMETRIC_REPRESENTATION_CONTEXT ( 3 ) GLOBAL_UNCERTAINTY_ASSIGNED_CONTEXT ( ( #4644 ) ) GLOBAL_UNIT_ASSIGNED_CONTEXT ( ( #2080, #4251, #2398 ) ) REPRESENTATION_CONTEXT ( 'NONE', 'WORKASPACE' ) );
#1604 = EDGE_CURVE ( 'NONE', #2659, #674, #2926, .T. ) ;
#1605 = ORIENTED_EDGE ( 'NONE', *, *, #4581, .F. ) ;
#1606 = VECTOR ( 'NONE', #238, 1000.000000000000000 ) ;
#1607 = SURFACE_SIDE_STYLE ('',( #4272 ) ) ;
#1608 = SURFACE_SIDE_STYLE ('',( #3132 ) ) ;
#1609 = CARTESIAN_POINT ( 'NONE',  ( 12.28524414132859022, 0.2600000000000000089, -4.272214931251218317 ) ) ;
#1610 = VECTOR ( 'NONE', #1400, 1000.000000000000114 ) ;
#1611 = VERTEX_POINT ( 'NONE', #2856 ) ;
#1612 = SURFACE_STYLE_USAGE ( .BOTH. , #3797 ) ;
#1613 = PRESENTATION_STYLE_ASSIGNMENT (( #56 ) ) ;
#1614 = DIRECTION ( 'NONE',  ( 0.0000000000000000000, -1.000000000000000000, -0.0000000000000000000 ) ) ;
#1615 = COLOUR_RGB ( '',0.7450980392156862919, 0.7372549019607843590, 0.7294117647058823151 ) ;
#1616 = ORIENTED_EDGE ( 'NONE', *, *, #3864, .F. ) ;
#1617 = DIRECTION ( 'NONE',  ( 0.0000000000000000000, 0.0000000000000000000, -1.000000000000000000 ) ) ;
#1618 = EDGE_LOOP ( 'NONE', ( #4349, #4676, #1967, #4700 ) ) ;
#1619 = DIRECTION ( 'NONE',  ( 0.0000000000000000000, 1.000000000000000000, -0.0000000000000000000 ) ) ;
#1620 = ORIENTED_EDGE ( 'NONE', *, *, #2354, .T. ) ;
#1621 = DIRECTION ( 'NONE',  ( 0.0000000000000000000, -1.000000000000000000, -0.0000000000000000000 ) ) ;
#1622 = ORIENTED_EDGE ( 'NONE', *, *, #4382, .T. ) ;
#1623 = SURFACE_SIDE_STYLE ('',( #3783 ) ) ;
#1624 = AXIS2_PLACEMENT_3D ( 'NONE', #4339, #880, #954 ) ;
#1625 = STYLED_ITEM ( 'NONE', ( #3204 ), #4867 ) ;
#1626 = EDGE_CURVE ( 'NONE', #3599, #4416, #1058, .T. ) ;
#1627 = CIRCLE ( 'NONE', #1232, 0.09999999999999896472 ) ;
#1628 = VECTOR ( 'NONE', #2203, 1000.000000000000000 ) ;
#1629 = LINE ( 'NONE', #3124, #1353 ) ;
#1630 = ORIENTED_EDGE ( 'NONE', *, *, #2974, .T. ) ;
#1631 = MECHANICAL_DESIGN_GEOMETRIC_PRESENTATION_REPRESENTATION (  '', ( #3346 ), #837 ) ;
#1632 =( NAMED_UNIT ( * ) PLANE_ANGLE_UNIT ( ) SI_UNIT ( $, .RADIAN. ) );
#1633 = PRESENTATION_STYLE_ASSIGNMENT (( #915 ) ) ;
#1634 = EDGE_CURVE ( 'NONE', #1772, #3316, #2468, .T. ) ;
#1635 = CARTESIAN_POINT ( 'NONE',  ( -2.171357675153835931, 1.384160456538574113, -3.131357675153835896 ) ) ;
#1636 = VECTOR ( 'NONE', #4761, 1000.000000000000000 ) ;
#1637 = ORIENTED_EDGE ( 'NONE', *, *, #3487, .T. ) ;
#1638 = PLANE ( 'NONE',  #4493 ) ;
#1639 = VECTOR ( 'NONE', #866, 1000.000000000000000 ) ;
#1640 = FILL_AREA_STYLE ('',( #2454 ) ) ;
#1641 = SURFACE_STYLE_FILL_AREA ( #137 ) ;
#1642 = PRESENTATION_STYLE_ASSIGNMENT (( #4260 ) ) ;
#1643 = ORIENTED_EDGE ( 'NONE', *, *, #3421, .F. ) ;
#1644 =( LENGTH_UNIT ( ) NAMED_UNIT ( * ) SI_UNIT ( .MILLI., .METRE. ) );
#1645 = ORIENTED_EDGE ( 'NONE', *, *, #872, .F. ) ;
#1646 = CARTESIAN_POINT ( 'NONE',  ( 12.29524414132859000, 1.971469307523565195, 3.399733716353602997 ) ) ;
#1647 = VERTEX_POINT ( 'NONE', #2101 ) ;
#1648 = DIRECTION ( 'NONE',  ( 0.0000000000000000000, 0.0000000000000000000, -1.000000000000000000 ) ) ;
#1649 = EDGE_LOOP ( 'NONE', ( #4580, #2151, #4692, #1566, #3997, #2414, #867, #2536, #344, #458, #4870, #4206 ) ) ;
#1650 =( NAMED_UNIT ( * ) SI_UNIT ( $, .STERADIAN. ) SOLID_ANGLE_UNIT ( ) );
#1651 = ADVANCED_FACE ( 'NONE', ( #4017 ), #151, .T. ) ;
#1652 = DIRECTION ( 'NONE',  ( 0.0000000000000000000, 0.0000000000000000000, -1.000000000000000000 ) ) ;
#1653 = FILL_AREA_STYLE ('',( #1582 ) ) ;
#1654 =( NAMED_UNIT ( * ) SI_UNIT ( $, .STERADIAN. ) SOLID_ANGLE_UNIT ( ) );
#1655 = AXIS2_PLACEMENT_3D ( 'NONE', #2375, #2766, #3861 ) ;
#1656 = CARTESIAN_POINT ( 'NONE',  ( 12.59524414132858894, 0.3512844257252340507, 4.241481526327046225 ) ) ;
#1657 = LINE ( 'NONE', #2400, #2910 ) ;
#1658 = ADVANCED_FACE ( 'NONE', ( #4038 ), #4347, .T. ) ;
#1660 = EDGE_CURVE ( 'NONE', #525, #4799, #752, .T. ) ;
#1659 = VECTOR ( 'NONE', #893, 1000.000000000000000 ) ;
#1661 = DIRECTION ( 'NONE',  ( -0.0000000000000000000, -0.0000000000000000000, -1.000000000000000000 ) ) ;
#1662 = SURFACE_STYLE_USAGE ( .BOTH. , #4333 ) ;
#1663 = DIRECTION ( 'NONE',  ( 1.000000000000000000, 0.0000000000000000000, -0.0000000000000000000 ) ) ;
#1664 = PRESENTATION_LAYER_ASSIGNMENT (  '', '', ( #3467 ) ) ;
#1665 = FILL_AREA_STYLE ('',( #2405 ) ) ;
#1666 = ORIENTED_EDGE ( 'NONE', *, *, #4555, .F. ) ;
#1667 = SURFACE_STYLE_FILL_AREA ( #112 ) ;
#1668 = ORIENTED_EDGE ( 'NONE', *, *, #2207, .T. ) ;
#1669 = EDGE_CURVE ( 'NONE', #3126, #534, #316, .T. ) ;
#1670 = DIRECTION ( 'NONE',  ( -1.695577745606006492E-16, -1.453352353376580497E-17, 1.000000000000000000 ) ) ;
#1671 = MECHANICAL_DESIGN_GEOMETRIC_PRESENTATION_REPRESENTATION (  '', ( #42 ), #1356 ) ;
#1672 = VERTEX_POINT ( 'NONE', #4064 ) ;
#1673 = VECTOR ( 'NONE', #1218, 1000.000000000000114 ) ;
#1674 = FILL_AREA_STYLE ('',( #3073 ) ) ;
#1675 =( LENGTH_UNIT ( ) NAMED_UNIT ( * ) SI_UNIT ( .MILLI., .METRE. ) );
#1676 = VECTOR ( 'NONE', #1266, 1000.000000000000000 ) ;
#1677 = FILL_AREA_STYLE_COLOUR ( '', #4436 ) ;
#1678 = SURFACE_SIDE_STYLE ('',( #1031 ) ) ;
#1679 = ORIENTED_EDGE ( 'NONE', *, *, #3454, .T. ) ;
#1680 = VECTOR ( 'NONE', #4462, 1000.000000000000000 ) ;
#1681 = ORIENTED_EDGE ( 'NONE', *, *, #2290, .F. ) ;
#1682 = SURFACE_SIDE_STYLE ('',( #520 ) ) ;
#1683 = SURFACE_SIDE_STYLE ('',( #2377 ) ) ;
#1684 = LINE ( 'NONE', #3183, #916 ) ;
#1685 = CONTEXT_DEPENDENT_SHAPE_REPRESENTATION ( #3161, #817 ) ;
#1686 = STYLED_ITEM ( 'NONE', ( #4184 ), #381 ) ;
#1687 = EDGE_CURVE ( 'NONE', #3689, #3166, #1133, .T. ) ;
#1688 = CARTESIAN_POINT ( 'NONE',  ( 11.69524414132859036, 0.2600000000000000089, -5.272214931251218317 ) ) ;
#1689 = VERTEX_POINT ( 'NONE', #4117 ) ;
#1690 = PRESENTATION_LAYER_ASSIGNMENT (  '', '', ( #4763 ) ) ;
#1691 = LINE ( 'NONE', #556, #3968 ) ;
#1692 = LINE ( 'NONE', #2462, #1699 ) ;
#1693 = EDGE_CURVE ( 'NONE', #171, #2381, #1485, .T. ) ;
#1694 = PRESENTATION_LAYER_ASSIGNMENT (  '', '', ( #1140 ) ) ;
#1695 = VERTEX_POINT ( 'NONE', #3361 ) ;
#1696 = EDGE_LOOP ( 'NONE', ( #2081, #1538, #2783, #4459 ) ) ;
#1697 = COLOUR_RGB ( '',0.7450980392156862919, 0.7372549019607843590, 0.7294117647058823151 ) ;
#1698 =( NAMED_UNIT ( * ) SI_UNIT ( $, .STERADIAN. ) SOLID_ANGLE_UNIT ( ) );
#1699 = VECTOR ( 'NONE', #4286, 1000.000000000000000 ) ;
#1700 =( NAMED_UNIT ( * ) SI_UNIT ( $, .STERADIAN. ) SOLID_ANGLE_UNIT ( ) );
#1701 = CARTESIAN_POINT ( 'NONE',  ( 12.59524414132858894, 1.971469307523565195, -3.749733716353603086 ) ) ;
#1702 = VECTOR ( 'NONE', #3899, 1000.000000000000000 ) ;
#1703 = CARTESIAN_POINT ( 'NONE',  ( 12.59524414132858894, 2.231469307523564982, 3.749733716353603086 ) ) ;
#1704 = VECTOR ( 'NONE', #1297, 1000.000000000000000 ) ;
#1705 = CARTESIAN_POINT ( 'NONE',  ( 11.69524414132859214, 0.0000000000000000000, -4.872214931251216186 ) ) ;
#1706 = PRESENTATION_LAYER_ASSIGNMENT (  '', '', ( #2341 ) ) ;
#1707 = ORIENTED_EDGE ( 'NONE', *, *, #3281, .T. ) ;
#1708 =( GEOMETRIC_REPRESENTATION_CONTEXT ( 3 ) GLOBAL_UNCERTAINTY_ASSIGNED_CONTEXT ( ( #3068 ) ) GLOBAL_UNIT_ASSIGNED_CONTEXT ( ( #3638, #3659, #1336 ) ) REPRESENTATION_CONTEXT ( 'NONE', 'WORKASPACE' ) );
#1709 =( NAMED_UNIT ( * ) PLANE_ANGLE_UNIT ( ) SI_UNIT ( $, .RADIAN. ) );
#1710 = FILL_AREA_STYLE ('',( #550 ) ) ;
#1711 = CARTESIAN_POINT ( 'NONE',  ( 2.140000000000000568, -1.750000000000000222, -2.732819015537135243 ) ) ;
#1712 = COLOUR_RGB ( '',0.4117647058823529216, 0.4117647058823529216, 0.4117647058823529216 ) ;
#1713 = CARTESIAN_POINT ( 'NONE',  ( 2.290000000000001812, -1.604288745131634470E-17, -3.250000000000000888 ) ) ;
#1714 = DIRECTION ( 'NONE',  ( 0.0000000000000000000, 0.9963466490417508536, 0.08540114134643599086 ) ) ;
#1715 =( GEOMETRIC_REPRESENTATION_CONTEXT ( 3 ) GLOBAL_UNCERTAINTY_ASSIGNED_CONTEXT ( ( #947 ) ) GLOBAL_UNIT_ASSIGNED_CONTEXT ( ( #3265, #2922, #3240 ) ) REPRESENTATION_CONTEXT ( 'NONE', 'WORKASPACE' ) );
#1716 = PRESENTATION_STYLE_ASSIGNMENT (( #67 ) ) ;
#1717 = COLOUR_RGB ( '',0.7450980392156862919, 0.7372549019607843590, 0.7294117647058823151 ) ;
#1718 = EDGE_LOOP ( 'NONE', ( #2369, #413, #3064, #1256 ) ) ;
#1719 = EDGE_CURVE ( 'NONE', #1222, #3061, #3520, .T. ) ;
#1720 = AXIS2_PLACEMENT_3D ( 'NONE', #4754, #1047, #4386 ) ;
#1721 = SHAPE_REPRESENTATION_RELATIONSHIP ( 'NONE' , 'NONE' ,  #4176, #712 ) ;
#1722 = CARTESIAN_POINT ( 'NONE',  ( -2.290000000000000036, 0.0000000000000000000, -3.250000000000001332 ) ) ;
#1723 = ADVANCED_FACE ( 'NONE', ( #2271 ), #1084, .F. ) ;
#1724 = DIRECTION ( 'NONE',  ( 0.7071067811865499042, 0.0000000000000000000, 0.7071067811865452413 ) ) ;
#1725 = PRESENTATION_STYLE_ASSIGNMENT (( #2170 ) ) ;
#1726 = FILL_AREA_STYLE_COLOUR ( '', #3319 ) ;
#1727 = VERTEX_POINT ( 'NONE', #2612 ) ;
#1728 = CARTESIAN_POINT ( 'NONE',  ( 11.89524414132859143, 0.0000000000000000000, 5.072214931251217251 ) ) ;
#1729 = STYLED_ITEM ( 'NONE', ( #2889 ), #3328 ) ;
#1730 = CARTESIAN_POINT ( 'NONE',  ( 12.89524414132859320, 1.971469307523565195, 3.399733716353602997 ) ) ;
#1731 = DIRECTION ( 'NONE',  ( 1.000000000000000000, 0.0000000000000000000, -0.0000000000000000000 ) ) ;
#1732 = DIRECTION ( 'NONE',  ( 0.0000000000000000000, 0.0000000000000000000, -1.000000000000000000 ) ) ;
#1733 = MECHANICAL_DESIGN_GEOMETRIC_PRESENTATION_REPRESENTATION (  '', ( #4735 ), #38 ) ;
#1734 = VERTEX_POINT ( 'NONE', #3765 ) ;
#1735 = VECTOR ( 'NONE', #1548, 1000.000000000000000 ) ;
#1736 = LINE ( 'NONE', #3656, #3094 ) ;
#1737 =( LENGTH_UNIT ( ) NAMED_UNIT ( * ) SI_UNIT ( .MILLI., .METRE. ) );
#1738 = VECTOR ( 'NONE', #1925, 1000.000000000000000 ) ;
#1739 = APPLICATION_CONTEXT ( 'automotive_design' ) ;
#1740 = ADVANCED_FACE ( 'NONE', ( #365 ), #664, .F. ) ;
#1741 = EDGE_CURVE ( 'NONE', #3155, #3776, #1313, .T. ) ;
#1742 = DIRECTION ( 'NONE',  ( -0.08540114134643599086, -0.9963466490417508536, 0.0000000000000000000 ) ) ;
#1743 =( GEOMETRIC_REPRESENTATION_CONTEXT ( 3 ) GLOBAL_UNCERTAINTY_ASSIGNED_CONTEXT ( ( #2190 ) ) GLOBAL_UNIT_ASSIGNED_CONTEXT ( ( #1675, #3902, #4689 ) ) REPRESENTATION_CONTEXT ( 'NONE', 'WORKASPACE' ) );
#1744 = SURFACE_STYLE_FILL_AREA ( #663 ) ;
#1745 = DIRECTION ( 'NONE',  ( 0.0000000000000000000, -0.0000000000000000000, 1.000000000000000000 ) ) ;
#1746 = EDGE_CURVE ( 'NONE', #1770, #4491, #2732, .T. ) ;
#1747 = ORIENTED_EDGE ( 'NONE', *, *, #638, .T. ) ;
#1748 = LINE ( 'NONE', #1705, #264 ) ;
#1749 = EDGE_LOOP ( 'NONE', ( #3070, #1301, #3006, #738 ) ) ;
#1750 =( NAMED_UNIT ( * ) SI_UNIT ( $, .STERADIAN. ) SOLID_ANGLE_UNIT ( ) );
#1751 = LINE ( 'NONE', #2458, #4320 ) ;
#1752 = MECHANICAL_DESIGN_GEOMETRIC_PRESENTATION_REPRESENTATION (  '', ( #3566 ), #4599 ) ;
#1753 = ORIENTED_EDGE ( 'NONE', *, *, #4618, .T. ) ;
#1754 = FACE_OUTER_BOUND ( 'NONE', #1364, .T. ) ;
#1755 = CARTESIAN_POINT ( 'NONE',  ( 12.29524414132859000, 1.871469307523565107, -3.747107441190590027 ) ) ;
#1756 =( LENGTH_UNIT ( ) NAMED_UNIT ( * ) SI_UNIT ( .MILLI., .METRE. ) );
#1757 = VECTOR ( 'NONE', #3870, 1000.000000000000000 ) ;
#1758 = ORIENTED_EDGE ( 'NONE', *, *, #1338, .F. ) ;
#1759 = SURFACE_STYLE_USAGE ( .BOTH. , #4032 ) ;
#1760 = ORIENTED_EDGE ( 'NONE', *, *, #3837, .F. ) ;
#1761 = VECTOR ( 'NONE', #4177, 1000.000000000000000 ) ;
#1762 = UNCERTAINTY_MEASURE_WITH_UNIT (LENGTH_MEASURE( 1.000000000000000082E-05 ), #1756, 'distance_accuracy_value', 'NONE');
#1763 =( NAMED_UNIT ( * ) PLANE_ANGLE_UNIT ( ) SI_UNIT ( $, .RADIAN. ) );
#1764 = CARTESIAN_POINT ( 'NONE',  ( 1.836970198721029934E-16, -1.749999999999999778, -1.500000000000000000 ) ) ;
#1765 = PRESENTATION_LAYER_ASSIGNMENT (  '', '', ( #391 ) ) ;
#1766 = PRODUCT_DEFINITION ( 'UNKNOWN', '', #1004, #2667 ) ;
#1767 = EDGE_CURVE ( 'NONE', #4530, #4508, #4195, .T. ) ;
#1768 =( LENGTH_UNIT ( ) NAMED_UNIT ( * ) SI_UNIT ( .MILLI., .METRE. ) );
#1769 = COLOUR_RGB ( '',0.7450980392156862919, 0.7372549019607843590, 0.7294117647058823151 ) ;
#1770 = VERTEX_POINT ( 'NONE', #425 ) ;
#1771 = SURFACE_STYLE_FILL_AREA ( #619 ) ;
#1772 = VERTEX_POINT ( 'NONE', #397 ) ;
#1773 = DIRECTION ( 'NONE',  ( -0.7071067811865474617, -0.0000000000000000000, 0.7071067811865474617 ) ) ;
#1774 = EDGE_CURVE ( 'NONE', #3320, #768, #2050, .T. ) ;
#1775 = FILL_AREA_STYLE ('',( #1823 ) ) ;
#1776 = CARTESIAN_POINT ( 'NONE',  ( 12.28524414132859022, 0.0000000000000000000, -4.272214931251218317 ) ) ;
#1777 =( LENGTH_UNIT ( ) NAMED_UNIT ( * ) SI_UNIT ( .MILLI., .METRE. ) );
#1778 = VECTOR ( 'NONE', #3911, 1000.000000000000000 ) ;
#1779 = COLOUR_RGB ( '',0.7450980392156862919, 0.7372549019607843590, 0.7294117647058823151 ) ;
#1780 =( BOUNDED_CURVE ( )  B_SPLINE_CURVE ( 3, ( #3574, #4670, #521, #1270 ),
 .UNSPECIFIED., .F., .T. ) 
 B_SPLINE_CURVE_WITH_KNOTS ( ( 4, 4 ),
 ( 4.797894274062898035, 6.283185307179586232 ),
 .UNSPECIFIED. ) 
 CURVE ( )  GEOMETRIC_REPRESENTATION_ITEM ( )  RATIONAL_B_SPLINE_CURVE ( ( 1.000000000000000000, 0.8244547578635019747, 0.8244547578635019747, 1.000000000000000000 ) ) 
 REPRESENTATION_ITEM ( '' )  );
#1781 =( NAMED_UNIT ( * ) SI_UNIT ( $, .STERADIAN. ) SOLID_ANGLE_UNIT ( ) );
#1782 =( GEOMETRIC_REPRESENTATION_CONTEXT ( 3 ) GLOBAL_UNCERTAINTY_ASSIGNED_CONTEXT ( ( #1965 ) ) GLOBAL_UNIT_ASSIGNED_CONTEXT ( ( #1221, #2793, #3108 ) ) REPRESENTATION_CONTEXT ( 'NONE', 'WORKASPACE' ) );
#1783 = DIRECTION ( 'NONE',  ( 0.0000000000000000000, 0.0000000000000000000, -1.000000000000000000 ) ) ;
#1784 = AXIS2_PLACEMENT_3D ( 'NONE', #23, #864, #2372 ) ;
#1785 = EDGE_LOOP ( 'NONE', ( #4331, #266, #4192, #434 ) ) ;
#1786 = DIRECTION ( 'NONE',  ( -1.000000000000000000, 1.004287999999999980E-32, 8.608180000000000423E-34 ) ) ;
#1787 = VECTOR ( 'NONE', #3078, 1000.000000000000000 ) ;
#1788 = FACE_OUTER_BOUND ( 'NONE', #2216, .T. ) ;
#1789 =( NAMED_UNIT ( * ) PLANE_ANGLE_UNIT ( ) SI_UNIT ( $, .RADIAN. ) );
#1790 = SURFACE_SIDE_STYLE ('',( #232 ) ) ;
#1791 =( GEOMETRIC_REPRESENTATION_CONTEXT ( 3 ) GLOBAL_UNCERTAINTY_ASSIGNED_CONTEXT ( ( #4204 ) ) GLOBAL_UNIT_ASSIGNED_CONTEXT ( ( #3876, #4266, #2097 ) ) REPRESENTATION_CONTEXT ( 'NONE', 'WORKASPACE' ) );
#1792 =( LENGTH_UNIT ( ) NAMED_UNIT ( * ) SI_UNIT ( .MILLI., .METRE. ) );
#1793 = CARTESIAN_POINT ( 'NONE',  ( 12.59524414132858894, 0.3599999999999999867, -4.341100996136219692 ) ) ;
#1794 = CARTESIAN_POINT ( 'NONE',  ( 12.89524414132859143, 2.231469307523564538, -3.747107441190590471 ) ) ;
#1795 = COLOUR_RGB ( '',0.7450980392156862919, 0.7372549019607843590, 0.7294117647058823151 ) ;
#1796 = CARTESIAN_POINT ( 'NONE',  ( 12.29524414132859178, 0.2600000000000000089, -4.772214931251219205 ) ) ;
#1797 = CARTESIAN_POINT ( 'NONE',  ( 12.89524414132858965, 1.871469307523565107, 3.747107441190590027 ) ) ;
#1798 = VERTEX_POINT ( 'NONE', #810 ) ;
#1799 = CARTESIAN_POINT ( 'NONE',  ( 12.59524414132858894, 0.3599999999999999867, 4.341100996136219692 ) ) ;
#1800 = EDGE_CURVE ( 'NONE', #324, #2720, #3927, .T. ) ;
#1801 = ORIENTED_EDGE ( 'NONE', *, *, #742, .F. ) ;
#1802 = DIRECTION ( 'NONE',  ( -0.0000000000000000000, 1.000000000000000000, 0.0000000000000000000 ) ) ;
#1803 = LINE ( 'NONE', #4421, #1628 ) ;
#1804 = LINE ( 'NONE', #3820, #1639 ) ;
#1805 = EDGE_LOOP ( 'NONE', ( #3760, #4236, #4556, #77 ) ) ;
#1806 =( NAMED_UNIT ( * ) PLANE_ANGLE_UNIT ( ) SI_UNIT ( $, .RADIAN. ) );
#1807 = EDGE_CURVE ( 'NONE', #4659, #2364, #1553, .T. ) ;
#1808 = FACE_OUTER_BOUND ( 'NONE', #2794, .T. ) ;
#1809 = SURFACE_SIDE_STYLE ('',( #1467 ) ) ;
#1810 = AXIS2_PLACEMENT_3D ( 'NONE', #2959, #297, #1096 ) ;
#1811 = DIRECTION ( 'NONE',  ( 1.000000000000000000, -0.0000000000000000000, 0.0000000000000000000 ) ) ;
#1812 = ORIENTED_EDGE ( 'NONE', *, *, #1599, .F. ) ;
#1813 = CARTESIAN_POINT ( 'NONE',  ( -2.291000000000000814, 1.750000000000000000, 2.250000000000000444 ) ) ;
#1814 = LINE ( 'NONE', #4887, #3439 ) ;
#1815 = ORIENTED_EDGE ( 'NONE', *, *, #3129, .F. ) ;
#1816 =( NAMED_UNIT ( * ) PLANE_ANGLE_UNIT ( ) SI_UNIT ( $, .RADIAN. ) );
#1817 =( NAMED_UNIT ( * ) PLANE_ANGLE_UNIT ( ) SI_UNIT ( $, .RADIAN. ) );
#1818 = VECTOR ( 'NONE', #660, 1000.000000000000000 ) ;
#1819 = DIRECTION ( 'NONE',  ( 0.0000000000000000000, -1.000000000000000000, 0.0000000000000000000 ) ) ;
#1820 =( NAMED_UNIT ( * ) SI_UNIT ( $, .STERADIAN. ) SOLID_ANGLE_UNIT ( ) );
#1821 = ORIENTED_EDGE ( 'NONE', *, *, #1564, .F. ) ;
#1822 = ORIENTED_EDGE ( 'NONE', *, *, #4196, .F. ) ;
#1823 = FILL_AREA_STYLE_COLOUR ( '', #2224 ) ;
#1824 = AXIS2_PLACEMENT_3D ( 'NONE', #3228, #575, #3647 ) ;
#1825 = PRESENTATION_STYLE_ASSIGNMENT (( #3607 ) ) ;
#1826 = CARTESIAN_POINT ( 'NONE',  ( 12.28524414132859022, 0.2600000000000000089, 4.272214931251218317 ) ) ;
#1827 = ORIENTED_EDGE ( 'NONE', *, *, #1922, .F. ) ;
#1828 = FILL_AREA_STYLE ('',( #3370 ) ) ;
#1829 = FILL_AREA_STYLE_COLOUR ( '', #1769 ) ;
#1830 = EDGE_CURVE ( 'NONE', #3940, #855, #4216, .T. ) ;
#1831 = SURFACE_STYLE_USAGE ( .BOTH. , #2623 ) ;
#1832 = LINE ( 'NONE', #3753, #4245 ) ;
#1833 = ORIENTED_EDGE ( 'NONE', *, *, #9, .T. ) ;
#1834 = UNCERTAINTY_MEASURE_WITH_UNIT (LENGTH_MEASURE( 1.000000000000000082E-05 ), #1021, 'distance_accuracy_value', 'NONE');
#1835 = EDGE_CURVE ( 'NONE', #3769, #855, #2314, .T. ) ;
#1836 = DIRECTION ( 'NONE',  ( 1.000000000000000000, 0.0000000000000000000, 0.0000000000000000000 ) ) ;
#1837 = CARTESIAN_POINT ( 'NONE',  ( 12.59524414132858894, 2.231469307523564094, 3.747107441190590915 ) ) ;
#1838 =( GEOMETRIC_REPRESENTATION_CONTEXT ( 3 ) GLOBAL_UNCERTAINTY_ASSIGNED_CONTEXT ( ( #1874 ) ) GLOBAL_UNIT_ASSIGNED_CONTEXT ( ( #1933, #2338, #2696 ) ) REPRESENTATION_CONTEXT ( 'NONE', 'WORKASPACE' ) );
#1839 = VERTEX_POINT ( 'NONE', #20 ) ;
#1840 = CARTESIAN_POINT ( 'NONE',  ( 12.89524414132858965, 0.0000000000000000000, 4.872214931251217962 ) ) ;
#1841 = LINE ( 'NONE', #1132, #440 ) ;
#1842 = SURFACE_SIDE_STYLE ('',( #2656 ) ) ;
#1843 = PLANE ( 'NONE',  #561 ) ;
#1844 = EDGE_LOOP ( 'NONE', ( #1324, #3581, #2438, #4856 ) ) ;
#1845 = PRESENTATION_STYLE_ASSIGNMENT (( #4445 ) ) ;
#1846 = DIRECTION ( 'NONE',  ( -1.000000000000000000, 1.004287999999999980E-32, 8.608180000000000423E-34 ) ) ;
#1847 = PRESENTATION_STYLE_ASSIGNMENT (( #2686 ) ) ;
#1848 =( GEOMETRIC_REPRESENTATION_CONTEXT ( 3 ) GLOBAL_UNCERTAINTY_ASSIGNED_CONTEXT ( ( #149 ) ) GLOBAL_UNIT_ASSIGNED_CONTEXT ( ( #1063, #3694, #4470 ) ) REPRESENTATION_CONTEXT ( 'NONE', 'WORKASPACE' ) );
#1849 =( LENGTH_UNIT ( ) NAMED_UNIT ( * ) SI_UNIT ( .MILLI., .METRE. ) );
#1850 = PLANE ( 'NONE',  #4395 ) ;
#1851 = VECTOR ( 'NONE', #3169, 1000.000000000000000 ) ;
#1852 =( GEOMETRIC_REPRESENTATION_CONTEXT ( 3 ) GLOBAL_UNCERTAINTY_ASSIGNED_CONTEXT ( ( #241 ) ) GLOBAL_UNIT_ASSIGNED_CONTEXT ( ( #2517, #2540, #1698 ) ) REPRESENTATION_CONTEXT ( 'NONE', 'WORKASPACE' ) );
#1853 = SURFACE_SIDE_STYLE ('',( #1145 ) ) ;
#1854 = FILL_AREA_STYLE ('',( #300 ) ) ;
#1855 = MECHANICAL_DESIGN_GEOMETRIC_PRESENTATION_REPRESENTATION (  '', ( #3509 ), #494 ) ;
#1856 = ORIENTED_EDGE ( 'NONE', *, *, #4739, .T. ) ;
#1857 = UNCERTAINTY_MEASURE_WITH_UNIT (LENGTH_MEASURE( 1.000000000000000082E-05 ), #3059, 'distance_accuracy_value', 'NONE');
#1858 =( GEOMETRIC_REPRESENTATION_CONTEXT ( 3 ) GLOBAL_UNCERTAINTY_ASSIGNED_CONTEXT ( ( #1578 ) ) GLOBAL_UNIT_ASSIGNED_CONTEXT ( ( #3577, #3502, #523 ) ) REPRESENTATION_CONTEXT ( 'NONE', 'WORKASPACE' ) );
#1859 = FILL_AREA_STYLE_COLOUR ( '', #376 ) ;
#1860 = CARTESIAN_POINT ( 'NONE',  ( 2.140000000000000124, -1.750000000000000222, -2.951545933454500670 ) ) ;
#1861 = COLOUR_RGB ( '',0.7450980392156862919, 0.7372549019607843590, 0.7294117647058823151 ) ;
#1862 = MECHANICAL_DESIGN_GEOMETRIC_PRESENTATION_REPRESENTATION (  '', ( #2733 ), #2807 ) ;
#1863 = ORIENTED_EDGE ( 'NONE', *, *, #3421, .T. ) ;
#1864 = FILL_AREA_STYLE ('',( #4857 ) ) ;
#1865 = DIRECTION ( 'NONE',  ( 0.0000000000000000000, 0.0000000000000000000, 1.000000000000000000 ) ) ;
#1866 = UNCERTAINTY_MEASURE_WITH_UNIT (LENGTH_MEASURE( 1.000000000000000082E-05 ), #4607, 'distance_accuracy_value', 'NONE');
#1867 = EDGE_CURVE ( 'NONE', #1409, #2699, #74, .T. ) ;
#1868 = MECHANICAL_DESIGN_GEOMETRIC_PRESENTATION_REPRESENTATION (  '', ( #175 ), #1715 ) ;
#1869 = SURFACE_STYLE_USAGE ( .BOTH. , #2680 ) ;
#1870 = CARTESIAN_POINT ( 'NONE',  ( 12.29524414132858823, 1.871469307523565107, 3.747107441190590027 ) ) ;
#1871 = CARTESIAN_POINT ( 'NONE',  ( 12.59524414132858894, 1.971469307523564307, -3.747107441190590915 ) ) ;
#1872 = VECTOR ( 'NONE', #1130, 1000.000000000000000 ) ;
#1873 = SURFACE_STYLE_FILL_AREA ( #3671 ) ;
#1874 = UNCERTAINTY_MEASURE_WITH_UNIT (LENGTH_MEASURE( 1.000000000000000082E-05 ), #1933, 'distance_accuracy_value', 'NONE');
#1875 = CYLINDRICAL_SURFACE ( 'NONE', #3651, 0.4000000000000001887 ) ;
#1876 = LINE ( 'NONE', #4568, #2776 ) ;
#1877 = LINE ( 'NONE', #3718, #4065 ) ;
#1878 =( NAMED_UNIT ( * ) SI_UNIT ( $, .STERADIAN. ) SOLID_ANGLE_UNIT ( ) );
#1879 = FILL_AREA_STYLE ('',( #645 ) ) ;
#1880 = VERTEX_POINT ( 'NONE', #450 ) ;
#1881 = FILL_AREA_STYLE_COLOUR ( '', #3069 ) ;
#1882 = CARTESIAN_POINT ( 'NONE',  ( 0.0000000000000000000, -1.749999999999999778, 0.0000000000000000000 ) ) ;
#1883 = PRESENTATION_STYLE_ASSIGNMENT (( #1470 ) ) ;
#1884 = DIRECTION ( 'NONE',  ( 0.7071067811865467956, 0.0000000000000000000, -0.7071067811865483499 ) ) ;
#1885 = ORIENTED_EDGE ( 'NONE', *, *, #2261, .F. ) ;
#1886 = LINE ( 'NONE', #739, #1449 ) ;
#1887 = UNCERTAINTY_MEASURE_WITH_UNIT (LENGTH_MEASURE( 1.000000000000000082E-05 ), #2601, 'distance_accuracy_value', 'NONE');
#1888 = VECTOR ( 'NONE', #4449, 1000.000000000000000 ) ;
#1889 = DIRECTION ( 'NONE',  ( 0.0000000000000000000, 0.9961946980917455452, -0.08715574274765734708 ) ) ;
#1890 = ORIENTED_EDGE ( 'NONE', *, *, #2566, .F. ) ;
#1891 = DIRECTION ( 'NONE',  ( 0.0000000000000000000, -0.0000000000000000000, 1.000000000000000000 ) ) ;
#1892 = DIRECTION ( 'NONE',  ( 1.000000000000000000, 0.0000000000000000000, 0.0000000000000000000 ) ) ;
#1893 = ADVANCED_FACE ( 'NONE', ( #3093 ), #47, .F. ) ;
#1895 = EDGE_CURVE ( 'NONE', #2699, #1124, #4661, .T. ) ;
#1894 = AXIS2_PLACEMENT_3D ( 'NONE', #1722, #1358, #1742 ) ;
#1896 = CYLINDRICAL_SURFACE ( 'NONE', #2913, 0.3600000000000000977 ) ;
#1897 = ORIENTED_EDGE ( 'NONE', *, *, #2424, .T. ) ;
#1898 = SURFACE_STYLE_USAGE ( .BOTH. , #2955 ) ;
#1899 =( LENGTH_UNIT ( ) NAMED_UNIT ( * ) SI_UNIT ( .MILLI., .METRE. ) );
#1900 = ADVANCED_FACE ( 'NONE', ( #3639 ), #594, .F. ) ;
#1901 = LINE ( 'NONE', #1187, #3838 ) ;
#1902 = MECHANICAL_DESIGN_GEOMETRIC_PRESENTATION_REPRESENTATION (  '', ( #1592 ), #3159 ) ;
#1903 = CARTESIAN_POINT ( 'NONE',  ( -2.289999999999999591, 7.748513113688634847E-17, -3.250000000000001332 ) ) ;
#1904 = ORIENTED_EDGE ( 'NONE', *, *, #2947, .T. ) ;
#1905 = SURFACE_STYLE_USAGE ( .BOTH. , #3770 ) ;
#1906 = DIRECTION ( 'NONE',  ( -1.000000000000000000, 3.104640950778811161E-17, 3.548620844869660172E-16 ) ) ;
#1907 =( NAMED_UNIT ( * ) SI_UNIT ( $, .STERADIAN. ) SOLID_ANGLE_UNIT ( ) );
#1908 = CYLINDRICAL_SURFACE ( 'NONE', #3850, 0.3599999999999987654 ) ;
#1909 = ORIENTED_EDGE ( 'NONE', *, *, #2919, .T. ) ;
#1910 = FILL_AREA_STYLE ('',( #1569 ) ) ;
#1911 = PRESENTATION_LAYER_ASSIGNMENT (  '', '', ( #3564 ) ) ;
#1912 = LINE ( 'NONE', #2457, #4544 ) ;
#1913 = EDGE_LOOP ( 'NONE', ( #1622, #2267, #4608, #4152 ) ) ;
#1914 =( NAMED_UNIT ( * ) PLANE_ANGLE_UNIT ( ) SI_UNIT ( $, .RADIAN. ) );
#1915 = PRODUCT_DEFINITION_SHAPE ( 'NONE', 'NONE',  #333 ) ;
#1916 = FACE_OUTER_BOUND ( 'NONE', #4480, .T. ) ;
#1917 = VECTOR ( 'NONE', #2622, 1000.000000000000000 ) ;
#1918 = ORIENTED_EDGE ( 'NONE', *, *, #1303, .F. ) ;
#1919 =( NAMED_UNIT ( * ) PLANE_ANGLE_UNIT ( ) SI_UNIT ( $, .RADIAN. ) );
#1920 = LINE ( 'NONE', #4518, #3751 ) ;
#1921 = STYLED_ITEM ( 'NONE', ( #3998 ), #815 ) ;
#1922 = EDGE_CURVE ( 'NONE', #2174, #171, #4389, .T. ) ;
#1923 = UNCERTAINTY_MEASURE_WITH_UNIT (LENGTH_MEASURE( 1.000000000000000082E-05 ), #2555, 'distance_accuracy_value', 'NONE');
#1924 = CARTESIAN_POINT ( 'NONE',  ( 12.29524414132859000, 0.0000000000000000000, 4.772214931251219205 ) ) ;
#1925 = DIRECTION ( 'NONE',  ( -1.000000000000000000, -0.0000000000000000000, 0.0000000000000000000 ) ) ;
#1926 = CARTESIAN_POINT ( 'NONE',  ( 12.89524414132858965, 1.902845374912722098, 4.105737532503618503 ) ) ;
#1927 = DIRECTION ( 'NONE',  ( -1.695577745606006492E-16, 1.453352353376580497E-17, 1.000000000000000000 ) ) ;
#1928 = STYLED_ITEM ( 'NONE', ( #2650 ), #1010 ) ;
#1929 = VERTEX_POINT ( 'NONE', #614 ) ;
#1930 =( NAMED_UNIT ( * ) PLANE_ANGLE_UNIT ( ) SI_UNIT ( $, .RADIAN. ) );
#1931 = ORIENTED_EDGE ( 'NONE', *, *, #1741, .T. ) ;
#1932 = ADVANCED_FACE ( 'NONE', ( #2123 ), #2803, .T. ) ;
#1933 =( LENGTH_UNIT ( ) NAMED_UNIT ( * ) SI_UNIT ( .MILLI., .METRE. ) );
#1934 = SURFACE_SIDE_STYLE ('',( #357 ) ) ;
#1935 = VECTOR ( 'NONE', #148, 1000.000000000000000 ) ;
#1936 = UNCERTAINTY_MEASURE_WITH_UNIT (LENGTH_MEASURE( 1.000000000000000082E-05 ), #1576, 'distance_accuracy_value', 'NONE');
#1937 = DIRECTION ( 'NONE',  ( -1.000000000000000000, 0.0000000000000000000, 0.0000000000000000000 ) ) ;
#1938 = VECTOR ( 'NONE', #3210, 1000.000000000000000 ) ;
#1939 = AXIS2_PLACEMENT_3D ( 'NONE', #3622, #1429, #4062 ) ;
#1940 = VERTEX_POINT ( 'NONE', #1764 ) ;
#1941 = CARTESIAN_POINT ( 'NONE',  ( 12.29524414132859000, 0.3599999999999999867, -4.341100996136219692 ) ) ;
#1942 = COLOUR_RGB ( '',0.2705882352941176294, 0.2705882352941176294, 0.2705882352941176294 ) ;
#1943 = ORIENTED_EDGE ( 'NONE', *, *, #3454, .F. ) ;
#1944 = COLOUR_RGB ( '',0.2705882352941176294, 0.2705882352941176294, 0.2705882352941176294 ) ;
#1945 =( BOUNDED_CURVE ( )  B_SPLINE_CURVE ( 3, ( #2380, #2333, #3889, #110 ),
 .UNSPECIFIED., .F., .T. ) 
 B_SPLINE_CURVE_WITH_KNOTS ( ( 4, 4 ),
 ( 3.141592653589791784, 4.626883686706484866 ),
 .UNSPECIFIED. ) 
 CURVE ( )  GEOMETRIC_REPRESENTATION_ITEM ( )  RATIONAL_B_SPLINE_CURVE ( ( 1.000000000000000000, 0.8244547578635007534, 0.8244547578635007534, 1.000000000000000000 ) ) 
 REPRESENTATION_ITEM ( '' )  );
#1946 = DIRECTION ( 'NONE',  ( -0.0000000000000000000, 0.0000000000000000000, 1.000000000000000000 ) ) ;
#1947 =( GEOMETRIC_REPRESENTATION_CONTEXT ( 3 ) GLOBAL_UNCERTAINTY_ASSIGNED_CONTEXT ( ( #66 ) ) GLOBAL_UNIT_ASSIGNED_CONTEXT ( ( #4506, #2994, #2557 ) ) REPRESENTATION_CONTEXT ( 'NONE', 'WORKASPACE' ) );
#1948 = DIRECTION ( 'NONE',  ( -0.0000000000000000000, 1.000000000000000000, -0.0000000000000000000 ) ) ;
#1949 = STYLED_ITEM ( 'NONE', ( #1725 ), #1658 ) ;
#1950 = COLOUR_RGB ( '',0.2705882352941176294, 0.2705882352941176294, 0.2705882352941176294 ) ;
#1951 = ORIENTED_EDGE ( 'NONE', *, *, #3704, .F. ) ;
#1952 = DIRECTION ( 'NONE',  ( -0.0000000000000000000, -0.0000000000000000000, 1.000000000000000000 ) ) ;
#1953 = DIRECTION ( 'NONE',  ( 0.7071067811865499042, 0.0000000000000000000, -0.7071067811865452413 ) ) ;
#1954 = EDGE_CURVE ( 'NONE', #1129, #3212, #3264, .T. ) ;
#1955 = VERTEX_POINT ( 'NONE', #233 ) ;
#1956 = CARTESIAN_POINT ( 'NONE',  ( 12.89524414132859320, 1.971469307523565195, 3.399733716353602997 ) ) ;
#1957 = VECTOR ( 'NONE', #4262, 1000.000000000000000 ) ;
#1958 =( LENGTH_UNIT ( ) NAMED_UNIT ( * ) SI_UNIT ( .MILLI., .METRE. ) );
#1959 = DIRECTION ( 'NONE',  ( -1.000000000000000000, 0.0000000000000000000, 0.0000000000000000000 ) ) ;
#1960 = EDGE_CURVE ( 'NONE', #4181, #1955, #1030, .T. ) ;
#1961 = DIRECTION ( 'NONE',  ( 1.000000000000000000, 4.951616000000000261E-17, 3.592136000000000158E-16 ) ) ;
#1962 = VERTEX_POINT ( 'NONE', #1128 ) ;
#1963 = ORIENTED_EDGE ( 'NONE', *, *, #302, .T. ) ;
#1964 = UNCERTAINTY_MEASURE_WITH_UNIT (LENGTH_MEASURE( 1.000000000000000082E-05 ), #3525, 'distance_accuracy_value', 'NONE');
#1965 = UNCERTAINTY_MEASURE_WITH_UNIT (LENGTH_MEASURE( 1.000000000000000082E-05 ), #1221, 'distance_accuracy_value', 'NONE');
#1966 = DIRECTION ( 'NONE',  ( -0.0000000000000000000, 0.9961946980917455452, -0.08715574274765795770 ) ) ;
#1967 = ORIENTED_EDGE ( 'NONE', *, *, #2561, .F. ) ;
#1968 = DIRECTION ( 'NONE',  ( 1.000000000000000000, 0.0000000000000000000, 0.0000000000000000000 ) ) ;
#1969 = LINE ( 'NONE', #1997, #1735 ) ;
#1970 = PRESENTATION_STYLE_ASSIGNMENT (( #3465 ) ) ;
#1971 = CARTESIAN_POINT ( 'NONE',  ( -1.290000000000000924, 1.650000000000000355, 1.609999999999998987 ) ) ;
#1972 = UNCERTAINTY_MEASURE_WITH_UNIT (LENGTH_MEASURE( 1.000000000000000082E-05 ), #757, 'distance_accuracy_value', 'NONE');
#1973 = UNCERTAINTY_MEASURE_WITH_UNIT (LENGTH_MEASURE( 1.000000000000000082E-05 ), #4234, 'distance_accuracy_value', 'NONE');
#1974 = ORIENTED_EDGE ( 'NONE', *, *, #3560, .F. ) ;
#1975 = SURFACE_STYLE_USAGE ( .BOTH. , #1288 ) ;
#1976 = STYLED_ITEM ( 'NONE', ( #4442 ), #3814 ) ;
#1977 = DIRECTION ( 'NONE',  ( 1.000000000000000000, 4.951616000000000261E-17, 3.592136000000000158E-16 ) ) ;
#1978 = PRESENTATION_STYLE_ASSIGNMENT (( #4223 ) ) ;
#1979 = EDGE_LOOP ( 'NONE', ( #1616, #1885, #3293, #1679 ) ) ;
#1980 = LINE ( 'NONE', #3105, #4345 ) ;
#1981 = UNCERTAINTY_MEASURE_WITH_UNIT (LENGTH_MEASURE( 1.000000000000000082E-05 ), #4836, 'distance_accuracy_value', 'NONE');
#1982 = VECTOR ( 'NONE', #1206, 1000.000000000000000 ) ;
#1983 = CARTESIAN_POINT ( 'NONE',  ( 12.28524414132859022, 0.0000000000000000000, 4.272214931251218317 ) ) ;
#1984 = CARTESIAN_POINT ( 'NONE',  ( 12.89524414132859143, 1.971469307523564751, 3.747107441190590471 ) ) ;
#1985 = ORIENTED_EDGE ( 'NONE', *, *, #4433, .F. ) ;
#1986 = FACE_OUTER_BOUND ( 'NONE', #1393, .T. ) ;
#1987 = VERTEX_POINT ( 'NONE', #4808 ) ;
#1988 = AXIS2_PLACEMENT_3D ( 'NONE', #1796, #3595, #986 ) ;
#1989 = VECTOR ( 'NONE', #1906, 1000.000000000000000 ) ;
#1990 = CARTESIAN_POINT ( 'NONE',  ( 12.28524414132859022, 0.0000000000000000000, 4.772214931251219205 ) ) ;
#1991 = EDGE_CURVE ( 'NONE', #806, #497, #1627, .T. ) ;
#1992 = CARTESIAN_POINT ( 'NONE',  ( 11.69524414132859036, 0.0000000000000000000, -4.272214931251218317 ) ) ;
#1993 = VECTOR ( 'NONE', #4471, 1000.000000000000000 ) ;
#1994 = ORIENTED_EDGE ( 'NONE', *, *, #3548, .T. ) ;
#1995 = CARTESIAN_POINT ( 'NONE',  ( 12.59524414132858894, 0.9630741606473910421, 3.926963702298556402 ) ) ;
#1996 = ORIENTED_EDGE ( 'NONE', *, *, #170, .F. ) ;
#1997 = CARTESIAN_POINT ( 'NONE',  ( 12.29524414132859000, 2.231469307523564982, 3.399733716353602997 ) ) ;
#1998 = EDGE_CURVE ( 'NONE', #666, #2653, #1814, .T. ) ;
#1999 = CIRCLE ( 'NONE', #4039, 0.4500000000000001221 ) ;
#2000 = CARTESIAN_POINT ( 'NONE',  ( 11.69524414132859036, 0.2600000000000000089, -5.272214931251218317 ) ) ;
#2001 = EDGE_LOOP ( 'NONE', ( #2060, #3693, #1196, #4601 ) ) ;
#2002 =( GEOMETRIC_REPRESENTATION_CONTEXT ( 3 ) GLOBAL_UNCERTAINTY_ASSIGNED_CONTEXT ( ( #3546 ) ) GLOBAL_UNIT_ASSIGNED_CONTEXT ( ( #37, #2968, #4532 ) ) REPRESENTATION_CONTEXT ( 'NONE', 'WORKASPACE' ) );
#2003 = CARTESIAN_POINT ( 'NONE',  ( 12.59524414132858894, 1.971469307523565195, 3.399733716353602997 ) ) ;
#2004 = PLANE ( 'NONE',  #3047 ) ;
#2005 =( NAMED_UNIT ( * ) PLANE_ANGLE_UNIT ( ) SI_UNIT ( $, .RADIAN. ) );
#2006 = STYLED_ITEM ( 'NONE', ( #167 ), #609 ) ;
#2007 = EDGE_LOOP ( 'NONE', ( #422, #1643, #3810, #4174 ) ) ;
#2008 = LINE ( 'NONE', #1216, #1659 ) ;
#2009 =( GEOMETRIC_REPRESENTATION_CONTEXT ( 3 ) GLOBAL_UNCERTAINTY_ASSIGNED_CONTEXT ( ( #343 ) ) GLOBAL_UNIT_ASSIGNED_CONTEXT ( ( #3611, #2254, #2302 ) ) REPRESENTATION_CONTEXT ( 'NONE', 'WORKASPACE' ) );
#2010 = SURFACE_SIDE_STYLE ('',( #4648 ) ) ;
#2011 =( NAMED_UNIT ( * ) PLANE_ANGLE_UNIT ( ) SI_UNIT ( $, .RADIAN. ) );
#2012 = ORIENTED_EDGE ( 'NONE', *, *, #3067, .T. ) ;
#2013 = DIRECTION ( 'NONE',  ( -1.000000000000000000, -4.951616000000000261E-17, 3.592136000000000158E-16 ) ) ;
#2014 = ORIENTED_EDGE ( 'NONE', *, *, #1176, .T. ) ;
#2015 = SURFACE_SIDE_STYLE ('',( #3558 ) ) ;
#2016 = CARTESIAN_POINT ( 'NONE',  ( 12.29524414132859000, 0.3599999999999999867, -4.341100996136219692 ) ) ;
#2017 =( GEOMETRIC_REPRESENTATION_CONTEXT ( 3 ) GLOBAL_UNCERTAINTY_ASSIGNED_CONTEXT ( ( #3788 ) ) GLOBAL_UNIT_ASSIGNED_CONTEXT ( ( #4567, #1632, #2428 ) ) REPRESENTATION_CONTEXT ( 'NONE', 'WORKASPACE' ) );
#2018 = ORIENTED_EDGE ( 'NONE', *, *, #174, .F. ) ;
#2019 = FILL_AREA_STYLE_COLOUR ( '', #4789 ) ;
#2020 = EDGE_CURVE ( 'NONE', #1508, #4074, #4132, .T. ) ;
#2021 = ORIENTED_EDGE ( 'NONE', *, *, #1383, .F. ) ;
#2022 = VECTOR ( 'NONE', #1355, 1000.000000000000000 ) ;
#2023 = STYLED_ITEM ( 'NONE', ( #1716 ), #1026 ) ;
#2024 = CARTESIAN_POINT ( 'NONE',  ( 12.28524414132859022, 0.2600000000000000089, 4.351100996136220367 ) ) ;
#2025 = CIRCLE ( 'NONE', #2723, 0.3600000000000000977 ) ;
#2026 = EDGE_CURVE ( 'NONE', #768, #3146, #2607, .T. ) ;
#2027 = SURFACE_STYLE_USAGE ( .BOTH. , #480 ) ;
#2028 = UNCERTAINTY_MEASURE_WITH_UNIT (LENGTH_MEASURE( 1.000000000000000082E-05 ), #28, 'distance_accuracy_value', 'NONE');
#2029 = PRESENTATION_LAYER_ASSIGNMENT (  '', '', ( #2575 ) ) ;
#2030 = LINE ( 'NONE', #3570, #885 ) ;
#2031 = DIRECTION ( 'NONE',  ( 0.0000000000000000000, -0.9961946980917455452, -0.08715574274765795770 ) ) ;
#2032 =( LENGTH_UNIT ( ) NAMED_UNIT ( * ) SI_UNIT ( .MILLI., .METRE. ) );
#2033 = EDGE_CURVE ( 'NONE', #4849, #4022, #2265, .T. ) ;
#2034 = LINE ( 'NONE', #3472, #761 ) ;
#2035 = AXIS2_PLACEMENT_3D ( 'NONE', #488, #2711, #4225 ) ;
#2036 = ORIENTED_EDGE ( 'NONE', *, *, #4066, .F. ) ;
#2037 = PRESENTATION_STYLE_ASSIGNMENT (( #4256 ) ) ;
#2038 = VECTOR ( 'NONE', #4658, 1000.000000000000000 ) ;
#2039 = LINE ( 'NONE', #3807, #1778 ) ;
#2040 = CARTESIAN_POINT ( 'NONE',  ( 12.29524414132859000, 1.971469307523565195, 3.399733716353602997 ) ) ;
#2041 = EDGE_LOOP ( 'NONE', ( #43, #3195, #1450, #980 ) ) ;
#2042 = SURFACE_SIDE_STYLE ('',( #3163 ) ) ;
#2043 = AXIS2_PLACEMENT_3D ( 'NONE', #1793, #4809, #2518 ) ;
#2044 = ORIENTED_EDGE ( 'NONE', *, *, #4460, .F. ) ;
#2045 = PRESENTATION_STYLE_ASSIGNMENT (( #3561 ) ) ;
#2046 = DIRECTION ( 'NONE',  ( 0.0000000000000000000, 0.0000000000000000000, 1.000000000000000000 ) ) ;
#2047 = ORIENTED_EDGE ( 'NONE', *, *, #776, .F. ) ;
#2048 = FILL_AREA_STYLE ('',( #2019 ) ) ;
#2049 = ORIENTED_EDGE ( 'NONE', *, *, #1482, .T. ) ;
#2050 = LINE ( 'NONE', #4269, #483 ) ;
#2051 = PRODUCT_RELATED_PRODUCT_CATEGORY ( 'part', '', ( #3095 ) ) ;
#2052 = EDGE_CURVE ( 'NONE', #818, #625, #3759, .T. ) ;
#2053 = FACE_OUTER_BOUND ( 'NONE', #968, .T. ) ;
#2054 = LINE ( 'NONE', #404, #1787 ) ;
#2055 = VECTOR ( 'NONE', #2597, 1000.000000000000000 ) ;
#2056 = CARTESIAN_POINT ( 'NONE',  ( 12.89524414132858965, 0.2600000000000000089, -5.272214931251218317 ) ) ;
#2057 = ORIENTED_EDGE ( 'NONE', *, *, #2261, .T. ) ;
#2058 =( LENGTH_UNIT ( ) NAMED_UNIT ( * ) SI_UNIT ( .MILLI., .METRE. ) );
#2059 = STYLED_ITEM ( 'NONE', ( #4417 ), #3676 ) ;
#2060 = ORIENTED_EDGE ( 'NONE', *, *, #4555, .T. ) ;
#2061 = SURFACE_SIDE_STYLE ('',( #86 ) ) ;
#2062 = EDGE_CURVE ( 'NONE', #806, #1518, #1053, .T. ) ;
#2063 = DIRECTION ( 'NONE',  ( -0.0000000000000000000, -1.000000000000000000, 0.0000000000000000000 ) ) ;
#2064 =( NAMED_UNIT ( * ) SI_UNIT ( $, .STERADIAN. ) SOLID_ANGLE_UNIT ( ) );
#2065 = CARTESIAN_POINT ( 'NONE',  ( 0.0000000000000000000, 1.750000000000000000, -2.732819015537134799 ) ) ;
#2066 = VECTOR ( 'NONE', #1483, 1000.000000000000000 ) ;
#2067 = LINE ( 'NONE', #1713, #2962 ) ;
#2068 = EDGE_LOOP ( 'NONE', ( #4241, #2240, #3643, #320, #3088, #2902, #701, #1215 ) ) ;
#2069 = ORIENTED_EDGE ( 'NONE', *, *, #3198, .T. ) ;
#2070 = FACE_OUTER_BOUND ( 'NONE', #588, .T. ) ;
#2071 = AXIS2_PLACEMENT_3D ( 'NONE', #4035, #4810, #2946 ) ;
#2072 = DIRECTION ( 'NONE',  ( 0.0000000000000000000, -0.0000000000000000000, 1.000000000000000000 ) ) ;
#2073 = SURFACE_SIDE_STYLE ('',( #2308 ) ) ;
#2074 = EDGE_LOOP ( 'NONE', ( #3778, #2625, #3099, #2670 ) ) ;
#2075 = VECTOR ( 'NONE', #4257, 1000.000000000000000 ) ;
#2076 = ORIENTED_EDGE ( 'NONE', *, *, #1719, .T. ) ;
#2077 = AXIS2_PLACEMENT_3D ( 'NONE', #51, #3470, #103 ) ;
#2078 = PRESENTATION_STYLE_ASSIGNMENT (( #536 ) ) ;
#2079 = DIRECTION ( 'NONE',  ( 0.0000000000000000000, 1.000000000000000000, -0.0000000000000000000 ) ) ;
#2080 =( LENGTH_UNIT ( ) NAMED_UNIT ( * ) SI_UNIT ( .MILLI., .METRE. ) );
#2081 = ORIENTED_EDGE ( 'NONE', *, *, #881, .F. ) ;
#2082 = CARTESIAN_POINT ( 'NONE',  ( 12.29524414132859000, 1.971469307523565195, 3.399733716353602997 ) ) ;
#2083 = EDGE_CURVE ( 'NONE', #1443, #818, #914, .T. ) ;
#2084 = ORIENTED_EDGE ( 'NONE', *, *, #1867, .T. ) ;
#2085 = UNCERTAINTY_MEASURE_WITH_UNIT (LENGTH_MEASURE( 1.000000000000000082E-05 ), #467, 'distance_accuracy_value', 'NONE');
#2086 = CYLINDRICAL_SURFACE ( 'NONE', #1037, 0.4500000000000001221 ) ;
#2087 = SHAPE_DEFINITION_REPRESENTATION ( #1174, #4685 ) ;
#2088 = STYLED_ITEM ( 'NONE', ( #3960 ), #475 ) ;
#2089 = SURFACE_SIDE_STYLE ('',( #4027 ) ) ;
#2090 = ORIENTED_EDGE ( 'NONE', *, *, #669, .T. ) ;
#2091 = ADVANCED_FACE ( 'NONE', ( #4085 ), #2920, .T. ) ;
#2092 =( GEOMETRIC_REPRESENTATION_CONTEXT ( 3 ) GLOBAL_UNCERTAINTY_ASSIGNED_CONTEXT ( ( #4636 ) ) GLOBAL_UNIT_ASSIGNED_CONTEXT ( ( #1295, #2816, #437 ) ) REPRESENTATION_CONTEXT ( 'NONE', 'WORKASPACE' ) );
#2093 = FILL_AREA_STYLE ('',( #3113 ) ) ;
#2094 = CARTESIAN_POINT ( 'NONE',  ( 11.69524414132859036, 0.0000000000000000000, -5.272214931251218317 ) ) ;
#2095 = VECTOR ( 'NONE', #1773, 1000.000000000000114 ) ;
#2096 = VERTEX_POINT ( 'NONE', #4435 ) ;
#2097 =( NAMED_UNIT ( * ) SI_UNIT ( $, .STERADIAN. ) SOLID_ANGLE_UNIT ( ) );
#2098 = EDGE_CURVE ( 'NONE', #4416, #2725, #4057, .T. ) ;
#2099 = COLOUR_RGB ( '',0.7450980392156862919, 0.7372549019607843590, 0.7294117647058823151 ) ;
#2100 = AXIS2_PLACEMENT_3D ( 'NONE', #471, #530, #143 ) ;
#2101 = CARTESIAN_POINT ( 'NONE',  ( 12.29524414132859000, 0.3286239326108430503, 3.982470904823191216 ) ) ;
#2102 = VECTOR ( 'NONE', #1614, 1000.000000000000000 ) ;
#2103 = EDGE_LOOP ( 'NONE', ( #4020, #2584, #2508, #118 ) ) ;
#2104 = CARTESIAN_POINT ( 'NONE',  ( 12.59524414132858894, 1.971469307523564307, 3.747107441190590915 ) ) ;
#2105 =( GEOMETRIC_REPRESENTATION_CONTEXT ( 3 ) GLOBAL_UNCERTAINTY_ASSIGNED_CONTEXT ( ( #1234 ) ) GLOBAL_UNIT_ASSIGNED_CONTEXT ( ( #2288, #2971, #2651 ) ) REPRESENTATION_CONTEXT ( 'NONE', 'WORKASPACE' ) );
#2106 =( GEOMETRIC_REPRESENTATION_CONTEXT ( 3 ) GLOBAL_UNCERTAINTY_ASSIGNED_CONTEXT ( ( #3727 ) ) GLOBAL_UNIT_ASSIGNED_CONTEXT ( ( #576, #2572, #2528 ) ) REPRESENTATION_CONTEXT ( 'NONE', 'WORKASPACE' ) );
#2107 = ORIENTED_EDGE ( 'NONE', *, *, #1382, .F. ) ;
#2108 = CARTESIAN_POINT ( 'NONE',  ( 12.89524414132858965, 2.231469307523564982, 3.747107441190590471 ) ) ;
#2109 =( GEOMETRIC_REPRESENTATION_CONTEXT ( 3 ) GLOBAL_UNCERTAINTY_ASSIGNED_CONTEXT ( ( #2778 ) ) GLOBAL_UNIT_ASSIGNED_CONTEXT ( ( #31, #2606, #2716 ) ) REPRESENTATION_CONTEXT ( 'NONE', 'WORKASPACE' ) );
#2110 = FACE_OUTER_BOUND ( 'NONE', #3983, .T. ) ;
#2111 = APPLICATION_PROTOCOL_DEFINITION ( 'draft international standard', 'automotive_design', 1998, #3567 ) ;
#2112 = STYLED_ITEM ( 'NONE', ( #2878 ), #1651 ) ;
#2113 = VERTEX_POINT ( 'NONE', #260 ) ;
#2114 = CARTESIAN_POINT ( 'NONE',  ( -2.290500000000001091, 1.149999999999999911, 2.749961872679993036 ) ) ;
#2115 = CARTESIAN_POINT ( 'NONE',  ( 12.28524414132859022, 0.0000000000000000000, 4.272214931251218317 ) ) ;
#2116 = EDGE_CURVE ( 'NONE', #3845, #1689, #3307, .T. ) ;
#2117 = MECHANICAL_DESIGN_GEOMETRIC_PRESENTATION_REPRESENTATION (  '', ( #1406 ), #2655 ) ;
#2118 = PLANE ( 'NONE',  #4793 ) ;
#2119 = FILL_AREA_STYLE_COLOUR ( '', #4684 ) ;
#2120 = AXIS2_PLACEMENT_3D ( 'NONE', #139, #2719, #2407 ) ;
#2121 = EDGE_CURVE ( 'NONE', #3447, #2728, #3165, .T. ) ;
#2122 = PRESENTATION_STYLE_ASSIGNMENT (( #4409 ) ) ;
#2123 = FACE_OUTER_BOUND ( 'NONE', #3091, .T. ) ;
#2124 = CARTESIAN_POINT ( 'NONE',  ( 12.49524414132859107, 0.2600000000000000644, 5.272214931251217429 ) ) ;
#2125 = LINE ( 'NONE', #3268, #578 ) ;
#2126 = CARTESIAN_POINT ( 'NONE',  ( 12.89524414132858965, 0.0000000000000000000, 4.772214931251219205 ) ) ;
#2127 = ORIENTED_EDGE ( 'NONE', *, *, #3730, .T. ) ;
#2128 = SURFACE_STYLE_FILL_AREA ( #1363 ) ;
#2129 = UNCERTAINTY_MEASURE_WITH_UNIT (LENGTH_MEASURE( 1.000000000000000082E-05 ), #707, 'distance_accuracy_value', 'NONE');
#2130 =( GEOMETRIC_REPRESENTATION_CONTEXT ( 3 ) GLOBAL_UNCERTAINTY_ASSIGNED_CONTEXT ( ( #3348 ) ) GLOBAL_UNIT_ASSIGNED_CONTEXT ( ( #647, #2135, #554 ) ) REPRESENTATION_CONTEXT ( 'NONE', 'WORKASPACE' ) );
#2131 = CARTESIAN_POINT ( 'NONE',  ( 12.29524414132859000, 1.971469307523565195, -3.399733716353602997 ) ) ;
#2132 = SURFACE_STYLE_USAGE ( .BOTH. , #4001 ) ;
#2133 = CARTESIAN_POINT ( 'NONE',  ( 12.89524414132858965, 0.3286239326108430503, 3.982470904823191216 ) ) ;
#2134 = FILL_AREA_STYLE_COLOUR ( '', #405 ) ;
#2135 =( NAMED_UNIT ( * ) PLANE_ANGLE_UNIT ( ) SI_UNIT ( $, .RADIAN. ) );
#2136 = PRESENTATION_LAYER_ASSIGNMENT (  '', '', ( #1976 ) ) ;
#2137 =( BOUNDED_CURVE ( )  B_SPLINE_CURVE ( 3, ( #4860, #312, #2542, #2923 ),
 .UNSPECIFIED., .F., .T. ) 
 B_SPLINE_CURVE_WITH_KNOTS ( ( 4, 4 ),
 ( 4.797894274062890041, 6.283185307179582679 ),
 .UNSPECIFIED. ) 
 CURVE ( )  GEOMETRIC_REPRESENTATION_ITEM ( )  RATIONAL_B_SPLINE_CURVE ( ( 1.000000000000000000, 0.8244547578635001983, 0.8244547578635001983, 1.000000000000000000 ) ) 
 REPRESENTATION_ITEM ( '' )  );
#2138 = FILL_AREA_STYLE ('',( #2483 ) ) ;
#2139 = SURFACE_STYLE_USAGE ( .BOTH. , #1809 ) ;
#2140 = ORIENTED_EDGE ( 'NONE', *, *, #1086, .F. ) ;
#2141 = COLOUR_RGB ( '',0.7450980392156862919, 0.7372549019607843590, 0.7294117647058823151 ) ;
#2142 =( LENGTH_UNIT ( ) NAMED_UNIT ( * ) SI_UNIT ( .MILLI., .METRE. ) );
#2143 = UNCERTAINTY_MEASURE_WITH_UNIT (LENGTH_MEASURE( 1.000000000000000082E-05 ), #4917, 'distance_accuracy_value', 'NONE');
#2144 =( LENGTH_UNIT ( ) NAMED_UNIT ( * ) SI_UNIT ( .MILLI., .METRE. ) );
#2145 = PRESENTATION_STYLE_ASSIGNMENT (( #958 ) ) ;
#2146 = FACE_OUTER_BOUND ( 'NONE', #3138, .T. ) ;
#2147 = ADVANCED_FACE ( 'NONE', ( #4482 ), #3956, .T. ) ;
#2148 = VECTOR ( 'NONE', #1952, 1000.000000000000000 ) ;
#2149 = CARTESIAN_POINT ( 'NONE',  ( 11.69524414132859036, 0.0000000000000000000, 4.872214931251217962 ) ) ;
#2150 = FILL_AREA_STYLE ('',( #637 ) ) ;
#2151 = ORIENTED_EDGE ( 'NONE', *, *, #4107, .T. ) ;
#2152 = DIRECTION ( 'NONE',  ( -0.0000000000000000000, -0.0000000000000000000, 1.000000000000000000 ) ) ;
#2153 = ORIENTED_EDGE ( 'NONE', *, *, #3763, .T. ) ;
#2154 = PLANE ( 'NONE',  #1457 ) ;
#2155 = FILL_AREA_STYLE_COLOUR ( '', #3167 ) ;
#2156 = FACE_OUTER_BOUND ( 'NONE', #282, .T. ) ;
#2157 = DIRECTION ( 'NONE',  ( 0.0000000000000000000, 1.000000000000000000, 0.0000000000000000000 ) ) ;
#2158 = SURFACE_STYLE_FILL_AREA ( #4007 ) ;
#2159 =( NAMED_UNIT ( * ) SI_UNIT ( $, .STERADIAN. ) SOLID_ANGLE_UNIT ( ) );
#2160 = PRESENTATION_LAYER_ASSIGNMENT (  '', '', ( #4293 ) ) ;
#2161 = VERTEX_POINT ( 'NONE', #3137 ) ;
#2162 = CARTESIAN_POINT ( 'NONE',  ( 1.145000000000000018, -1.384160456538573669, 3.131357675153834563 ) ) ;
#2163 = CARTESIAN_POINT ( 'NONE',  ( 12.28524414132859022, 0.0000000000000000000, 4.351100996136220367 ) ) ;
#2164 = FILL_AREA_STYLE_COLOUR ( '', #2099 ) ;
#2165 = SHAPE_REPRESENTATION_RELATIONSHIP ( 'NONE' , 'NONE' ,  #4685, #3854 ) ;
#2166 = STYLED_ITEM ( 'NONE', ( #1845 ), #853 ) ;
#2167 = FILL_AREA_STYLE ('',( #2945 ) ) ;
#2168 = LINE ( 'NONE', #4437, #444 ) ;
#2169 = AXIS2_PLACEMENT_3D ( 'NONE', #2942, #1446, #3203 ) ;
#2170 = SURFACE_STYLE_USAGE ( .BOTH. , #4737 ) ;
#2171 = ADVANCED_FACE ( 'NONE', ( #924 ), #1346, .T. ) ;
#2172 = ORIENTED_EDGE ( 'NONE', *, *, #1176, .F. ) ;
#2173 = FACE_OUTER_BOUND ( 'NONE', #4212, .T. ) ;
#2174 = VERTEX_POINT ( 'NONE', #2404 ) ;
#2175 = VECTOR ( 'NONE', #1889, 1000.000000000000114 ) ;
#2176 = MECHANICAL_DESIGN_GEOMETRIC_PRESENTATION_REPRESENTATION (  '', ( #3743 ), #582 ) ;
#2177 = SURFACE_STYLE_USAGE ( .BOTH. , #2932 ) ;
#2178 = AXIS2_PLACEMENT_3D ( 'NONE', #4090, #337, #1892 ) ;
#2179 = SURFACE_STYLE_USAGE ( .BOTH. , #1043 ) ;
#2180 = CARTESIAN_POINT ( 'NONE',  ( 12.29524414132859000, 0.2600000000000000089, 4.341100996136219692 ) ) ;
#2181 = DIRECTION ( 'NONE',  ( 0.0000000000000000000, 0.0000000000000000000, 1.000000000000000000 ) ) ;
#2182 = UNCERTAINTY_MEASURE_WITH_UNIT (LENGTH_MEASURE( 1.000000000000000082E-05 ), #2142, 'distance_accuracy_value', 'NONE');
#2183 =( LENGTH_UNIT ( ) NAMED_UNIT ( * ) SI_UNIT ( .MILLI., .METRE. ) );
#2184 =( GEOMETRIC_REPRESENTATION_CONTEXT ( 3 ) GLOBAL_UNCERTAINTY_ASSIGNED_CONTEXT ( ( #1973 ) ) GLOBAL_UNIT_ASSIGNED_CONTEXT ( ( #4234, #2011, #3832 ) ) REPRESENTATION_CONTEXT ( 'NONE', 'WORKASPACE' ) );
#2185 = SURFACE_SIDE_STYLE ('',( #4052 ) ) ;
#2186 = DIRECTION ( 'NONE',  ( 1.000000000000000000, 0.0000000000000000000, -0.0000000000000000000 ) ) ;
#2187 = STYLED_ITEM ( 'NONE', ( #4423 ), #2678 ) ;
#2188 = VECTOR ( 'NONE', #3466, 1000.000000000000000 ) ;
#2189 = LINE ( 'NONE', #2917, #1610 ) ;
#2190 = UNCERTAINTY_MEASURE_WITH_UNIT (LENGTH_MEASURE( 1.000000000000000082E-05 ), #1675, 'distance_accuracy_value', 'NONE');
#2191 = DIRECTION ( 'NONE',  ( -0.7071067811865475727, 0.0000000000000000000, 0.7071067811865475727 ) ) ;
#2192 = DIRECTION ( 'NONE',  ( 0.0000000000000000000, 0.0000000000000000000, 1.000000000000000000 ) ) ;
#2193 = EDGE_LOOP ( 'NONE', ( #1747, #668, #3943, #1028 ) ) ;
#2194 = FILL_AREA_STYLE_COLOUR ( '', #2345 ) ;
#2195 = DIRECTION ( 'NONE',  ( 1.000000000000000000, 4.951616000000000261E-17, 3.592136000000000158E-16 ) ) ;
#2196 = DIRECTION ( 'NONE',  ( -0.08509140416960921105, 0.9927330486454493119, -0.08509140416961030740 ) ) ;
#2197 = FILL_AREA_STYLE_COLOUR ( '', #1480 ) ;
#2198 =( LENGTH_UNIT ( ) NAMED_UNIT ( * ) SI_UNIT ( .MILLI., .METRE. ) );
#2199 = FACE_OUTER_BOUND ( 'NONE', #2950, .T. ) ;
#2200 = EDGE_CURVE ( 'NONE', #4290, #2174, #3976, .T. ) ;
#2201 = VERTEX_POINT ( 'NONE', #87 ) ;
#2202 = LINE ( 'NONE', #2131, #359 ) ;
#2203 = DIRECTION ( 'NONE',  ( -0.0000000000000000000, -0.0000000000000000000, 1.000000000000000000 ) ) ;
#2204 = SURFACE_SIDE_STYLE ('',( #3629 ) ) ;
#2205 = CARTESIAN_POINT ( 'NONE',  ( 12.89524414132858965, 0.0000000000000000000, 4.872214931251217962 ) ) ;
#2206 = CARTESIAN_POINT ( 'NONE',  ( -1.290000000000000924, 1.749999999999999778, 1.609999999999998987 ) ) ;
#2207 = EDGE_CURVE ( 'NONE', #2274, #1734, #2039, .T. ) ;
#2208 = SURFACE_STYLE_FILL_AREA ( #2138 ) ;
#2209 = SURFACE_STYLE_USAGE ( .BOTH. , #1069 ) ;
#2210 =( NAMED_UNIT ( * ) PLANE_ANGLE_UNIT ( ) SI_UNIT ( $, .RADIAN. ) );
#2211 = CARTESIAN_POINT ( 'NONE',  ( 12.29524414132859000, 1.880184881798330654, -3.846726910999764382 ) ) ;
#2212 = VERTEX_POINT ( 'NONE', #3534 ) ;
#2213 = DIRECTION ( 'NONE',  ( -0.7071067811865475727, 0.0000000000000000000, 0.7071067811865475727 ) ) ;
#2214 = FACE_OUTER_BOUND ( 'NONE', #1649, .T. ) ;
#2215 = DIRECTION ( 'NONE',  ( 1.000000000000000000, 0.0000000000000000000, 0.0000000000000000000 ) ) ;
#2216 = EDGE_LOOP ( 'NONE', ( #153, #2991, #2750, #1994 ) ) ;
#2217 = LINE ( 'NONE', #1656, #3842 ) ;
#2218 = COLOUR_RGB ( '',0.7450980392156862919, 0.7372549019607843590, 0.7294117647058823151 ) ;
#2219 = PLANE ( 'NONE',  #3782 ) ;
#2220 = UNCERTAINTY_MEASURE_WITH_UNIT (LENGTH_MEASURE( 1.000000000000000082E-05 ), #2969, 'distance_accuracy_value', 'NONE');
#2221 = PRESENTATION_STYLE_ASSIGNMENT (( #3714 ) ) ;
#2222 = FACE_OUTER_BOUND ( 'NONE', #1282, .T. ) ;
#2223 = EDGE_LOOP ( 'NONE', ( #4375, #145, #711, #935 ) ) ;
#2224 = COLOUR_RGB ( '',0.7450980392156862919, 0.7372549019607843590, 0.7294117647058823151 ) ;
#2225 = ORIENTED_EDGE ( 'NONE', *, *, #3642, .T. ) ;
#2226 = FACE_OUTER_BOUND ( 'NONE', #2193, .T. ) ;
#2227 =( NAMED_UNIT ( * ) SI_UNIT ( $, .STERADIAN. ) SOLID_ANGLE_UNIT ( ) );
#2228 = DIRECTION ( 'NONE',  ( 0.0000000000000000000, 0.0000000000000000000, -1.000000000000000000 ) ) ;
#2229 = DIRECTION ( 'NONE',  ( 0.0000000000000000000, -1.000000000000000000, 0.0000000000000000000 ) ) ;
#2230 = EDGE_CURVE ( 'NONE', #3836, #4508, #3555, .T. ) ;
#2231 = EDGE_LOOP ( 'NONE', ( #3544, #823, #4261, #1089, #2021, #1996, #995, #1801, #2977, #1141 ) ) ;
#2232 = PRESENTATION_STYLE_ASSIGNMENT (( #4923 ) ) ;
#2233 = CARTESIAN_POINT ( 'NONE',  ( -2.171357675153835931, -1.384160456538574113, -3.131357675153836784 ) ) ;
#2234 = DIRECTION ( 'NONE',  ( 0.0000000000000000000, 0.0000000000000000000, 1.000000000000000000 ) ) ;
#2235 = PLANE ( 'NONE',  #399 ) ;
#2236 = COLOUR_RGB ( '',0.7450980392156862919, 0.7372549019607843590, 0.7294117647058823151 ) ;
#2237 = EDGE_CURVE ( 'NONE', #3378, #2567, #1912, .T. ) ;
#2238 = FACE_OUTER_BOUND ( 'NONE', #2387, .T. ) ;
#2239 = SURFACE_SIDE_STYLE ('',( #3804 ) ) ;
#2240 = ORIENTED_EDGE ( 'NONE', *, *, #1960, .F. ) ;
#2241 = VECTOR ( 'NONE', #4415, 1000.000000000000000 ) ;
#2242 = SURFACE_SIDE_STYLE ('',( #3728 ) ) ;
#2243 = SURFACE_SIDE_STYLE ('',( #683 ) ) ;
#2244 = EDGE_CURVE ( 'NONE', #4022, #4284, #3406, .T. ) ;
#2245 = AXIS2_PLACEMENT_3D ( 'NONE', #1813, #4828, #4851 ) ;
#2246 = ORIENTED_EDGE ( 'NONE', *, *, #3198, .F. ) ;
#2247 = COLOUR_RGB ( '',0.2705882352941176294, 0.2705882352941176294, 0.2705882352941176294 ) ;
#2248 = EDGE_LOOP ( 'NONE', ( #3085, #1573, #1080, #694 ) ) ;
#2249 = FILL_AREA_STYLE ('',( #697 ) ) ;
#2250 = CARTESIAN_POINT ( 'NONE',  ( 12.69524414132859036, 0.2600000000000001199, 5.072214931251217251 ) ) ;
#2251 = STYLED_ITEM ( 'NONE', ( #3287 ), #936 ) ;
#2252 = CARTESIAN_POINT ( 'NONE',  ( 2.289999999999999147, -3.543165618732010244E-17, 3.249999999999999556 ) ) ;
#2253 = PLANE ( 'NONE',  #1655 ) ;
#2254 =( NAMED_UNIT ( * ) PLANE_ANGLE_UNIT ( ) SI_UNIT ( $, .RADIAN. ) );
#2255 = DIRECTION ( 'NONE',  ( 1.000000000000000000, 4.951616000000000261E-17, 3.592136000000000158E-16 ) ) ;
#2256 = PRESENTATION_LAYER_ASSIGNMENT (  '', '', ( #4387 ) ) ;
#2257 = CARTESIAN_POINT ( 'NONE',  ( 12.49524414132859107, 0.2600000000000001199, -5.272214931251216541 ) ) ;
#2258 = PRODUCT_DEFINITION_FORMATION_WITH_SPECIFIED_SOURCE ( 'ANY', '', #2664, .NOT_KNOWN. ) ;
#2259 = ORIENTED_EDGE ( 'NONE', *, *, #1304, .F. ) ;
#2260 = UNCERTAINTY_MEASURE_WITH_UNIT (LENGTH_MEASURE( 1.000000000000000082E-05 ), #1204, 'distance_accuracy_value', 'NONE');
#2261 = EDGE_CURVE ( 'NONE', #3459, #1177, #2595, .T. ) ;
#2262 = ADVANCED_FACE ( 'NONE', ( #2957 ), #247, .F. ) ;
#2263 = PLANE ( 'NONE',  #3337 ) ;
#2264 = CARTESIAN_POINT ( 'NONE',  ( 13.56524414132858958, -2.101469307523564201, -0.2722149312512179842 ) ) ;
#2265 = LINE ( 'NONE', #3330, #3266 ) ;
#2266 =( GEOMETRIC_REPRESENTATION_CONTEXT ( 3 ) GLOBAL_UNCERTAINTY_ASSIGNED_CONTEXT ( ( #1490 ) ) GLOBAL_UNIT_ASSIGNED_CONTEXT ( ( #1849, #2640, #3450 ) ) REPRESENTATION_CONTEXT ( 'NONE', 'WORKASPACE' ) );
#2267 = ORIENTED_EDGE ( 'NONE', *, *, #3894, .F. ) ;
#2268 = ADVANCED_FACE ( 'NONE', ( #4002 ), #221, .T. ) ;
#2269 = MECHANICAL_DESIGN_GEOMETRIC_PRESENTATION_REPRESENTATION (  '', ( #3926 ), #931 ) ;
#2270 = CARTESIAN_POINT ( 'NONE',  ( 12.59524414132858894, 2.231469307523564982, -3.749733716353603086 ) ) ;
#2271 = FACE_OUTER_BOUND ( 'NONE', #3026, .T. ) ;
#2272 = SURFACE_STYLE_FILL_AREA ( #3786 ) ;
#2273 = SURFACE_STYLE_USAGE ( .BOTH. , #318 ) ;
#2274 = VERTEX_POINT ( 'NONE', #1776 ) ;
#2275 = UNCERTAINTY_MEASURE_WITH_UNIT (LENGTH_MEASURE( 1.000000000000000082E-05 ), #789, 'distance_accuracy_value', 'NONE');
#2276 =( NAMED_UNIT ( * ) SI_UNIT ( $, .STERADIAN. ) SOLID_ANGLE_UNIT ( ) );
#2277 = CARTESIAN_POINT ( 'NONE',  ( 11.69524414132859036, 0.2600000000000000089, 5.272214931251218317 ) ) ;
#2278 = FACE_OUTER_BOUND ( 'NONE', #489, .T. ) ;
#2279 =( NAMED_UNIT ( * ) SI_UNIT ( $, .STERADIAN. ) SOLID_ANGLE_UNIT ( ) );
#2280 = VERTEX_POINT ( 'NONE', #1094 ) ;
#2281 = FACE_OUTER_BOUND ( 'NONE', #1561, .T. ) ;
#2282 =( NAMED_UNIT ( * ) PLANE_ANGLE_UNIT ( ) SI_UNIT ( $, .RADIAN. ) );
#2283 = CARTESIAN_POINT ( 'NONE',  ( 0.0000000000000000000, -10.43771546495395164, 0.0000000000000000000 ) ) ;
#2284 =( NAMED_UNIT ( * ) PLANE_ANGLE_UNIT ( ) SI_UNIT ( $, .RADIAN. ) );
#2285 = DIRECTION ( 'NONE',  ( 0.0000000000000000000, -0.0000000000000000000, -1.000000000000000000 ) ) ;
#2286 = VERTEX_POINT ( 'NONE', #3278 ) ;
#2287 = VECTOR ( 'NONE', #435, 1000.000000000000000 ) ;
#2288 =( LENGTH_UNIT ( ) NAMED_UNIT ( * ) SI_UNIT ( .MILLI., .METRE. ) );
#2289 = ORIENTED_EDGE ( 'NONE', *, *, #242, .F. ) ;
#2290 = EDGE_CURVE ( 'NONE', #2360, #2274, #4795, .T. ) ;
#2291 = AXIS2_PLACEMENT_3D ( 'NONE', #3766, #3691, #1111 ) ;
#2292 = DIRECTION ( 'NONE',  ( 4.238944862188341784E-16, -3.633381310447159046E-17, -1.000000000000000000 ) ) ;
#2293 =( NAMED_UNIT ( * ) PLANE_ANGLE_UNIT ( ) SI_UNIT ( $, .RADIAN. ) );
#2294 = CARTESIAN_POINT ( 'NONE',  ( 12.49524414132859107, 0.0000000000000000000, -5.272214931251217429 ) ) ;
#2295 = CARTESIAN_POINT ( 'NONE',  ( 12.29524414132859178, 0.0000000000000000000, 4.351100996136220367 ) ) ;
#2296 = VERTEX_POINT ( 'NONE', #1730 ) ;
#2297 = LINE ( 'NONE', #1507, #129 ) ;
#2298 = FILL_AREA_STYLE_COLOUR ( '', #3592 ) ;
#2299 =( GEOMETRIC_REPRESENTATION_CONTEXT ( 3 ) GLOBAL_UNCERTAINTY_ASSIGNED_CONTEXT ( ( #2488 ) ) GLOBAL_UNIT_ASSIGNED_CONTEXT ( ( #2900, #2925, #566 ) ) REPRESENTATION_CONTEXT ( 'NONE', 'WORKASPACE' ) );
#2300 = ORIENTED_EDGE ( 'NONE', *, *, #2386, .F. ) ;
#2301 = FACE_OUTER_BOUND ( 'NONE', #2007, .T. ) ;
#2302 =( NAMED_UNIT ( * ) SI_UNIT ( $, .STERADIAN. ) SOLID_ANGLE_UNIT ( ) );
#2303 = SURFACE_STYLE_FILL_AREA ( #2748 ) ;
#2304 = VERTEX_POINT ( 'NONE', #1000 ) ;
#2305 = CARTESIAN_POINT ( 'NONE',  ( 12.89524414132858965, 0.3512844257252341063, -4.241481526327046225 ) ) ;
#2306 = VERTEX_POINT ( 'NONE', #2503 ) ;
#2307 = UNCERTAINTY_MEASURE_WITH_UNIT (LENGTH_MEASURE( 1.000000000000000082E-05 ), #1777, 'distance_accuracy_value', 'NONE');
#2308 = SURFACE_STYLE_FILL_AREA ( #801 ) ;
#2309 = VERTEX_POINT ( 'NONE', #2133 ) ;
#2310 = DIRECTION ( 'NONE',  ( 1.000000000000000000, 0.0000000000000000000, 0.0000000000000000000 ) ) ;
#2311 = ORIENTED_EDGE ( 'NONE', *, *, #1238, .T. ) ;
#2312 = LINE ( 'NONE', #423, #272 ) ;
#2313 = DIRECTION ( 'NONE',  ( 0.0000000000000000000, 0.0000000000000000000, 1.000000000000000000 ) ) ;
#2314 = LINE ( 'NONE', #3445, #1468 ) ;
#2315 = PRESENTATION_LAYER_ASSIGNMENT (  '', '', ( #2088 ) ) ;
#2316 = PRODUCT ( 'PC817 Body', 'PC817 Body', '', ( #2403 ) ) ;
#2317 = UNCERTAINTY_MEASURE_WITH_UNIT (LENGTH_MEASURE( 1.000000000000000082E-05 ), #2769, 'distance_accuracy_value', 'NONE');
#2318 =( GEOMETRIC_REPRESENTATION_CONTEXT ( 3 ) GLOBAL_UNCERTAINTY_ASSIGNED_CONTEXT ( ( #4741 ) ) GLOBAL_UNIT_ASSIGNED_CONTEXT ( ( #3980, #3215, #3652 ) ) REPRESENTATION_CONTEXT ( 'NONE', 'WORKASPACE' ) );
#2319 = VERTEX_POINT ( 'NONE', #760 ) ;
#2320 = ADVANCED_BREP_SHAPE_REPRESENTATION ( '', ( #704, #2178 ), #2420 ) ;
#2321 = ADVANCED_FACE ( 'NONE', ( #2278 ), #4200, .F. ) ;
#2322 = EDGE_CURVE ( 'NONE', #4202, #4659, #1920, .T. ) ;
#2323 = CARTESIAN_POINT ( 'NONE',  ( 12.09524414132859249, 0.0000000000000000000, 5.272214931251217429 ) ) ;
#2324 = LINE ( 'NONE', #4148, #1396 ) ;
#2325 =( GEOMETRIC_REPRESENTATION_CONTEXT ( 3 ) GLOBAL_UNCERTAINTY_ASSIGNED_CONTEXT ( ( #3946 ) ) GLOBAL_UNIT_ASSIGNED_CONTEXT ( ( #4720, #3573, #4399 ) ) REPRESENTATION_CONTEXT ( 'NONE', 'WORKASPACE' ) );
#2326 = FACE_OUTER_BOUND ( 'NONE', #3924, .T. ) ;
#2327 = ORIENTED_EDGE ( 'NONE', *, *, #1277, .T. ) ;
#2328 = CARTESIAN_POINT ( 'NONE',  ( -2.157142857142857473, 1.550000000000000266, 2.749961872679993036 ) ) ;
#2329 = STYLED_ITEM ( 'NONE', ( #3657 ), #971 ) ;
#2330 = EDGE_CURVE ( 'NONE', #3711, #2603, #1901, .T. ) ;
#2331 = CARTESIAN_POINT ( 'NONE',  ( 12.89524414132858965, 1.902845374912722098, -4.105737532503619391 ) ) ;
#2332 =( LENGTH_UNIT ( ) NAMED_UNIT ( * ) SI_UNIT ( .MILLI., .METRE. ) );
#2333 = CARTESIAN_POINT ( 'NONE',  ( -2.139999999999999236, 1.750000000000000222, -2.951545933454499782 ) ) ;
#2334 = CIRCLE ( 'NONE', #1624, 0.3599999999999987654 ) ;
#2335 = ORIENTED_EDGE ( 'NONE', *, *, #1152, .F. ) ;
#2336 = FACE_OUTER_BOUND ( 'NONE', #526, .T. ) ;
#2337 = ORIENTED_EDGE ( 'NONE', *, *, #2828, .F. ) ;
#2338 =( NAMED_UNIT ( * ) PLANE_ANGLE_UNIT ( ) SI_UNIT ( $, .RADIAN. ) );
#2339 = VECTOR ( 'NONE', #4487, 1000.000000000000000 ) ;
#2340 = ORIENTED_EDGE ( 'NONE', *, *, #635, .T. ) ;
#2341 = STYLED_ITEM ( 'NONE', ( #4696 ), #2171 ) ;
#2342 = AXIS2_PLACEMENT_3D ( 'NONE', #3878, #2313, #3354 ) ;
#2343 = CARTESIAN_POINT ( 'NONE',  ( 12.28524414132859022, 0.2600000000000000089, 4.351100996136220367 ) ) ;
#2344 = AXIS2_PLACEMENT_3D ( 'NONE', #2740, #4250, #4788 ) ;
#2345 = COLOUR_RGB ( '',0.7450980392156862919, 0.7372549019607843590, 0.7294117647058823151 ) ;
#2346 = ORIENTED_EDGE ( 'NONE', *, *, #2033, .T. ) ;
#2347 = DIRECTION ( 'NONE',  ( -1.000000000000000000, -0.0000000000000000000, -0.0000000000000000000 ) ) ;
#2348 = DIRECTION ( 'NONE',  ( -0.0000000000000000000, -0.0000000000000000000, -1.000000000000000000 ) ) ;
#2349 = LINE ( 'NONE', #3858, #1676 ) ;
#2350 =( GEOMETRIC_REPRESENTATION_CONTEXT ( 3 ) GLOBAL_UNCERTAINTY_ASSIGNED_CONTEXT ( ( #1294 ) ) GLOBAL_UNIT_ASSIGNED_CONTEXT ( ( #2541, #1816, #4391 ) ) REPRESENTATION_CONTEXT ( 'NONE', 'WORKASPACE' ) );
#2351 = MANIFOLD_SOLID_BREP ( 'Imported1', #2469 ) ;
#2352 = SURFACE_STYLE_FILL_AREA ( #3796 ) ;
#2353 = DIRECTION ( 'NONE',  ( 0.0000000000000000000, -1.000000000000000000, -0.0000000000000000000 ) ) ;
#2354 = EDGE_CURVE ( 'NONE', #3749, #2360, #1584, .T. ) ;
#2355 = AXIS2_PLACEMENT_3D ( 'NONE', #929, #2013, #2774 ) ;
#2356 = DIRECTION ( 'NONE',  ( 0.0000000000000000000, -0.0000000000000000000, 1.000000000000000000 ) ) ;
#2357 = CARTESIAN_POINT ( 'NONE',  ( 12.29524414132859178, 0.2600000000000000089, -4.341100996136219692 ) ) ;
#2358 = CARTESIAN_POINT ( 'NONE',  ( 12.29524414132859178, 0.0000000000000000000, -4.272214931251218317 ) ) ;
#2359 = EDGE_CURVE ( 'NONE', #3193, #1177, #1116, .T. ) ;
#2360 = VERTEX_POINT ( 'NONE', #3079 ) ;
#2361 = PRODUCT_DEFINITION_SHAPE ( 'NONE', 'NONE',  #4946 ) ;
#2362 =( LENGTH_UNIT ( ) NAMED_UNIT ( * ) SI_UNIT ( .MILLI., .METRE. ) );
#2363 = ORIENTED_EDGE ( 'NONE', *, *, #2116, .F. ) ;
#2364 = VERTEX_POINT ( 'NONE', #4569 ) ;
#2365 = UNCERTAINTY_MEASURE_WITH_UNIT (LENGTH_MEASURE( 1.000000000000000082E-05 ), #1025, 'distance_accuracy_value', 'NONE');
#2366 = FACE_OUTER_BOUND ( 'NONE', #334, .T. ) ;
#2367 =( GEOMETRIC_REPRESENTATION_CONTEXT ( 3 ) GLOBAL_UNCERTAINTY_ASSIGNED_CONTEXT ( ( #3387 ) ) GLOBAL_UNIT_ASSIGNED_CONTEXT ( ( #868, #1292, #4303 ) ) REPRESENTATION_CONTEXT ( 'NONE', 'WORKASPACE' ) );
#2368 = DIRECTION ( 'NONE',  ( -1.000000000000000000, -0.0000000000000000000, 0.0000000000000000000 ) ) ;
#2369 = ORIENTED_EDGE ( 'NONE', *, *, #992, .F. ) ;
#2370 = COLOUR_RGB ( '',0.7450980392156862919, 0.7372549019607843590, 0.7294117647058823151 ) ;
#2371 = PRESENTATION_STYLE_ASSIGNMENT (( #2396 ) ) ;
#2372 = DIRECTION ( 'NONE',  ( 0.0000000000000000000, -0.0000000000000000000, -1.000000000000000000 ) ) ;
#2373 =( LENGTH_UNIT ( ) NAMED_UNIT ( * ) SI_UNIT ( .MILLI., .METRE. ) );
#2374 = ORIENTED_EDGE ( 'NONE', *, *, #964, .F. ) ;
#2375 = CARTESIAN_POINT ( 'NONE',  ( 12.59524414132858894, 1.971469307523565195, -3.749733716353603086 ) ) ;
#2376 = MECHANICAL_DESIGN_GEOMETRIC_PRESENTATION_REPRESENTATION (  '', ( #2683 ), #2611 ) ;
#2377 = SURFACE_STYLE_FILL_AREA ( #1296 ) ;
#2378 = DIRECTION ( 'NONE',  ( 0.0000000000000000000, 0.0000000000000000000, 1.000000000000000000 ) ) ;
#2379 = EDGE_CURVE ( 'NONE', #1229, #3537, #2324, .T. ) ;
#2380 = CARTESIAN_POINT ( 'NONE',  ( -2.139999999999999680, 1.750000000000000000, -2.732819015537134799 ) ) ;
#2381 = VERTEX_POINT ( 'NONE', #24 ) ;
#2382 = FILL_AREA_STYLE_COLOUR ( '', #4405 ) ;
#2383 = ORIENTED_EDGE ( 'NONE', *, *, #2237, .F. ) ;
#2384 = LINE ( 'NONE', #469, #3173 ) ;
#2385 = LINE ( 'NONE', #905, #572 ) ;
#2386 = EDGE_CURVE ( 'NONE', #2676, #1955, #4592, .T. ) ;
#2387 = EDGE_LOOP ( 'NONE', ( #1760, #1074, #1019, #517 ) ) ;
#2388 = ORIENTED_EDGE ( 'NONE', *, *, #3864, .T. ) ;
#2389 = PRESENTATION_LAYER_ASSIGNMENT (  '', '', ( #2852 ) ) ;
#2390 = UNCERTAINTY_MEASURE_WITH_UNIT (LENGTH_MEASURE( 1.000000000000000082E-05 ), #4485, 'distance_accuracy_value', 'NONE');
#2391 = ADVANCED_FACE ( 'NONE', ( #4205 ), #3503, .T. ) ;
#2392 = DIRECTION ( 'NONE',  ( -0.0000000000000000000, -0.0000000000000000000, 1.000000000000000000 ) ) ;
#2393 = FILL_AREA_STYLE ('',( #451 ) ) ;
#2394 = DIRECTION ( 'NONE',  ( 0.0000000000000000000, -0.0000000000000000000, 1.000000000000000000 ) ) ;
#2395 = VECTOR ( 'NONE', #933, 1000.000000000000000 ) ;
#2396 = SURFACE_STYLE_USAGE ( .BOTH. , #3175 ) ;
#2397 = DIRECTION ( 'NONE',  ( -1.000000000000000000, 0.0000000000000000000, -0.0000000000000000000 ) ) ;
#2398 =( NAMED_UNIT ( * ) SI_UNIT ( $, .STERADIAN. ) SOLID_ANGLE_UNIT ( ) );
#2399 = ORIENTED_EDGE ( 'NONE', *, *, #3492, .F. ) ;
#2400 = CARTESIAN_POINT ( 'NONE',  ( 12.09524414132859249, 0.0000000000000000000, -5.272214931251218317 ) ) ;
#2401 = LINE ( 'NONE', #3909, #3710 ) ;
#2402 = STYLED_ITEM ( 'NONE', ( #2037 ), #710 ) ;
#2403 = PRODUCT_CONTEXT ( 'NONE', #2754, 'mechanical' ) ;
#2404 = CARTESIAN_POINT ( 'NONE',  ( -2.139999999999999680, 1.750000000000000000, -2.732819015537134799 ) ) ;
#2405 = FILL_AREA_STYLE_COLOUR ( '', #925 ) ;
#2406 = ORIENTED_EDGE ( 'NONE', *, *, #4219, .F. ) ;
#2407 = DIRECTION ( 'NONE',  ( 0.0000000000000000000, 2.168404344971031351E-15, -1.000000000000000000 ) ) ;
#2408 = ORIENTED_EDGE ( 'NONE', *, *, #4013, .F. ) ;
#2409 = STYLED_ITEM ( 'NONE', ( #3543 ), #904 ) ;
#2410 = DIRECTION ( 'NONE',  ( 0.0000000000000000000, 0.0000000000000000000, -1.000000000000000000 ) ) ;
#2411 = SURFACE_STYLE_USAGE ( .BOTH. , #1934 ) ;
#2412 = PLANE ( 'NONE',  #3267 ) ;
#2413 = STYLED_ITEM ( 'NONE', ( #1006 ), #1180 ) ;
#2414 = ORIENTED_EDGE ( 'NONE', *, *, #4924, .T. ) ;
#2415 = ORIENTED_EDGE ( 'NONE', *, *, #3548, .F. ) ;
#2416 = UNCERTAINTY_MEASURE_WITH_UNIT (LENGTH_MEASURE( 1.000000000000000082E-05 ), #3038, 'distance_accuracy_value', 'NONE');
#2417 = PRESENTATION_LAYER_ASSIGNMENT (  '', '', ( #1542 ) ) ;
#2418 = CIRCLE ( 'NONE', #3342, 0.3600000000000000977 ) ;
#2419 = FILL_AREA_STYLE ('',( #424 ) ) ;
#2420 =( GEOMETRIC_REPRESENTATION_CONTEXT ( 3 ) GLOBAL_UNCERTAINTY_ASSIGNED_CONTEXT ( ( #2539 ) ) GLOBAL_UNIT_ASSIGNED_CONTEXT ( ( #1484, #2293, #1454 ) ) REPRESENTATION_CONTEXT ( 'NONE', 'WORKASPACE' ) );
#2421 =( GEOMETRIC_REPRESENTATION_CONTEXT ( 3 ) GLOBAL_UNCERTAINTY_ASSIGNED_CONTEXT ( ( #889 ) ) GLOBAL_UNIT_ASSIGNED_CONTEXT ( ( #1414, #204, #1390 ) ) REPRESENTATION_CONTEXT ( 'NONE', 'WORKASPACE' ) );
#2422 =( GEOMETRIC_REPRESENTATION_CONTEXT ( 3 ) GLOBAL_UNCERTAINTY_ASSIGNED_CONTEXT ( ( #4430 ) ) GLOBAL_UNIT_ASSIGNED_CONTEXT ( ( #2332, #4927, #3828 ) ) REPRESENTATION_CONTEXT ( 'NONE', 'WORKASPACE' ) );
#2423 = SURFACE_STYLE_USAGE ( .BOTH. , #1287 ) ;
#2424 = EDGE_CURVE ( 'NONE', #2603, #3247, #3865, .T. ) ;
#2425 = PRODUCT_DEFINITION_FORMATION_WITH_SPECIFIED_SOURCE ( 'ANY', '', #3806, .NOT_KNOWN. ) ;
#2426 = VECTOR ( 'NONE', #726, 1000.000000000000000 ) ;
#2427 = AXIS2_PLACEMENT_3D ( 'NONE', #4897, #2982, #3391 ) ;
#2428 =( NAMED_UNIT ( * ) SI_UNIT ( $, .STERADIAN. ) SOLID_ANGLE_UNIT ( ) );
#2429 = CARTESIAN_POINT ( 'NONE',  ( 12.59524414132858894, 2.231469307523564094, -3.747107441190590915 ) ) ;
#2430 =( NAMED_UNIT ( * ) SI_UNIT ( $, .STERADIAN. ) SOLID_ANGLE_UNIT ( ) );
#2431 = PRESENTATION_LAYER_ASSIGNMENT (  '', '', ( #1949 ) ) ;
#2432 = LINE ( 'NONE', #570, #1424 ) ;
#2433 = DIRECTION ( 'NONE',  ( 0.0000000000000000000, -1.000000000000000000, -0.0000000000000000000 ) ) ;
#2434 = SURFACE_STYLE_FILL_AREA ( #1640 ) ;
#2435 = PRESENTATION_STYLE_ASSIGNMENT (( #3834 ) ) ;
#2436 = STYLED_ITEM ( 'NONE', ( #3457 ), #3251 ) ;
#2437 = ORIENTED_EDGE ( 'NONE', *, *, #1029, .F. ) ;
#2438 = ORIENTED_EDGE ( 'NONE', *, *, #2207, .F. ) ;
#2439 =( NAMED_UNIT ( * ) PLANE_ANGLE_UNIT ( ) SI_UNIT ( $, .RADIAN. ) );
#2440 = UNCERTAINTY_MEASURE_WITH_UNIT (LENGTH_MEASURE( 1.000000000000000082E-05 ), #353, 'distance_accuracy_value', 'NONE');
#2441 = PRESENTATION_STYLE_ASSIGNMENT (( #939 ) ) ;
#2442 = EDGE_CURVE ( 'NONE', #2174, #34, #1945, .T. ) ;
#2443 = FACE_OUTER_BOUND ( 'NONE', #4750, .T. ) ;
#2444 = DIRECTION ( 'NONE',  ( 0.7071067811865475727, 0.0000000000000000000, 0.7071067811865475727 ) ) ;
#2445 = LINE ( 'NONE', #2764, #709 ) ;
#2446 = DIRECTION ( 'NONE',  ( 0.0000000000000000000, 0.0000000000000000000, -1.000000000000000000 ) ) ;
#2447 = DIRECTION ( 'NONE',  ( 0.0000000000000000000, 0.0000000000000000000, -1.000000000000000000 ) ) ;
#2448 = CIRCLE ( 'NONE', #3147, 0.4500000000000001221 ) ;
#2449 = FACE_OUTER_BOUND ( 'NONE', #2223, .T. ) ;
#2450 =( NAMED_UNIT ( * ) SI_UNIT ( $, .STERADIAN. ) SOLID_ANGLE_UNIT ( ) );
#2451 = VECTOR ( 'NONE', #3600, 1000.000000000000000 ) ;
#2452 = ORIENTED_EDGE ( 'NONE', *, *, #4009, .T. ) ;
#2453 = CARTESIAN_POINT ( 'NONE',  ( 12.69524414132859036, 0.2600000000000001199, 5.072214931251217251 ) ) ;
#2454 = FILL_AREA_STYLE_COLOUR ( '', #4060 ) ;
#2455 = CONTEXT_DEPENDENT_SHAPE_REPRESENTATION ( #685, #4605 ) ;
#2456 = EDGE_CURVE ( 'NONE', #2693, #179, #4708, .T. ) ;
#2457 = CARTESIAN_POINT ( 'NONE',  ( 12.29524414132859178, 0.2600000000000000089, -4.341100996136219692 ) ) ;
#2458 = CARTESIAN_POINT ( 'NONE',  ( 11.69524414132859036, 0.2600000000000000089, -4.272214931251218317 ) ) ;
#2459 = ORIENTED_EDGE ( 'NONE', *, *, #1506, .T. ) ;
#2460 = FILL_AREA_STYLE_COLOUR ( '', #4920 ) ;
#2461 = AXIS2_PLACEMENT_3D ( 'NONE', #4214, #4632, #394 ) ;
#2462 = CARTESIAN_POINT ( 'NONE',  ( 12.29524414132859000, 2.231469307523564094, -4.099733716353602730 ) ) ;
#2463 = ORIENTED_EDGE ( 'NONE', *, *, #2801, .F. ) ;
#2464 = PRESENTATION_LAYER_ASSIGNMENT (  '', '', ( #2849 ) ) ;
#2465 = PRESENTATION_LAYER_ASSIGNMENT (  '', '', ( #3959 ) ) ;
#2466 = LINE ( 'NONE', #3967, #2604 ) ;
#2467 = UNCERTAINTY_MEASURE_WITH_UNIT (LENGTH_MEASURE( 1.000000000000000082E-05 ), #1319, 'distance_accuracy_value', 'NONE');
#2468 = LINE ( 'NONE', #215, #1636 ) ;
#2469 = CLOSED_SHELL ( 'NONE', ( #2534, #4731, #1244, #190, #2, #303, #4058, #4124, #2975, #1540, #3308, #4759, #4228, #2321, #3096, #414, #4867, #613, #1010, #1900 ) ) ;
#2470 = DIRECTION ( 'NONE',  ( 0.0000000000000000000, -1.000000000000000000, 0.0000000000000000000 ) ) ;
#2471 = PLANE ( 'NONE',  #2759 ) ;
#2472 = EDGE_CURVE ( 'NONE', #2653, #3126, #88, .T. ) ;
#2473 = VERTEX_POINT ( 'NONE', #1984 ) ;
#2474 = CARTESIAN_POINT ( 'NONE',  ( 12.29524414132859000, 0.0000000000000000000, -4.351100996136220367 ) ) ;
#2475 = SURFACE_STYLE_USAGE ( .BOTH. , #972 ) ;
#2476 = DIRECTION ( 'NONE',  ( 1.000000000000000000, -0.0000000000000000000, -0.0000000000000000000 ) ) ;
#2477 = PRESENTATION_LAYER_ASSIGNMENT (  '', '', ( #1686 ) ) ;
#2478 = LINE ( 'NONE', #3977, #2504 ) ;
#2479 = FACE_OUTER_BOUND ( 'NONE', #3538, .T. ) ;
#2480 = ORIENTED_EDGE ( 'NONE', *, *, #2052, .F. ) ;
#2481 = EDGE_CURVE ( 'NONE', #4302, #1798, #3479, .T. ) ;
#2482 = PRESENTATION_LAYER_ASSIGNMENT (  '', '', ( #1376 ) ) ;
#2483 = FILL_AREA_STYLE_COLOUR ( '', #2247 ) ;
#2484 = CARTESIAN_POINT ( 'NONE',  ( 12.89524414132858965, 0.2600000000000000644, -4.872214931251217962 ) ) ;
#2485 = COLOUR_RGB ( '',0.2705882352941176294, 0.2705882352941176294, 0.2705882352941176294 ) ;
#2486 = ORIENTED_EDGE ( 'NONE', *, *, #2677, .T. ) ;
#2487 =( NAMED_UNIT ( * ) SI_UNIT ( $, .STERADIAN. ) SOLID_ANGLE_UNIT ( ) );
#2488 = UNCERTAINTY_MEASURE_WITH_UNIT (LENGTH_MEASURE( 1.000000000000000082E-05 ), #2900, 'distance_accuracy_value', 'NONE');
#2489 = VECTOR ( 'NONE', #2347, 1000.000000000000000 ) ;
#2490 = CIRCLE ( 'NONE', #2100, 0.3599999999999987654 ) ;
#2491 = SURFACE_STYLE_FILL_AREA ( #3149 ) ;
#2492 = LINE ( 'NONE', #3666, #2614 ) ;
#2493 = VECTOR ( 'NONE', #4008, 1000.000000000000000 ) ;
#2494 = DIRECTION ( 'NONE',  ( -0.7071067811865474617, -0.0000000000000000000, -0.7071067811865474617 ) ) ;
#2495 = PRODUCT_DEFINITION_FORMATION_WITH_SPECIFIED_SOURCE ( 'ANY', '', #770, .NOT_KNOWN. ) ;
#2496 = VERTEX_POINT ( 'NONE', #2772 ) ;
#2497 = CARTESIAN_POINT ( 'NONE',  ( 12.89524414132858965, 0.2600000000000000089, -4.341100996136219692 ) ) ;
#2498 = COLOUR_RGB ( '',0.0000000000000000000, 0.0000000000000000000, 0.0000000000000000000 ) ;
#2499 = ORIENTED_EDGE ( 'NONE', *, *, #4010, .T. ) ;
#2500 = SURFACE_SIDE_STYLE ('',( #4376 ) ) ;
#2501 = FACE_OUTER_BOUND ( 'NONE', #3790, .T. ) ;
#2502 = DIRECTION ( 'NONE',  ( 0.0000000000000000000, -0.9961946980917455452, 0.08715574274765795770 ) ) ;
#2503 = CARTESIAN_POINT ( 'NONE',  ( 12.89524414132858965, 0.2600000000000000644, -4.872214931251217962 ) ) ;
#2504 = VECTOR ( 'NONE', #2530, 1000.000000000000000 ) ;
#2505 = AXIS2_PLACEMENT_3D ( 'NONE', #1703, #3596, #1378 ) ;
#2506 = EDGE_CURVE ( 'NONE', #1518, #2552, #3428, .T. ) ;
#2507 = DIRECTION ( 'NONE',  ( -0.0000000000000000000, -0.0000000000000000000, 1.000000000000000000 ) ) ;
#2508 = ORIENTED_EDGE ( 'NONE', *, *, #170, .T. ) ;
#2509 = CARTESIAN_POINT ( 'NONE',  ( 12.89524414132858965, 2.231469307523564982, 3.399733716353602997 ) ) ;
#2510 = MANIFOLD_SOLID_BREP ( 'Imported1', #975 ) ;
#2511 = CARTESIAN_POINT ( 'NONE',  ( 12.89524414132858965, 0.0000000000000000000, -4.772214931251219205 ) ) ;
#2512 = EDGE_CURVE ( 'NONE', #4550, #3689, #3580, .T. ) ;
#2513 = STYLED_ITEM ( 'NONE', ( #533 ), #3051 ) ;
#2514 = ORIENTED_EDGE ( 'NONE', *, *, #2098, .F. ) ;
#2515 = CARTESIAN_POINT ( 'NONE',  ( 12.29524414132859000, 2.231469307523564982, -3.399733716353602997 ) ) ;
#2516 = PRESENTATION_LAYER_ASSIGNMENT (  '', '', ( #3214 ) ) ;
#2517 =( LENGTH_UNIT ( ) NAMED_UNIT ( * ) SI_UNIT ( .MILLI., .METRE. ) );
#2518 = DIRECTION ( 'NONE',  ( 0.0000000000000000000, 0.0000000000000000000, 1.000000000000000000 ) ) ;
#2519 =( NAMED_UNIT ( * ) SI_UNIT ( $, .STERADIAN. ) SOLID_ANGLE_UNIT ( ) );
#2520 =( NAMED_UNIT ( * ) PLANE_ANGLE_UNIT ( ) SI_UNIT ( $, .RADIAN. ) );
#2521 =( NAMED_UNIT ( * ) PLANE_ANGLE_UNIT ( ) SI_UNIT ( $, .RADIAN. ) );
#2522 =( NAMED_UNIT ( * ) SI_UNIT ( $, .STERADIAN. ) SOLID_ANGLE_UNIT ( ) );
#2523 = EDGE_LOOP ( 'NONE', ( #4603, #4791, #3356, #293 ) ) ;
#2524 = CYLINDRICAL_SURFACE ( 'NONE', #346, 0.3599999999999987654 ) ;
#2525 = VERTEX_POINT ( 'NONE', #873 ) ;
#2526 = DIRECTION ( 'NONE',  ( -1.000000000000000000, -0.0000000000000000000, 0.0000000000000000000 ) ) ;
#2527 = VECTOR ( 'NONE', #729, 1000.000000000000000 ) ;
#2528 =( NAMED_UNIT ( * ) SI_UNIT ( $, .STERADIAN. ) SOLID_ANGLE_UNIT ( ) );
#2529 = DIRECTION ( 'NONE',  ( -1.000000000000000000, 3.012862999999999891E-32, -1.212034000000000064E-16 ) ) ;
#2530 = DIRECTION ( 'NONE',  ( -1.000000000000000000, -0.0000000000000000000, 0.0000000000000000000 ) ) ;
#2531 = ORIENTED_EDGE ( 'NONE', *, *, #3388, .F. ) ;
#2532 = STYLED_ITEM ( 'NONE', ( #4372 ), #3794 ) ;
#2533 = PLANE ( 'NONE',  #1137 ) ;
#2534 = ADVANCED_FACE ( 'NONE', ( #4722 ), #222, .T. ) ;
#2535 = MECHANICAL_DESIGN_GEOMETRIC_PRESENTATION_REPRESENTATION (  '', ( #3467 ), #350 ) ;
#2536 = ORIENTED_EDGE ( 'NONE', *, *, #1774, .T. ) ;
#2537 = CARTESIAN_POINT ( 'NONE',  ( 12.28524414132859022, 0.2600000000000000089, 4.272214931251218317 ) ) ;
#2538 = EDGE_CURVE ( 'NONE', #1955, #3447, #2067, .T. ) ;
#2539 = UNCERTAINTY_MEASURE_WITH_UNIT (LENGTH_MEASURE( 1.000000000000000082E-05 ), #1484, 'distance_accuracy_value', 'NONE');
#2540 =( NAMED_UNIT ( * ) PLANE_ANGLE_UNIT ( ) SI_UNIT ( $, .RADIAN. ) );
#2541 =( LENGTH_UNIT ( ) NAMED_UNIT ( * ) SI_UNIT ( .MILLI., .METRE. ) );
#2542 = CARTESIAN_POINT ( 'NONE',  ( 2.140000000000000568, 1.750000000000001110, -2.951545933454499782 ) ) ;
#2543 = EDGE_CURVE ( 'NONE', #1940, #4198, #844, .T. ) ;
#2544 =( LENGTH_UNIT ( ) NAMED_UNIT ( * ) SI_UNIT ( .MILLI., .METRE. ) );
#2545 = DIRECTION ( 'NONE',  ( 0.0000000000000000000, -1.807003620809180105E-15, 1.000000000000000000 ) ) ;
#2546 = ORIENTED_EDGE ( 'NONE', *, *, #2506, .T. ) ;
#2547 = ORIENTED_EDGE ( 'NONE', *, *, #2624, .T. ) ;
#2548 = LINE ( 'NONE', #4743, #4133 ) ;
#2549 = DIRECTION ( 'NONE',  ( 0.0000000000000000000, -0.0000000000000000000, 1.000000000000000000 ) ) ;
#2550 = DIRECTION ( 'NONE',  ( -0.0000000000000000000, 0.0000000000000000000, 1.000000000000000000 ) ) ;
#2551 = VECTOR ( 'NONE', #2901, 1000.000000000000000 ) ;
#2552 = VERTEX_POINT ( 'NONE', #3279 ) ;
#2553 = LINE ( 'NONE', #3958, #4893 ) ;
#2554 = FILL_AREA_STYLE ('',( #1419 ) ) ;
#2555 =( LENGTH_UNIT ( ) NAMED_UNIT ( * ) SI_UNIT ( .MILLI., .METRE. ) );
#2556 =( NAMED_UNIT ( * ) SI_UNIT ( $, .STERADIAN. ) SOLID_ANGLE_UNIT ( ) );
#2557 =( NAMED_UNIT ( * ) SI_UNIT ( $, .STERADIAN. ) SOLID_ANGLE_UNIT ( ) );
#2558 = SURFACE_STYLE_USAGE ( .BOTH. , #1426 ) ;
#2559 =( GEOMETRIC_REPRESENTATION_CONTEXT ( 3 ) GLOBAL_UNCERTAINTY_ASSIGNED_CONTEXT ( ( #2028 ) ) GLOBAL_UNIT_ASSIGNED_CONTEXT ( ( #28, #134, #4669 ) ) REPRESENTATION_CONTEXT ( 'NONE', 'WORKASPACE' ) );
#2560 = PRESENTATION_STYLE_ASSIGNMENT (( #3662 ) ) ;
#2561 = EDGE_CURVE ( 'NONE', #1798, #15, #1001, .T. ) ;
#2562 = CARTESIAN_POINT ( 'NONE',  ( 12.29524414132859000, 0.2600000000000000089, -4.351100996136220367 ) ) ;
#2563 = CARTESIAN_POINT ( 'NONE',  ( 12.89524414132858965, 0.3512844257252341063, 4.241481526327046225 ) ) ;
#2564 = CARTESIAN_POINT ( 'NONE',  ( -2.290000000000000924, 0.0000000000000000000, 3.250000000000000444 ) ) ;
#2565 = SURFACE_STYLE_USAGE ( .BOTH. , #4762 ) ;
#2566 = EDGE_CURVE ( 'NONE', #773, #4183, #1751, .T. ) ;
#2567 = VERTEX_POINT ( 'NONE', #974 ) ;
#2568 = FILL_AREA_STYLE_COLOUR ( '', #4106 ) ;
#2569 = ORIENTED_EDGE ( 'NONE', *, *, #4066, .T. ) ;
#2570 =( GEOMETRIC_REPRESENTATION_CONTEXT ( 3 ) GLOBAL_UNCERTAINTY_ASSIGNED_CONTEXT ( ( #4840 ) ) GLOBAL_UNIT_ASSIGNED_CONTEXT ( ( #1792, #176, #984 ) ) REPRESENTATION_CONTEXT ( 'NONE', 'WORKASPACE' ) );
#2571 = CARTESIAN_POINT ( 'NONE',  ( 12.59524414132858894, 2.231469307523564982, 3.749733716353603086 ) ) ;
#2572 =( NAMED_UNIT ( * ) PLANE_ANGLE_UNIT ( ) SI_UNIT ( $, .RADIAN. ) );
#2573 = SURFACE_STYLE_USAGE ( .BOTH. , #4078 ) ;
#2574 = COLOUR_RGB ( '',0.7450980392156862919, 0.7372549019607843590, 0.7294117647058823151 ) ;
#2575 = STYLED_ITEM ( 'NONE', ( #1633 ), #1540 ) ;
#2576 = CARTESIAN_POINT ( 'NONE',  ( 12.49524414132859107, 0.0000000000000000000, 5.272214931251217429 ) ) ;
#2577 = AXIS2_PLACEMENT_3D ( 'NONE', #2264, #259, #654 ) ;
#2578 = AXIS2_PLACEMENT_3D ( 'NONE', #4572, #1961, #3912 ) ;
#2579 = DIRECTION ( 'NONE',  ( 1.000000000000000000, 4.951616000000000261E-17, 3.592136000000000158E-16 ) ) ;
#2580 = ORIENTED_EDGE ( 'NONE', *, *, #1800, .F. ) ;
#2581 = APPLICATION_PROTOCOL_DEFINITION ( 'draft international standard', 'automotive_design', 1998, #1739 ) ;
#2582 = VECTOR ( 'NONE', #1621, 1000.000000000000000 ) ;
#2583 = DIRECTION ( 'NONE',  ( 0.0000000000000000000, 0.0000000000000000000, -1.000000000000000000 ) ) ;
#2584 = ORIENTED_EDGE ( 'NONE', *, *, #510, .F. ) ;
#2585 = EDGE_CURVE ( 'NONE', #1839, #1518, #3992, .T. ) ;
#2586 =( NAMED_UNIT ( * ) PLANE_ANGLE_UNIT ( ) SI_UNIT ( $, .RADIAN. ) );
#2587 = FILL_AREA_STYLE_COLOUR ( '', #1048 ) ;
#2588 = ORIENTED_EDGE ( 'NONE', *, *, #4637, .T. ) ;
#2589 = LINE ( 'NONE', #4095, #3701 ) ;
#2590 = ORIENTED_EDGE ( 'NONE', *, *, #677, .T. ) ;
#2591 = CARTESIAN_POINT ( 'NONE',  ( -1.145000000000000018, -1.350000000000000089, -2.732819015537136131 ) ) ;
#2592 = EDGE_CURVE ( 'NONE', #4894, #2552, #2806, .T. ) ;
#2593 = DIRECTION ( 'NONE',  ( -0.0000000000000000000, 0.9961946980917455452, -0.08715574274765795770 ) ) ;
#2594 = DIRECTION ( 'NONE',  ( 1.000000000000000000, 0.0000000000000000000, 0.0000000000000000000 ) ) ;
#2595 = LINE ( 'NONE', #579, #3591 ) ;
#2596 = DIRECTION ( 'NONE',  ( 1.000000000000000000, 0.0000000000000000000, -0.0000000000000000000 ) ) ;
#2597 = DIRECTION ( 'NONE',  ( 0.0000000000000000000, -1.000000000000000000, -0.0000000000000000000 ) ) ;
#2598 = CARTESIAN_POINT ( 'NONE',  ( -2.152678146720504504, -1.602088288260770987, -3.112678146720506245 ) ) ;
#2599 = EDGE_CURVE ( 'NONE', #2296, #506, #2478, .T. ) ;
#2600 = SURFACE_STYLE_USAGE ( .BOTH. , #3082 ) ;
#2601 =( LENGTH_UNIT ( ) NAMED_UNIT ( * ) SI_UNIT ( .MILLI., .METRE. ) );
#2602 = DIRECTION ( 'NONE',  ( -1.000000000000000000, -4.951616000000000261E-17, 3.592136000000000158E-16 ) ) ;
#2603 = VERTEX_POINT ( 'NONE', #581 ) ;
#2604 = VECTOR ( 'NONE', #564, 1000.000000000000000 ) ;
#2605 = FACE_OUTER_BOUND ( 'NONE', #1374, .T. ) ;
#2606 =( NAMED_UNIT ( * ) PLANE_ANGLE_UNIT ( ) SI_UNIT ( $, .RADIAN. ) );
#2607 = LINE ( 'NONE', #1837, #2643 ) ;
#2608 = ORIENTED_EDGE ( 'NONE', *, *, #2751, .F. ) ;
#2609 = LINE ( 'NONE', #4889, #3930 ) ;
#2610 = COLOUR_RGB ( '',0.2705882352941176294, 0.2705882352941176294, 0.2705882352941176294 ) ;
#2611 =( GEOMETRIC_REPRESENTATION_CONTEXT ( 3 ) GLOBAL_UNCERTAINTY_ASSIGNED_CONTEXT ( ( #3517 ) ) GLOBAL_UNIT_ASSIGNED_CONTEXT ( ( #3141, #3189, #3869 ) ) REPRESENTATION_CONTEXT ( 'NONE', 'WORKASPACE' ) );
#2612 = CARTESIAN_POINT ( 'NONE',  ( 2.157142857142853920, 1.550000000000000266, 2.749961872679993036 ) ) ;
#2613 = DIRECTION ( 'NONE',  ( 0.0000000000000000000, 0.0000000000000000000, -1.000000000000000000 ) ) ;
#2614 = VECTOR ( 'NONE', #2196, 1000.000000000000227 ) ;
#2615 = ORIENTED_EDGE ( 'NONE', *, *, #1061, .F. ) ;
#2616 = CARTESIAN_POINT ( 'NONE',  ( 12.49524414132859107, 0.0000000000000000000, 5.272214931251218317 ) ) ;
#2617 = COLOUR_RGB ( '',0.2705882352941176294, 0.2705882352941176294, 0.2705882352941176294 ) ;
#2618 = EDGE_CURVE ( 'NONE', #4588, #850, #3608, .T. ) ;
#2619 = LINE ( 'NONE', #763, #1577 ) ;
#2620 = EDGE_CURVE ( 'NONE', #3146, #2813, #4336, .T. ) ;
#2621 = AXIS2_PLACEMENT_3D ( 'NONE', #152, #128, #4299 ) ;
#2622 = DIRECTION ( 'NONE',  ( 0.0000000000000000000, -0.0000000000000000000, -1.000000000000000000 ) ) ;
#2623 = SURFACE_SIDE_STYLE ('',( #2989 ) ) ;
#2624 = EDGE_CURVE ( 'NONE', #1611, #583, #3957, .T. ) ;
#2625 = ORIENTED_EDGE ( 'NONE', *, *, #10, .F. ) ;
#2626 = FACE_OUTER_BOUND ( 'NONE', #473, .T. ) ;
#2627 = FILL_AREA_STYLE ('',( #3219 ) ) ;
#2628 = CARTESIAN_POINT ( 'NONE',  ( 12.59524414132858894, 1.880184881798330432, 3.846726910999764826 ) ) ;
#2629 = ORIENTED_EDGE ( 'NONE', *, *, #3090, .F. ) ;
#2630 = FILL_AREA_STYLE ('',( #1452 ) ) ;
#2631 =( BOUNDED_CURVE ( )  B_SPLINE_CURVE ( 3, ( #79, #3077, #3856, #2739 ),
 .UNSPECIFIED., .F., .T. ) 
 B_SPLINE_CURVE_WITH_KNOTS ( ( 4, 4 ),
 ( 4.392413767699973999E-16, 1.485291033116688419 ),
 .UNSPECIFIED. ) 
 CURVE ( )  GEOMETRIC_REPRESENTATION_ITEM ( )  RATIONAL_B_SPLINE_CURVE ( ( 1.000000000000000000, 0.8244547578635019747, 0.8244547578635019747, 1.000000000000000000 ) ) 
 REPRESENTATION_ITEM ( '' )  );
#2632 = STYLED_ITEM ( 'NONE', ( #3952 ), #769 ) ;
#2633 = CARTESIAN_POINT ( 'NONE',  ( 12.89524414132858965, 2.231469307523564982, -3.399733716353602997 ) ) ;
#2634 = DIRECTION ( 'NONE',  ( 0.0000000000000000000, 0.0000000000000000000, 1.000000000000000000 ) ) ;
#2635 = PRESENTATION_LAYER_ASSIGNMENT (  '', '', ( #1921 ) ) ;
#2636 = VERTEX_POINT ( 'NONE', #4473 ) ;
#2637 = DIRECTION ( 'NONE',  ( 0.0000000000000000000, 0.0000000000000000000, -1.000000000000000000 ) ) ;
#2638 = CARTESIAN_POINT ( 'NONE',  ( 12.28524414132859022, 0.2600000000000000089, -4.272214931251218317 ) ) ;
#2639 = FACE_OUTER_BOUND ( 'NONE', #1284, .T. ) ;
#2640 =( NAMED_UNIT ( * ) PLANE_ANGLE_UNIT ( ) SI_UNIT ( $, .RADIAN. ) );
#2641 = ORIENTED_EDGE ( 'NONE', *, *, #1895, .F. ) ;
#2642 = FILL_AREA_STYLE ('',( #1881 ) ) ;
#2643 = VECTOR ( 'NONE', #3288, 1000.000000000000000 ) ;
#2644 = DIRECTION ( 'NONE',  ( 1.000000000000000000, 4.951616000000000261E-17, 3.592136000000000158E-16 ) ) ;
#2645 = CARTESIAN_POINT ( 'NONE',  ( 12.59524414132858894, 1.902845374912722098, 4.105737532503619391 ) ) ;
#2646 = CARTESIAN_POINT ( 'NONE',  ( 12.29524414132859000, 0.2600000000000000089, 4.351100996136220367 ) ) ;
#2647 = ADVANCED_FACE ( 'NONE', ( #1095 ), #1066, .T. ) ;
#2648 = VERTEX_POINT ( 'NONE', #3719 ) ;
#2649 = VECTOR ( 'NONE', #3084, 1000.000000000000000 ) ;
#2650 = PRESENTATION_STYLE_ASSIGNMENT (( #1126 ) ) ;
#2651 =( NAMED_UNIT ( * ) SI_UNIT ( $, .STERADIAN. ) SOLID_ANGLE_UNIT ( ) );
#2652 = COLOUR_RGB ( '',0.7450980392156862919, 0.7372549019607843590, 0.7294117647058823151 ) ;
#2653 = VERTEX_POINT ( 'NONE', #1903 ) ;
#2654 = SURFACE_STYLE_USAGE ( .BOTH. , #16 ) ;
#2655 =( GEOMETRIC_REPRESENTATION_CONTEXT ( 3 ) GLOBAL_UNCERTAINTY_ASSIGNED_CONTEXT ( ( #3009 ) ) GLOBAL_UNIT_ASSIGNED_CONTEXT ( ( #1572, #4189, #4563 ) ) REPRESENTATION_CONTEXT ( 'NONE', 'WORKASPACE' ) );
#2656 = SURFACE_STYLE_FILL_AREA ( #286 ) ;
#2657 = FILL_AREA_STYLE ('',( #690 ) ) ;
#2658 =( NAMED_UNIT ( * ) SI_UNIT ( $, .STERADIAN. ) SOLID_ANGLE_UNIT ( ) );
#2659 = VERTEX_POINT ( 'NONE', #2205 ) ;
#2660 = LINE ( 'NONE', #428, #125 ) ;
#2661 =( NAMED_UNIT ( * ) PLANE_ANGLE_UNIT ( ) SI_UNIT ( $, .RADIAN. ) );
#2662 = DIRECTION ( 'NONE',  ( -1.000000000000000000, -4.951616000000000261E-17, 3.592136000000000158E-16 ) ) ;
#2663 = SURFACE_STYLE_USAGE ( .BOTH. , #1 ) ;
#2664 = PRODUCT ( 'Gullwing Pin_MIR1', 'Gullwing Pin_MIR1', '', ( #3606 ) ) ;
#2665 = LINE ( 'NONE', #4154, #1761 ) ;
#2666 = CARTESIAN_POINT ( 'NONE',  ( 12.29524414132859000, 0.3286239326108430503, -3.982470904823191216 ) ) ;
#2667 = PRODUCT_DEFINITION_CONTEXT ( 'detailed design', #95, 'design' ) ;
#2668 = DIRECTION ( 'NONE',  ( 0.0000000000000000000, 0.0000000000000000000, 1.000000000000000000 ) ) ;
#2669 = FILL_AREA_STYLE ('',( #1498 ) ) ;
#2670 = ORIENTED_EDGE ( 'NONE', *, *, #3157, .T. ) ;
#2671 = LINE ( 'NONE', #797, #507 ) ;
#2672 = ORIENTED_EDGE ( 'NONE', *, *, #1201, .T. ) ;
#2673 =( NAMED_UNIT ( * ) PLANE_ANGLE_UNIT ( ) SI_UNIT ( $, .RADIAN. ) );
#2674 = SURFACE_SIDE_STYLE ('',( #2722 ) ) ;
#2675 = PRESENTATION_LAYER_ASSIGNMENT (  '', '', ( #3360 ) ) ;
#2676 = VERTEX_POINT ( 'NONE', #2252 ) ;
#2677 = EDGE_CURVE ( 'NONE', #4466, #2979, #237, .T. ) ;
#2678 = ADVANCED_FACE ( 'NONE', ( #323 ), #1850, .T. ) ;
#2679 = CARTESIAN_POINT ( 'NONE',  ( 12.28524414132859022, 0.0000000000000000000, -4.772214931251219205 ) ) ;
#2680 = SURFACE_SIDE_STYLE ('',( #314 ) ) ;
#2681 = DIRECTION ( 'NONE',  ( 0.0000000000000000000, 0.0000000000000000000, 1.000000000000000000 ) ) ;
#2682 =( LENGTH_UNIT ( ) NAMED_UNIT ( * ) SI_UNIT ( .MILLI., .METRE. ) );
#2683 = STYLED_ITEM ( 'NONE', ( #1251 ), #4124 ) ;
#2684 =( NAMED_UNIT ( * ) PLANE_ANGLE_UNIT ( ) SI_UNIT ( $, .RADIAN. ) );
#2685 = PRESENTATION_STYLE_ASSIGNMENT (( #1556 ) ) ;
#2686 = SURFACE_STYLE_USAGE ( .BOTH. , #4103 ) ;
#2687 = COLOUR_RGB ( '',0.2705882352941176294, 0.2705882352941176294, 0.2705882352941176294 ) ;
#2688 = LINE ( 'NONE', #1560, #3518 ) ;
#2689 = ORIENTED_EDGE ( 'NONE', *, *, #174, .T. ) ;
#2690 = DIRECTION ( 'NONE',  ( -1.000000000000000000, -0.0000000000000000000, 0.0000000000000000000 ) ) ;
#2691 = PRESENTATION_LAYER_ASSIGNMENT (  '', '', ( #2850 ) ) ;
#2692 = CARTESIAN_POINT ( 'NONE',  ( 11.89524414132859143, 0.2600000000000001199, -5.072214931251217251 ) ) ;
#2693 = VERTEX_POINT ( 'NONE', #3345 ) ;
#2694 = SURFACE_STYLE_USAGE ( .BOTH. , #1276 ) ;
#2695 = ORIENTED_EDGE ( 'NONE', *, *, #546, .F. ) ;
#2696 =( NAMED_UNIT ( * ) SI_UNIT ( $, .STERADIAN. ) SOLID_ANGLE_UNIT ( ) );
#2697 = CARTESIAN_POINT ( 'NONE',  ( 12.29524414132859000, 1.971469307523565195, -3.399733716353602997 ) ) ;
#2698 = VERTEX_POINT ( 'NONE', #2180 ) ;
#2699 = VERTEX_POINT ( 'NONE', #1826 ) ;
#2700 = VECTOR ( 'NONE', #4655, 1000.000000000000114 ) ;
#2701 = EDGE_CURVE ( 'NONE', #3973, #2676, #4874, .T. ) ;
#2702 = CARTESIAN_POINT ( 'NONE',  ( 12.09524414132859249, 0.2600000000000000644, 5.272214931251217429 ) ) ;
#2703 = PRESENTATION_LAYER_ASSIGNMENT (  '', '', ( #3493 ) ) ;
#2704 = ORIENTED_EDGE ( 'NONE', *, *, #2914, .F. ) ;
#2705 = FILL_AREA_STYLE_COLOUR ( '', #1146 ) ;
#2706 = DIRECTION ( 'NONE',  ( 0.0000000000000000000, 0.0000000000000000000, 1.000000000000000000 ) ) ;
#2707 = FILL_AREA_STYLE_COLOUR ( '', #4151 ) ;
#2708 = EDGE_CURVE ( 'NONE', #2096, #1770, #1804, .T. ) ;
#2709 = SURFACE_SIDE_STYLE ('',( #4642 ) ) ;
#2710 = MECHANICAL_DESIGN_GEOMETRIC_PRESENTATION_REPRESENTATION (  '', ( #2632 ), #2325 ) ;
#2711 = DIRECTION ( 'NONE',  ( -1.000000000000000000, 0.0000000000000000000, 0.0000000000000000000 ) ) ;
#2712 = VERTEX_POINT ( 'NONE', #1267 ) ;
#2713 = LINE ( 'NONE', #3420, #4179 ) ;
#2714 = STYLED_ITEM ( 'NONE', ( #1340 ), #940 ) ;
#2715 = LINE ( 'NONE', #2645, #1989 ) ;
#2716 =( NAMED_UNIT ( * ) SI_UNIT ( $, .STERADIAN. ) SOLID_ANGLE_UNIT ( ) );
#2717 =( GEOMETRIC_REPRESENTATION_CONTEXT ( 3 ) GLOBAL_UNCERTAINTY_ASSIGNED_CONTEXT ( ( #3054 ) ) GLOBAL_UNIT_ASSIGNED_CONTEXT ( ( #231, #281, #1700 ) ) REPRESENTATION_CONTEXT ( 'NONE', 'WORKASPACE' ) );
#2718 = ORIENTED_EDGE ( 'NONE', *, *, #1056, .F. ) ;
#2719 = DIRECTION ( 'NONE',  ( -1.000000000000000000, -4.951616000000000261E-17, -3.592136000000000158E-16 ) ) ;
#2720 = VERTEX_POINT ( 'NONE', #3904 ) ;
#2721 = UNCERTAINTY_MEASURE_WITH_UNIT (LENGTH_MEASURE( 1.000000000000000082E-05 ), #2144, 'distance_accuracy_value', 'NONE');
#2722 = SURFACE_STYLE_FILL_AREA ( #826 ) ;
#2723 = AXIS2_PLACEMENT_3D ( 'NONE', #1143, #1959, #2987 ) ;
#2724 = MECHANICAL_DESIGN_GEOMETRIC_PRESENTATION_REPRESENTATION (  '', ( #3116 ), #4235 ) ;
#2725 = VERTEX_POINT ( 'NONE', #2742 ) ;
#2726 = SURFACE_STYLE_FILL_AREA ( #2048 ) ;
#2727 = AXIS2_PLACEMENT_3D ( 'NONE', #4307, #3050, #1663 ) ;
#2728 = VERTEX_POINT ( 'NONE', #25 ) ;
#2729 = COLOUR_RGB ( '',0.7450980392156862919, 0.7372549019607843590, 0.7294117647058823151 ) ;
#2730 = DIRECTION ( 'NONE',  ( -1.000000000000000000, -0.0000000000000000000, -0.0000000000000000000 ) ) ;
#2731 = VECTOR ( 'NONE', #3187, 1000.000000000000000 ) ;
#2732 = LINE ( 'NONE', #122, #4941 ) ;
#2733 = STYLED_ITEM ( 'NONE', ( #4537 ), #1740 ) ;
#2734 = SURFACE_STYLE_USAGE ( .BOTH. , #3097 ) ;
#2735 = PRESENTATION_LAYER_ASSIGNMENT (  '', '', ( #3995 ) ) ;
#2736 = ADVANCED_FACE ( 'NONE', ( #2326 ), #3451, .T. ) ;
#2737 = ORIENTED_EDGE ( 'NONE', *, *, #3985, .T. ) ;
#2738 = PLANE ( 'NONE',  #989 ) ;
#2739 = CARTESIAN_POINT ( 'NONE',  ( 2.171357675153835487, -1.384160456538574113, 3.131357675153835007 ) ) ;
#2740 = CARTESIAN_POINT ( 'NONE',  ( 12.89524414132859320, 1.871469307523565107, -3.747107441190590027 ) ) ;
#2741 =( GEOMETRIC_REPRESENTATION_CONTEXT ( 3 ) GLOBAL_UNCERTAINTY_ASSIGNED_CONTEXT ( ( #3908 ) ) GLOBAL_UNIT_ASSIGNED_CONTEXT ( ( #856, #3514, #2827 ) ) REPRESENTATION_CONTEXT ( 'NONE', 'WORKASPACE' ) );
#2742 = CARTESIAN_POINT ( 'NONE',  ( 12.29524414132859000, 1.971469307523564751, -3.747107441190590471 ) ) ;
#2743 = ORIENTED_EDGE ( 'NONE', *, *, #1395, .F. ) ;
#2744 = CARTESIAN_POINT ( 'NONE',  ( 12.29524414132859000, 2.231469307523564094, -3.399733716353602997 ) ) ;
#2745 = EDGE_CURVE ( 'NONE', #3126, #2676, #2034, .T. ) ;
#2746 = PRESENTATION_LAYER_ASSIGNMENT (  '', '', ( #1562 ) ) ;
#2747 = PRODUCT_CONTEXT ( 'NONE', #3821, 'mechanical' ) ;
#2748 = FILL_AREA_STYLE ('',( #496 ) ) ;
#2749 = EDGE_LOOP ( 'NONE', ( #2689, #3951 ) ) ;
#2750 = ORIENTED_EDGE ( 'NONE', *, *, #4134, .T. ) ;
#2751 = EDGE_CURVE ( 'NONE', #3845, #850, #2688, .T. ) ;
#2752 = DIRECTION ( 'NONE',  ( -1.000000000000000000, 0.0000000000000000000, -0.0000000000000000000 ) ) ;
#2753 = ORIENTED_EDGE ( 'NONE', *, *, #4201, .F. ) ;
#2754 = APPLICATION_CONTEXT ( 'automotive_design' ) ;
#2755 = ORIENTED_EDGE ( 'NONE', *, *, #2701, .F. ) ;
#2756 = CARTESIAN_POINT ( 'NONE',  ( 12.28524414132859022, 0.2600000000000000089, -4.272214931251218317 ) ) ;
#2757 = STYLED_ITEM ( 'NONE', ( #4404 ), #3327 ) ;
#2758 = DIRECTION ( 'NONE',  ( 0.0000000000000000000, -0.0000000000000000000, 1.000000000000000000 ) ) ;
#2759 = AXIS2_PLACEMENT_3D ( 'NONE', #1381, #3224, #3246 ) ;
#2760 = DIRECTION ( 'NONE',  ( 0.7071067811865474617, 0.0000000000000000000, -0.7071067811865474617 ) ) ;
#2761 = EDGE_LOOP ( 'NONE', ( #3144, #640, #3887, #4574 ) ) ;
#2762 = DIRECTION ( 'NONE',  ( 1.000000000000000000, -0.0000000000000000000, -0.0000000000000000000 ) ) ;
#2763 = AXIS2_PLACEMENT_3D ( 'NONE', #4635, #1262, #2760 ) ;
#2764 = CARTESIAN_POINT ( 'NONE',  ( 12.89524414132858965, 0.2600000000000000089, 5.272214931251218317 ) ) ;
#2765 = CYLINDRICAL_SURFACE ( 'NONE', #1161, 0.09999999999999896472 ) ;
#2766 = DIRECTION ( 'NONE',  ( 0.0000000000000000000, -1.000000000000000000, 0.0000000000000000000 ) ) ;
#2767 = MECHANICAL_DESIGN_GEOMETRIC_PRESENTATION_REPRESENTATION (  '', ( #4742 ), #123 ) ;
#2768 = VECTOR ( 'NONE', #158, 1000.000000000000000 ) ;
#2769 =( LENGTH_UNIT ( ) NAMED_UNIT ( * ) SI_UNIT ( .MILLI., .METRE. ) );
#2770 = EDGE_CURVE ( 'NONE', #2567, #4530, #849, .T. ) ;
#2771 = EDGE_CURVE ( 'NONE', #3537, #756, #4786, .T. ) ;
#2772 = CARTESIAN_POINT ( 'NONE',  ( 2.188500532296692391, 1.184160456538574158, 3.148500532296693244 ) ) ;
#2773 = EDGE_LOOP ( 'NONE', ( #2641, #2904, #1035, #2590 ) ) ;
#2774 = DIRECTION ( 'NONE',  ( 0.0000000000000000000, 0.0000000000000000000, 1.000000000000000000 ) ) ;
#2775 = ORIENTED_EDGE ( 'NONE', *, *, #2472, .F. ) ;
#2776 = VECTOR ( 'NONE', #813, 1000.000000000000114 ) ;
#2777 = CARTESIAN_POINT ( 'NONE',  ( -2.171357675153836819, -1.384160456538574113, 3.131357675153835007 ) ) ;
#2778 = UNCERTAINTY_MEASURE_WITH_UNIT (LENGTH_MEASURE( 1.000000000000000082E-05 ), #31, 'distance_accuracy_value', 'NONE');
#2779 = DIRECTION ( 'NONE',  ( -1.000000000000000000, 0.0000000000000000000, -0.0000000000000000000 ) ) ;
#2780 = ADVANCED_FACE ( 'NONE', ( #1532 ), #2765, .F. ) ;
#2781 = ORIENTED_EDGE ( 'NONE', *, *, #3358, .F. ) ;
#2782 = LINE ( 'NONE', #4319, #3758 ) ;
#2783 = ORIENTED_EDGE ( 'NONE', *, *, #3244, .T. ) ;
#2784 = CLOSED_SHELL ( 'NONE', ( #70, #3051, #2854, #2835, #1269, #4529, #1439, #3863, #1026, #1085, #2736, #4673, #372, #381, #2830, #1512, #3488, #3192, #853, #4892 ) ) ;
#2785 = UNCERTAINTY_MEASURE_WITH_UNIT (LENGTH_MEASURE( 1.000000000000000082E-05 ), #1958, 'distance_accuracy_value', 'NONE');
#2786 = PRESENTATION_LAYER_ASSIGNMENT (  '', '', ( #4044 ) ) ;
#2787 = LINE ( 'NONE', #1055, #500 ) ;
#2788 = MECHANICAL_DESIGN_GEOMETRIC_PRESENTATION_REPRESENTATION (  '', ( #1376 ), #1220 ) ;
#2789 = VERTEX_POINT ( 'NONE', #212 ) ;
#2790 = FACE_OUTER_BOUND ( 'NONE', #4312, .T. ) ;
#2791 = ITEM_DEFINED_TRANSFORMATION ( 'NONE', 'NONE', #3835,  #2178 ) ;
#2792 = DIRECTION ( 'NONE',  ( -1.000000000000000000, -0.0000000000000000000, -0.0000000000000000000 ) ) ;
#2793 =( NAMED_UNIT ( * ) PLANE_ANGLE_UNIT ( ) SI_UNIT ( $, .RADIAN. ) );
#2794 = EDGE_LOOP ( 'NONE', ( #1707, #4321, #2858, #3808 ) ) ;
#2795 = ORIENTED_EDGE ( 'NONE', *, *, #4128, .T. ) ;
#2796 = FACE_OUTER_BOUND ( 'NONE', #2880, .T. ) ;
#2797 =( NAMED_UNIT ( * ) PLANE_ANGLE_UNIT ( ) SI_UNIT ( $, .RADIAN. ) );
#2798 = ORIENTED_EDGE ( 'NONE', *, *, #617, .T. ) ;
#2799 = SURFACE_STYLE_USAGE ( .BOTH. , #94 ) ;
#2800 = STYLED_ITEM ( 'NONE', ( #3519 ), #1893 ) ;
#2801 = EDGE_CURVE ( 'NONE', #2636, #4799, #2217, .T. ) ;
#2802 = VECTOR ( 'NONE', #1407, 1000.000000000000000 ) ;
#2803 = PLANE ( 'NONE',  #3742 ) ;
#2804 =( GEOMETRIC_REPRESENTATION_CONTEXT ( 3 ) GLOBAL_UNCERTAINTY_ASSIGNED_CONTEXT ( ( #2317 ) ) GLOBAL_UNIT_ASSIGNED_CONTEXT ( ( #2769, #4935, #552 ) ) REPRESENTATION_CONTEXT ( 'NONE', 'WORKASPACE' ) );
#2805 =( GEOMETRIC_REPRESENTATION_CONTEXT ( 3 ) GLOBAL_UNCERTAINTY_ASSIGNED_CONTEXT ( ( #2721 ) ) GLOBAL_UNIT_ASSIGNED_CONTEXT ( ( #2144, #4779, #1354 ) ) REPRESENTATION_CONTEXT ( 'NONE', 'WORKASPACE' ) );
#2806 = CIRCLE ( 'NONE', #3594, 0.3600000000000000977 ) ;
#2807 =( GEOMETRIC_REPRESENTATION_CONTEXT ( 3 ) GLOBAL_UNCERTAINTY_ASSIGNED_CONTEXT ( ( #4131 ) ) GLOBAL_UNIT_ASSIGNED_CONTEXT ( ( #3785, #778, #1820 ) ) REPRESENTATION_CONTEXT ( 'NONE', 'WORKASPACE' ) );
#2808 = FILL_AREA_STYLE_COLOUR ( '', #1697 ) ;
#2809 =( LENGTH_UNIT ( ) NAMED_UNIT ( * ) SI_UNIT ( .MILLI., .METRE. ) );
#2810 = SURFACE_SIDE_STYLE ('',( #1583 ) ) ;
#2811 = FILL_AREA_STYLE_COLOUR ( '', #2236 ) ;
#2812 = MECHANICAL_DESIGN_GEOMETRIC_PRESENTATION_REPRESENTATION (  '', ( #3598 ), #661 ) ;
#2813 = VERTEX_POINT ( 'NONE', #3640 ) ;
#2814 = DIRECTION ( 'NONE',  ( -1.000000000000000000, -4.951616000000000261E-17, 3.592136000000000158E-16 ) ) ;
#2815 = ORIENTED_EDGE ( 'NONE', *, *, #1895, .T. ) ;
#2816 =( NAMED_UNIT ( * ) PLANE_ANGLE_UNIT ( ) SI_UNIT ( $, .RADIAN. ) );
#2817 = PRESENTATION_STYLE_ASSIGNMENT (( #3182 ) ) ;
#2818 = DIRECTION ( 'NONE',  ( 0.0000000000000000000, 0.0000000000000000000, 1.000000000000000000 ) ) ;
#2819 = CONTEXT_DEPENDENT_SHAPE_REPRESENTATION ( #3661, #426 ) ;
#2820 = DIRECTION ( 'NONE',  ( 0.0000000000000000000, 0.0000000000000000000, -1.000000000000000000 ) ) ;
#2821 = VERTEX_POINT ( 'NONE', #4783 ) ;
#2822 = VECTOR ( 'NONE', #2602, 1000.000000000000000 ) ;
#2823 = SURFACE_SIDE_STYLE ('',( #141 ) ) ;
#2824 = DIRECTION ( 'NONE',  ( -0.08509140416961029352, -0.9927330486454493119, 0.08509140416961029352 ) ) ;
#2825 = CARTESIAN_POINT ( 'NONE',  ( 12.29524414132859178, 0.0000000000000000000, 4.341100996136219692 ) ) ;
#2826 = ORIENTED_EDGE ( 'NONE', *, *, #2618, .T. ) ;
#2827 =( NAMED_UNIT ( * ) SI_UNIT ( $, .STERADIAN. ) SOLID_ANGLE_UNIT ( ) );
#2828 = EDGE_CURVE ( 'NONE', #3836, #2693, #2787, .T. ) ;
#2829 = UNCERTAINTY_MEASURE_WITH_UNIT (LENGTH_MEASURE( 1.000000000000000082E-05 ), #3953, 'distance_accuracy_value', 'NONE');
#2830 = ADVANCED_FACE ( 'NONE', ( #130 ), #1290, .F. ) ;
#2831 = DIRECTION ( 'NONE',  ( 0.0000000000000000000, 1.000000000000000000, 0.0000000000000000000 ) ) ;
#2832 = FILL_AREA_STYLE ('',( #3495 ) ) ;
#2833 = PRESENTATION_STYLE_ASSIGNMENT (( #1341 ) ) ;
#2834 = VECTOR ( 'NONE', #3650, 1000.000000000000000 ) ;
#2835 = ADVANCED_FACE ( 'NONE', ( #3934 ), #4087, .T. ) ;
#2836 = CARTESIAN_POINT ( 'NONE',  ( -2.169821003863363185, 1.402088288260771254, 3.129821003863362261 ) ) ;
#2837 = PRESENTATION_LAYER_ASSIGNMENT (  '', '', ( #2059 ) ) ;
#2838 = ORIENTED_EDGE ( 'NONE', *, *, #4289, .F. ) ;
#2839 = CARTESIAN_POINT ( 'NONE',  ( 12.59524414132858894, 1.971469307523565195, 3.749733716353603086 ) ) ;
#2840 = PRESENTATION_STYLE_ASSIGNMENT (( #2132 ) ) ;
#2841 = ITEM_DEFINED_TRANSFORMATION ( 'NONE', 'NONE', #3432,  #2178 ) ;
#2842 = FILL_AREA_STYLE_COLOUR ( '', #229 ) ;
#2843 = PRESENTATION_LAYER_ASSIGNMENT (  '', '', ( #695 ) ) ;
#2844 = DIRECTION ( 'NONE',  ( 0.0000000000000000000, 0.0000000000000000000, 1.000000000000000000 ) ) ;
#2845 = DIRECTION ( 'NONE',  ( 0.0000000000000000000, -0.0000000000000000000, -1.000000000000000000 ) ) ;
#2846 = FILL_AREA_STYLE_COLOUR ( '', #4456 ) ;
#2847 = VERTEX_POINT ( 'NONE', #4015 ) ;
#2848 =( NAMED_UNIT ( * ) PLANE_ANGLE_UNIT ( ) SI_UNIT ( $, .RADIAN. ) );
#2849 = STYLED_ITEM ( 'NONE', ( #764 ), #4322 ) ;
#2850 = STYLED_ITEM ( 'NONE', ( #4942 ), #4673 ) ;
#2851 = CARTESIAN_POINT ( 'NONE',  ( -2.140000000000000124, 1.750000000000000000, 2.775557999999999849E-16 ) ) ;
#2852 = STYLED_ITEM ( 'NONE', ( #1978 ), #70 ) ;
#2853 = FACE_BOUND ( 'NONE', #3429, .T. ) ;
#2854 = ADVANCED_FACE ( 'NONE', ( #2146 ), #3761, .T. ) ;
#2855 = CARTESIAN_POINT ( 'NONE',  ( 12.29524414132859000, 0.2600000000000000089, -4.351100996136220367 ) ) ;
#2856 = CARTESIAN_POINT ( 'NONE',  ( 11.69524414132859214, 0.0000000000000000000, -4.872214931251216186 ) ) ;
#2857 = AXIS2_PLACEMENT_3D ( 'NONE', #4274, #4666, #842 ) ;
#2858 = ORIENTED_EDGE ( 'NONE', *, *, #4680, .T. ) ;
#2859 = FACE_OUTER_BOUND ( 'NONE', #544, .T. ) ;
#2860 = UNCERTAINTY_MEASURE_WITH_UNIT (LENGTH_MEASURE( 1.000000000000000082E-05 ), #1768, 'distance_accuracy_value', 'NONE');
#2861 = CIRCLE ( 'NONE', #3801, 0.3599999999999987654 ) ;
#2862 = FILL_AREA_STYLE ('',( #3248 ) ) ;
#2863 = EDGE_CURVE ( 'NONE', #1940, #4466, #361, .T. ) ;
#2864 = PLANE ( 'NONE',  #230 ) ;
#2865 =( NAMED_UNIT ( * ) SI_UNIT ( $, .STERADIAN. ) SOLID_ANGLE_UNIT ( ) );
#2866 = MECHANICAL_DESIGN_GEOMETRIC_PRESENTATION_REPRESENTATION (  '', ( #4044 ), #3015 ) ;
#2867 = DIRECTION ( 'NONE',  ( 0.7071067811865499042, 0.0000000000000000000, -0.7071067811865452413 ) ) ;
#2868 =( LENGTH_UNIT ( ) NAMED_UNIT ( * ) SI_UNIT ( .MILLI., .METRE. ) );
#2869 = COLOUR_RGB ( '',0.7450980392156862919, 0.7372549019607843590, 0.7294117647058823151 ) ;
#2870 = CARTESIAN_POINT ( 'NONE',  ( 12.29524414132859000, 2.231469307523564094, -3.747107441190590471 ) ) ;
#2871 = ORIENTED_EDGE ( 'NONE', *, *, #3755, .T. ) ;
#2872 =( LENGTH_UNIT ( ) NAMED_UNIT ( * ) SI_UNIT ( .MILLI., .METRE. ) );
#2873 =( GEOMETRIC_REPRESENTATION_CONTEXT ( 3 ) GLOBAL_UNCERTAINTY_ASSIGNED_CONTEXT ( ( #2220 ) ) GLOBAL_UNIT_ASSIGNED_CONTEXT ( ( #2969, #1789, #4716 ) ) REPRESENTATION_CONTEXT ( 'NONE', 'WORKASPACE' ) );
#2874 =( NAMED_UNIT ( * ) PLANE_ANGLE_UNIT ( ) SI_UNIT ( $, .RADIAN. ) );
#2875 =( LENGTH_UNIT ( ) NAMED_UNIT ( * ) SI_UNIT ( .MILLI., .METRE. ) );
#2876 = MECHANICAL_DESIGN_GEOMETRIC_PRESENTATION_REPRESENTATION (  '', ( #4855 ), #744 ) ;
#2877 = VECTOR ( 'NONE', #2550, 1000.000000000000000 ) ;
#2878 = PRESENTATION_STYLE_ASSIGNMENT (( #3949 ) ) ;
#2879 = FILL_AREA_STYLE ('',( #1726 ) ) ;
#2880 = EDGE_LOOP ( 'NONE', ( #2615, #3963, #2588, #378 ) ) ;
#2881 = LINE ( 'NONE', #545, #4813 ) ;
#2882 = MECHANICAL_DESIGN_GEOMETRIC_PRESENTATION_REPRESENTATION (  '', ( #589 ), #234 ) ;
#2883 = CIRCLE ( 'NONE', #1236, 0.4500000000000001221 ) ;
#2884 = VERTEX_POINT ( 'NONE', #1840 ) ;
#2885 = LINE ( 'NONE', #2453, #2095 ) ;
#2886 = VECTOR ( 'NONE', #4863, 1000.000000000000000 ) ;
#2887 = DIRECTION ( 'NONE',  ( 0.0000000000000000000, 2.168404344971031351E-15, 1.000000000000000000 ) ) ;
#2888 = ORIENTED_EDGE ( 'NONE', *, *, #2624, .F. ) ;
#2889 = PRESENTATION_STYLE_ASSIGNMENT (( #186 ) ) ;
#2890 = EDGE_CURVE ( 'NONE', #1017, #2908, #415, .T. ) ;
#2891 = VECTOR ( 'NONE', #248, 1000.000000000000000 ) ;
#2892 = DIRECTION ( 'NONE',  ( -1.000000000000000000, -0.0000000000000000000, 0.0000000000000000000 ) ) ;
#2893 = PRESENTATION_LAYER_ASSIGNMENT (  '', '', ( #4401 ) ) ;
#2894 = ORIENTED_EDGE ( 'NONE', *, *, #1304, .T. ) ;
#2895 = FILL_AREA_STYLE ('',( #3964 ) ) ;
#2896 = EDGE_CURVE ( 'NONE', #4188, #3061, #2609, .T. ) ;
#2897 = LINE ( 'NONE', #4364, #64 ) ;
#2898 =( GEOMETRIC_REPRESENTATION_CONTEXT ( 3 ) GLOBAL_UNCERTAINTY_ASSIGNED_CONTEXT ( ( #1923 ) ) GLOBAL_UNIT_ASSIGNED_CONTEXT ( ( #2555, #2848, #3616 ) ) REPRESENTATION_CONTEXT ( 'NONE', 'WORKASPACE' ) );
#2899 = PLANE ( 'NONE',  #2071 ) ;
#2900 =( LENGTH_UNIT ( ) NAMED_UNIT ( * ) SI_UNIT ( .MILLI., .METRE. ) );
#2901 = DIRECTION ( 'NONE',  ( -0.0000000000000000000, 1.000000000000000000, 0.0000000000000000000 ) ) ;
#2902 = ORIENTED_EDGE ( 'NONE', *, *, #3362, .T. ) ;
#2903 =( LENGTH_UNIT ( ) NAMED_UNIT ( * ) SI_UNIT ( .MILLI., .METRE. ) );
#2904 = ORIENTED_EDGE ( 'NONE', *, *, #3218, .F. ) ;
#2905 = PRESENTATION_STYLE_ASSIGNMENT (( #2475 ) ) ;
#2906 = LINE ( 'NONE', #4024, #4699 ) ;
#2907 = PRESENTATION_STYLE_ASSIGNMENT (( #2573 ) ) ;
#2908 = VERTEX_POINT ( 'NONE', #4937 ) ;
#2909 = CARTESIAN_POINT ( 'NONE',  ( 12.89524414132858965, 0.9630741606473910421, -3.926963702298556402 ) ) ;
#2910 = VECTOR ( 'NONE', #2353, 1000.000000000000000 ) ;
#2911 = FACE_OUTER_BOUND ( 'NONE', #2068, .T. ) ;
#2912 = DIRECTION ( 'NONE',  ( 1.000000000000000000, 0.0000000000000000000, 0.0000000000000000000 ) ) ;
#2914 = EDGE_CURVE ( 'NONE', #1672, #4419, #4509, .T. ) ;
#2913 = AXIS2_PLACEMENT_3D ( 'NONE', #1799, #1458, #2951 ) ;
#2915 = ORIENTED_EDGE ( 'NONE', *, *, #1660, .F. ) ;
#2916 = VECTOR ( 'NONE', #4088, 1000.000000000000000 ) ;
#2917 = CARTESIAN_POINT ( 'NONE',  ( 11.69524414132859036, 0.0000000000000000000, 4.872214931251217962 ) ) ;
#2918 = SURFACE_SIDE_STYLE ('',( #713 ) ) ;
#2919 = EDGE_CURVE ( 'NONE', #2603, #2296, #4164, .T. ) ;
#2920 = PLANE ( 'NONE',  #3830 ) ;
#2921 = PRESENTATION_LAYER_ASSIGNMENT (  '', '', ( #4503 ) ) ;
#2922 =( NAMED_UNIT ( * ) PLANE_ANGLE_UNIT ( ) SI_UNIT ( $, .RADIAN. ) );
#2923 = CARTESIAN_POINT ( 'NONE',  ( 2.139999999999999680, 1.750000000000000000, -2.732819015537134799 ) ) ;
#2924 = COLOUR_RGB ( '',0.2705882352941176294, 0.2705882352941176294, 0.2705882352941176294 ) ;
#2925 =( NAMED_UNIT ( * ) PLANE_ANGLE_UNIT ( ) SI_UNIT ( $, .RADIAN. ) );
#2926 = LINE ( 'NONE', #2126, #1079 ) ;
#2927 = LINE ( 'NONE', #4441, #2241 ) ;
#2928 = ORIENTED_EDGE ( 'NONE', *, *, #10, .T. ) ;
#2929 = ORIENTED_EDGE ( 'NONE', *, *, #1421, .F. ) ;
#2930 = PRESENTATION_LAYER_ASSIGNMENT (  '', '', ( #138 ) ) ;
#2931 = SURFACE_STYLE_FILL_AREA ( #3227 ) ;
#2932 = SURFACE_SIDE_STYLE ('',( #4400 ) ) ;
#2933 = DIRECTION ( 'NONE',  ( -0.0000000000000000000, -0.0000000000000000000, 1.000000000000000000 ) ) ;
#2934 =( NAMED_UNIT ( * ) PLANE_ANGLE_UNIT ( ) SI_UNIT ( $, .RADIAN. ) );
#2935 =( LENGTH_UNIT ( ) NAMED_UNIT ( * ) SI_UNIT ( .MILLI., .METRE. ) );
#2936 = LINE ( 'NONE', #1142, #263 ) ;
#2937 = DIRECTION ( 'NONE',  ( 0.0000000000000000000, 0.9961946980917455452, -0.08715574274765734708 ) ) ;
#2938 = DIRECTION ( 'NONE',  ( 0.0000000000000000000, 0.0000000000000000000, 1.000000000000000000 ) ) ;
#2939 = ORIENTED_EDGE ( 'NONE', *, *, #2354, .F. ) ;
#2940 = PRESENTATION_LAYER_ASSIGNMENT (  '', '', ( #4687 ) ) ;
#2941 = EDGE_CURVE ( 'NONE', #2552, #2309, #1178, .T. ) ;
#2942 = CARTESIAN_POINT ( 'NONE',  ( 12.89524414132858965, 1.871469307523565107, 3.747107441190590027 ) ) ;
#2943 = DIRECTION ( 'NONE',  ( -0.0000000000000000000, -0.0000000000000000000, -1.000000000000000000 ) ) ;
#2944 = ORIENTED_EDGE ( 'NONE', *, *, #3102, .T. ) ;
#2945 = FILL_AREA_STYLE_COLOUR ( '', #4553 ) ;
#2946 = DIRECTION ( 'NONE',  ( 1.000000000000000000, 0.0000000000000000000, -0.0000000000000000000 ) ) ;
#2947 = EDGE_CURVE ( 'NONE', #506, #1222, #3734, .T. ) ;
#2948 = SURFACE_STYLE_FILL_AREA ( #2657 ) ;
#2949 = COLOUR_RGB ( '',0.7450980392156862919, 0.7372549019607843590, 0.7294117647058823151 ) ;
#2950 = EDGE_LOOP ( 'NONE', ( #4407, #3340, #681, #4247 ) ) ;
#2951 = DIRECTION ( 'NONE',  ( 0.0000000000000000000, 0.0000000000000000000, -1.000000000000000000 ) ) ;
#2952 = ORIENTED_EDGE ( 'NONE', *, *, #4801, .T. ) ;
#2953 = PRESENTATION_LAYER_ASSIGNMENT (  '', '', ( #4540 ) ) ;
#2954 = UNCERTAINTY_MEASURE_WITH_UNIT (LENGTH_MEASURE( 1.000000000000000082E-05 ), #2903, 'distance_accuracy_value', 'NONE');
#2955 = SURFACE_SIDE_STYLE ('',( #347 ) ) ;
#2956 = PLANE ( 'NONE',  #4316 ) ;
#2957 = FACE_OUTER_BOUND ( 'NONE', #821, .T. ) ;
#2958 = STYLED_ITEM ( 'NONE', ( #4356 ), #2147 ) ;
#2959 = CARTESIAN_POINT ( 'NONE',  ( -1.290000000000000924, 10.43771546495395164, 1.609999999999998987 ) ) ;
#2960 = PRODUCT_DEFINITION_FORMATION_WITH_SPECIFIED_SOURCE ( 'ANY', '', #4167, .NOT_KNOWN. ) ;
#2961 = PRESENTATION_STYLE_ASSIGNMENT (( #4477 ) ) ;
#2962 = VECTOR ( 'NONE', #4768, 1000.000000000000114 ) ;
#2963 =( GEOMETRIC_REPRESENTATION_CONTEXT ( 3 ) GLOBAL_UNCERTAINTY_ASSIGNED_CONTEXT ( ( #1125 ) ) GLOBAL_UNIT_ASSIGNED_CONTEXT ( ( #3335, #338, #4091 ) ) REPRESENTATION_CONTEXT ( 'NONE', 'WORKASPACE' ) );
#2964 =( NAMED_UNIT ( * ) SI_UNIT ( $, .STERADIAN. ) SOLID_ANGLE_UNIT ( ) );
#2965 = CARTESIAN_POINT ( 'NONE',  ( 12.29524414132859000, 0.0000000000000000000, -4.772214931251219205 ) ) ;
#2966 = AXIS2_PLACEMENT_3D ( 'NONE', #1081, #4301, #4411 ) ;
#2967 = ORIENTED_EDGE ( 'NONE', *, *, #4850, .T. ) ;
#2968 =( NAMED_UNIT ( * ) PLANE_ANGLE_UNIT ( ) SI_UNIT ( $, .RADIAN. ) );
#2969 =( LENGTH_UNIT ( ) NAMED_UNIT ( * ) SI_UNIT ( .MILLI., .METRE. ) );
#2970 = SHAPE_REPRESENTATION_RELATIONSHIP ( 'NONE' , 'NONE' ,  #802, #4797 ) ;
#2971 =( NAMED_UNIT ( * ) PLANE_ANGLE_UNIT ( ) SI_UNIT ( $, .RADIAN. ) );
#2972 = EDGE_LOOP ( 'NONE', ( #976, #2044, #1918, #355, #639, #716, #4915, #2695, #882, #360, #3233, #3625 ) ) ;
#2973 = FACE_OUTER_BOUND ( 'NONE', #1979, .T. ) ;
#2974 = EDGE_CURVE ( 'NONE', #3459, #1987, #1519, .T. ) ;
#2975 = ADVANCED_FACE ( 'NONE', ( #3020 ), #3441, .F. ) ;
#2976 = SURFACE_STYLE_USAGE ( .BOTH. , #4865 ) ;
#2977 = ORIENTED_EDGE ( 'NONE', *, *, #3032, .F. ) ;
#2978 =( LENGTH_UNIT ( ) NAMED_UNIT ( * ) SI_UNIT ( .MILLI., .METRE. ) );
#2979 = VERTEX_POINT ( 'NONE', #1332 ) ;
#2980 =( NAMED_UNIT ( * ) SI_UNIT ( $, .STERADIAN. ) SOLID_ANGLE_UNIT ( ) );
#2981 = PLANE ( 'NONE',  #203 ) ;
#2982 = DIRECTION ( 'NONE',  ( 1.000000000000000000, 0.0000000000000000000, 0.0000000000000000000 ) ) ;
#2983 = SURFACE_SIDE_STYLE ('',( #3750 ) ) ;
#2984 = PRESENTATION_LAYER_ASSIGNMENT (  '', '', ( #4175 ) ) ;
#2985 =( NAMED_UNIT ( * ) SI_UNIT ( $, .STERADIAN. ) SOLID_ANGLE_UNIT ( ) );
#2986 = CARTESIAN_POINT ( 'NONE',  ( 12.59524414132858894, 0.3512844257252340507, 4.241481526327046225 ) ) ;
#2987 = DIRECTION ( 'NONE',  ( 0.0000000000000000000, 0.0000000000000000000, 1.000000000000000000 ) ) ;
#2988 = VECTOR ( 'NONE', #2814, 1000.000000000000000 ) ;
#2989 = SURFACE_STYLE_FILL_AREA ( #2669 ) ;
#2990 =( NAMED_UNIT ( * ) SI_UNIT ( $, .STERADIAN. ) SOLID_ANGLE_UNIT ( ) );
#2991 = ORIENTED_EDGE ( 'NONE', *, *, #3560, .T. ) ;
#2992 = SURFACE_STYLE_FILL_AREA ( #3016 ) ;
#2993 = CARTESIAN_POINT ( 'NONE',  ( 11.69524414132859036, 0.0000000000000000000, 5.272214931251218317 ) ) ;
#2994 =( NAMED_UNIT ( * ) PLANE_ANGLE_UNIT ( ) SI_UNIT ( $, .RADIAN. ) );
#2995 = CARTESIAN_POINT ( 'NONE',  ( 12.59524414132858894, 0.9857346537617821536, 4.185974323802411412 ) ) ;
#2996 = ORIENTED_EDGE ( 'NONE', *, *, #4710, .F. ) ;
#2997 = DIRECTION ( 'NONE',  ( 0.0000000000000000000, 1.000000000000000000, 0.0000000000000000000 ) ) ;
#2998 = COLOUR_RGB ( '',0.7450980392156862919, 0.7372549019607843590, 0.7294117647058823151 ) ;
#2999 = AXIS2_PLACEMENT_3D ( 'NONE', #4640, #2706, #1265 ) ;
#3000 = PRODUCT_RELATED_PRODUCT_CATEGORY ( 'part', '', ( #770 ) ) ;
#3001 = EDGE_CURVE ( 'NONE', #2789, #2113, #4609, .T. ) ;
#3002 = ORIENTED_EDGE ( 'NONE', *, *, #4494, .T. ) ;
#3003 =( NAMED_UNIT ( * ) SI_UNIT ( $, .STERADIAN. ) SOLID_ANGLE_UNIT ( ) );
#3004 =( LENGTH_UNIT ( ) NAMED_UNIT ( * ) SI_UNIT ( .MILLI., .METRE. ) );
#3005 = FILL_AREA_STYLE_COLOUR ( '', #4873 ) ;
#3006 = ORIENTED_EDGE ( 'NONE', *, *, #3102, .F. ) ;
#3007 = FILL_AREA_STYLE ('',( #4522 ) ) ;
#3008 = ADVANCED_FACE ( 'NONE', ( #117 ), #3844, .F. ) ;
#3009 = UNCERTAINTY_MEASURE_WITH_UNIT (LENGTH_MEASURE( 1.000000000000000082E-05 ), #1572, 'distance_accuracy_value', 'NONE');
#3010 = LINE ( 'NONE', #791, #4844 ) ;
#3011 = DIRECTION ( 'NONE',  ( 1.000000000000000000, -3.104640950778811161E-17, -3.548620844869660172E-16 ) ) ;
#3012 =( NAMED_UNIT ( * ) PLANE_ANGLE_UNIT ( ) SI_UNIT ( $, .RADIAN. ) );
#3013 = CARTESIAN_POINT ( 'NONE',  ( 12.29524414132858823, 2.231469307523564094, 3.747107441190590471 ) ) ;
#3014 = ORIENTED_EDGE ( 'NONE', *, *, #3298, .T. ) ;
#3015 =( GEOMETRIC_REPRESENTATION_CONTEXT ( 3 ) GLOBAL_UNCERTAINTY_ASSIGNED_CONTEXT ( ( #4838 ) ) GLOBAL_UNIT_ASSIGNED_CONTEXT ( ( #1101, #2673, #1198 ) ) REPRESENTATION_CONTEXT ( 'NONE', 'WORKASPACE' ) );
#3016 = FILL_AREA_STYLE ('',( #1859 ) ) ;
#3017 = DIRECTION ( 'NONE',  ( 0.0000000000000000000, -0.9961946980917455452, 0.08715574274765795770 ) ) ;
#3018 = AXIS2_PLACEMENT_3D ( 'NONE', #1755, #3633, #1438 ) ;
#3019 = EDGE_LOOP ( 'NONE', ( #3627, #3654, #1110, #874, #3917, #3822, #1207, #1897, #1022, #4573, #2049, #401 ) ) ;
#3020 = FACE_OUTER_BOUND ( 'NONE', #3868, .T. ) ;
#3021 = COLOUR_RGB ( '',0.7450980392156862919, 0.7372549019607843590, 0.7294117647058823151 ) ;
#3022 = CARTESIAN_POINT ( 'NONE',  ( 12.29524414132859000, 0.0000000000000000000, 4.341100996136219692 ) ) ;
#3023 = CARTESIAN_POINT ( 'NONE',  ( 12.89524414132858965, 1.902845374912722098, 4.105737532503619391 ) ) ;
#3024 = CYLINDRICAL_SURFACE ( 'NONE', #288, 0.3600000000000000977 ) ;
#3025 = DIRECTION ( 'NONE',  ( -1.000000000000000000, 0.0000000000000000000, 0.0000000000000000000 ) ) ;
#3026 = EDGE_LOOP ( 'NONE', ( #4631, #4142, #4769, #2463 ) ) ;
#3027 = SURFACE_STYLE_FILL_AREA ( #2249 ) ;
#3028 = FILL_AREA_STYLE ('',( #3792 ) ) ;
#3029 = SURFACE_SIDE_STYLE ('',( #295 ) ) ;
#3030 = PRESENTATION_LAYER_ASSIGNMENT (  '', '', ( #2413 ) ) ;
#3031 = SURFACE_STYLE_FILL_AREA ( #699 ) ;
#3032 = EDGE_CURVE ( 'NONE', #1880, #466, #421, .T. ) ;
#3033 =( LENGTH_UNIT ( ) NAMED_UNIT ( * ) SI_UNIT ( .MILLI., .METRE. ) );
#3034 = DIRECTION ( 'NONE',  ( 0.0000000000000000000, 1.000000000000000000, -0.0000000000000000000 ) ) ;
#3035 = COLOUR_RGB ( '',0.2705882352941176294, 0.2705882352941176294, 0.2705882352941176294 ) ;
#3036 = LINE ( 'NONE', #4127, #1917 ) ;
#3037 = PRESENTATION_LAYER_ASSIGNMENT (  '', '', ( #3740 ) ) ;
#3038 =( LENGTH_UNIT ( ) NAMED_UNIT ( * ) SI_UNIT ( .MILLI., .METRE. ) );
#3039 = STYLED_ITEM ( 'NONE', ( #1825 ), #2262 ) ;
#3040 =( GEOMETRIC_REPRESENTATION_CONTEXT ( 3 ) GLOBAL_UNCERTAINTY_ASSIGNED_CONTEXT ( ( #3045 ) ) GLOBAL_UNIT_ASSIGNED_CONTEXT ( ( #3250, #3628, #1388 ) ) REPRESENTATION_CONTEXT ( 'NONE', 'WORKASPACE' ) );
#3041 = EDGE_CURVE ( 'NONE', #3212, #3459, #2782, .T. ) ;
#3042 = EDGE_LOOP ( 'NONE', ( #611, #920, #3375, #195 ) ) ;
#3043 = PRODUCT_DEFINITION_FORMATION_WITH_SPECIFIED_SOURCE ( 'ANY', '', #2316, .NOT_KNOWN. ) ;
#3044 = ORIENTED_EDGE ( 'NONE', *, *, #476, .T. ) ;
#3045 = UNCERTAINTY_MEASURE_WITH_UNIT (LENGTH_MEASURE( 1.000000000000000082E-05 ), #3250, 'distance_accuracy_value', 'NONE');
#3046 = AXIS2_PLACEMENT_3D ( 'NONE', #162, #4357, #3254 ) ;
#3047 = AXIS2_PLACEMENT_3D ( 'NONE', #1210, #1314, #2397 ) ;
#3048 = CARTESIAN_POINT ( 'NONE',  ( 12.59524414132858894, 0.3599999999999999867, -4.341100996136219692 ) ) ;
#3049 = FILL_AREA_STYLE_COLOUR ( '', #2949 ) ;
#3050 = DIRECTION ( 'NONE',  ( 0.0000000000000000000, 0.0000000000000000000, 1.000000000000000000 ) ) ;
#3051 = ADVANCED_FACE ( 'NONE', ( #146 ), #3942, .T. ) ;
#3052 = PRESENTATION_LAYER_ASSIGNMENT (  '', '', ( #175 ) ) ;
#3053 = ORIENTED_EDGE ( 'NONE', *, *, #147, .F. ) ;
#3054 = UNCERTAINTY_MEASURE_WITH_UNIT (LENGTH_MEASURE( 1.000000000000000082E-05 ), #231, 'distance_accuracy_value', 'NONE');
#3055 = AXIS2_PLACEMENT_3D ( 'NONE', #1941, #1105, #4484 ) ;
#3056 = FILL_AREA_STYLE_COLOUR ( '', #4542 ) ;
#3057 = CARTESIAN_POINT ( 'NONE',  ( 0.0000000000000000000, 1.750000000000000000, 2.250000000000000444 ) ) ;
#3058 = EDGE_LOOP ( 'NONE', ( #3452, #1370, #93, #1100 ) ) ;
#3059 =( LENGTH_UNIT ( ) NAMED_UNIT ( * ) SI_UNIT ( .MILLI., .METRE. ) );
#3060 = DIRECTION ( 'NONE',  ( -1.000000000000000000, -4.951616000000000261E-17, 3.592136000000000158E-16 ) ) ;
#3061 = VERTEX_POINT ( 'NONE', #3636 ) ;
#3062 = CARTESIAN_POINT ( 'NONE',  ( 11.69524414132859036, 0.0000000000000000000, 5.272214931251218317 ) ) ;
#3063 = LINE ( 'NONE', #2331, #620 ) ;
#3064 = ORIENTED_EDGE ( 'NONE', *, *, #4431, .F. ) ;
#3065 =( NAMED_UNIT ( * ) SI_UNIT ( $, .STERADIAN. ) SOLID_ANGLE_UNIT ( ) );
#3066 = ORIENTED_EDGE ( 'NONE', *, *, #370, .T. ) ;
#3067 = EDGE_CURVE ( 'NONE', #3973, #534, #4804, .T. ) ;
#3068 = UNCERTAINTY_MEASURE_WITH_UNIT (LENGTH_MEASURE( 1.000000000000000082E-05 ), #3638, 'distance_accuracy_value', 'NONE');
#3069 = COLOUR_RGB ( '',0.7450980392156862919, 0.7372549019607843590, 0.7294117647058823151 ) ;
#3070 = ORIENTED_EDGE ( 'NONE', *, *, #3521, .T. ) ;
#3071 = DIRECTION ( 'NONE',  ( 0.08540114134643544963, 0.9963466490417509647, 0.0000000000000000000 ) ) ;
#3072 = ADVANCED_FACE ( 'NONE', ( #3655 ), #2118, .F. ) ;
#3073 = FILL_AREA_STYLE_COLOUR ( '', #1070 ) ;
#3074 = VECTOR ( 'NONE', #1946, 1000.000000000000000 ) ;
#3075 = EDGE_LOOP ( 'NONE', ( #1464, #3939, #2569, #2337 ) ) ;
#3076 = DIRECTION ( 'NONE',  ( -1.000000000000000000, -0.0000000000000000000, 0.0000000000000000000 ) ) ;
#3077 = CARTESIAN_POINT ( 'NONE',  ( 2.139999999999998792, -1.749999999999998890, 2.951545933454500670 ) ) ;
#3078 = DIRECTION ( 'NONE',  ( -0.0000000000000000000, 0.0000000000000000000, -1.000000000000000000 ) ) ;
#3079 = CARTESIAN_POINT ( 'NONE',  ( 12.28524414132859022, 0.0000000000000000000, -4.351100996136220367 ) ) ;
#3080 = ORIENTED_EDGE ( 'NONE', *, *, #4067, .F. ) ;
#3081 = LINE ( 'NONE', #4178, #1738 ) ;
#3082 = SURFACE_SIDE_STYLE ('',( #4157 ) ) ;
#3083 = PRESENTATION_STYLE_ASSIGNMENT (( #1588 ) ) ;
#3084 = DIRECTION ( 'NONE',  ( -0.0000000000000000000, -0.0000000000000000000, 1.000000000000000000 ) ) ;
#3085 = ORIENTED_EDGE ( 'NONE', *, *, #3362, .F. ) ;
#3086 = CARTESIAN_POINT ( 'NONE',  ( 12.29524414132859178, 0.2600000000000000089, 4.341100996136219692 ) ) ;
#3087 = CARTESIAN_POINT ( 'NONE',  ( 12.89524414132858965, 0.0000000000000000000, 4.272214931251218317 ) ) ;
#3088 = ORIENTED_EDGE ( 'NONE', *, *, #106, .T. ) ;
#3089 = DIRECTION ( 'NONE',  ( 3.535310999999998490E-16, 0.08715574274765795770, 0.9961946980917455452 ) ) ;
#3090 = EDGE_CURVE ( 'NONE', #3599, #4883, #254, .T. ) ;
#3091 = EDGE_LOOP ( 'NONE', ( #2996, #2795, #519, #3402, #2300, #2755 ) ) ;
#3092 =( LENGTH_UNIT ( ) NAMED_UNIT ( * ) SI_UNIT ( .MILLI., .METRE. ) );
#3093 = FACE_OUTER_BOUND ( 'NONE', #2773, .T. ) ;
#3094 = VECTOR ( 'NONE', #3686, 1000.000000000000000 ) ;
#3095 = PRODUCT ( 'Gullwing Pin_MIR', 'Gullwing Pin_MIR', '', ( #522 ) ) ;
#3096 = ADVANCED_FACE ( 'NONE', ( #4428 ), #612, .F. ) ;
#3097 = SURFACE_SIDE_STYLE ('',( #3813 ) ) ;
#3098 = VECTOR ( 'NONE', #4925, 1000.000000000000000 ) ;
#3099 = ORIENTED_EDGE ( 'NONE', *, *, #4201, .T. ) ;
#3100 = PRESENTATION_STYLE_ASSIGNMENT (( #542 ) ) ;
#3101 = STYLED_ITEM ( 'NONE', ( #371 ), #835 ) ;
#3102 = EDGE_CURVE ( 'NONE', #3505, #4218, #210, .T. ) ;
#3103 = CARTESIAN_POINT ( 'NONE',  ( 12.89524414132858965, 0.3599999999999999867, 4.341100996136219692 ) ) ;
#3104 = ORIENTED_EDGE ( 'NONE', *, *, #4098, .T. ) ;
#3105 = CARTESIAN_POINT ( 'NONE',  ( 12.28524414132859022, 0.0000000000000000000, -4.272214931251218317 ) ) ;
#3106 = AXIS2_PLACEMENT_3D ( 'NONE', #1209, #3128, #4296 ) ;
#3107 = DIRECTION ( 'NONE',  ( -1.000000000000000000, -0.0000000000000000000, -0.0000000000000000000 ) ) ;
#3108 =( NAMED_UNIT ( * ) SI_UNIT ( $, .STERADIAN. ) SOLID_ANGLE_UNIT ( ) );
#3109 = PRESENTATION_LAYER_ASSIGNMENT (  '', '', ( #2023 ) ) ;
#3110 = ORIENTED_EDGE ( 'NONE', *, *, #1687, .F. ) ;
#3111 = CARTESIAN_POINT ( 'NONE',  ( 12.09524414132859249, 0.0000000000000000000, 5.272214931251217429 ) ) ;
#3112 = EDGE_LOOP ( 'NONE', ( #187, #4397, #453, #3117 ) ) ;
#3113 = FILL_AREA_STYLE_COLOUR ( '', #3645 ) ;
#3114 =( LENGTH_UNIT ( ) NAMED_UNIT ( * ) SI_UNIT ( .MILLI., .METRE. ) );
#3115 = AXIS2_PLACEMENT_3D ( 'NONE', #3171, #910, #2681 ) ;
#3116 = STYLED_ITEM ( 'NONE', ( #2122 ), #712 ) ;
#3117 = ORIENTED_EDGE ( 'NONE', *, *, #4348, .F. ) ;
#3118 = ORIENTED_EDGE ( 'NONE', *, *, #3431, .F. ) ;
#3119 = MECHANICAL_DESIGN_GEOMETRIC_PRESENTATION_REPRESENTATION (  '', ( #1547 ), #3040 ) ;
#3120 = PLANE ( 'NONE',  #2461 ) ;
#3121 = COLOUR_RGB ( '',0.7450980392156862919, 0.7372549019607843590, 0.7294117647058823151 ) ;
#3122 = DIRECTION ( 'NONE',  ( 0.0000000000000000000, 0.0000000000000000000, -1.000000000000000000 ) ) ;
#3123 = AXIS2_PLACEMENT_3D ( 'NONE', #1870, #1107, #3315 ) ;
#3124 = CARTESIAN_POINT ( 'NONE',  ( 12.29524414132859178, 0.0000000000000000000, -5.272214931251218317 ) ) ;
#3125 = MECHANICAL_DESIGN_GEOMETRIC_PRESENTATION_REPRESENTATION (  '', ( #2187 ), #3438 ) ;
#3126 = VERTEX_POINT ( 'NONE', #767 ) ;
#3127 = EDGE_CURVE ( 'NONE', #756, #1443, #1539, .T. ) ;
#3128 = DIRECTION ( 'NONE',  ( 0.0000000000000000000, 0.0000000000000000000, -1.000000000000000000 ) ) ;
#3129 = EDGE_CURVE ( 'NONE', #2304, #2659, #2671, .T. ) ;
#3130 = PLANE ( 'NONE',  #2999 ) ;
#3131 = SURFACE_SIDE_STYLE ('',( #3884 ) ) ;
#3132 = SURFACE_STYLE_FILL_AREA ( #515 ) ;
#3133 = ORIENTED_EDGE ( 'NONE', *, *, #4191, .T. ) ;
#3134 = VECTOR ( 'NONE', #3324, 1000.000000000000000 ) ;
#3135 = EDGE_CURVE ( 'NONE', #4198, #2979, #1148, .T. ) ;
#3136 = LINE ( 'NONE', #2357, #961 ) ;
#3137 = CARTESIAN_POINT ( 'NONE',  ( 12.29524414132859000, 0.2600000000000000089, 4.351100996136220367 ) ) ;
#3138 = EDGE_LOOP ( 'NONE', ( #3609, #1546, #2718, #2415, #722, #2514, #696, #1758, #1062, #2036, #1343, #1154 ) ) ;
#3139 =( NAMED_UNIT ( * ) PLANE_ANGLE_UNIT ( ) SI_UNIT ( $, .RADIAN. ) );
#3140 = ORIENTED_EDGE ( 'NONE', *, *, #4582, .F. ) ;
#3141 =( LENGTH_UNIT ( ) NAMED_UNIT ( * ) SI_UNIT ( .MILLI., .METRE. ) );
#3142 = LINE ( 'NONE', #1279, #2700 ) ;
#3143 = FILL_AREA_STYLE_COLOUR ( '', #4584 ) ;
#3144 = ORIENTED_EDGE ( 'NONE', *, *, #4373, .T. ) ;
#3145 =( LENGTH_UNIT ( ) NAMED_UNIT ( * ) SI_UNIT ( .MILLI., .METRE. ) );
#3146 = VERTEX_POINT ( 'NONE', #3013 ) ;
#3147 = AXIS2_PLACEMENT_3D ( 'NONE', #2206, #4475, #325 ) ;
#3148 = DIRECTION ( 'NONE',  ( 0.0000000000000000000, 0.0000000000000000000, 1.000000000000000000 ) ) ;
#3149 = FILL_AREA_STYLE ('',( #960 ) ) ;
#3150 = FILL_AREA_STYLE ('',( #429 ) ) ;
#3151 = PRESENTATION_LAYER_ASSIGNMENT (  '', '', ( #4735 ) ) ;
#3152 = DIRECTION ( 'NONE',  ( -3.562175999999998386E-16, -0.08715574274765795770, 0.9961946980917455452 ) ) ;
#3153 = SURFACE_STYLE_FILL_AREA ( #2167 ) ;
#3154 = PRODUCT_RELATED_PRODUCT_CATEGORY ( 'part', '', ( #3806 ) ) ;
#3155 = VERTEX_POINT ( 'NONE', #2305 ) ;
#3157 = EDGE_CURVE ( 'NONE', #3320, #3586, #708, .T. ) ;
#3156 = PRESENTATION_LAYER_ASSIGNMENT (  '', '', ( #2683 ) ) ;
#3158 = CARTESIAN_POINT ( 'NONE',  ( 12.89524414132858965, 0.3286239326108430503, -3.982470904823191216 ) ) ;
#3159 =( GEOMETRIC_REPRESENTATION_CONTEXT ( 3 ) GLOBAL_UNCERTAINTY_ASSIGNED_CONTEXT ( ( #2829 ) ) GLOBAL_UNIT_ASSIGNED_CONTEXT ( ( #3953, #1709, #462 ) ) REPRESENTATION_CONTEXT ( 'NONE', 'WORKASPACE' ) );
#3160 = DIRECTION ( 'NONE',  ( 0.0000000000000000000, -0.9961946980917455452, -0.08715574274765734708 ) ) ;
#3161 =( REPRESENTATION_RELATIONSHIP ('NONE','NONE', #4463, #3665 ) REPRESENTATION_RELATIONSHIP_WITH_TRANSFORMATION ( #2841 )SHAPE_REPRESENTATION_RELATIONSHIP( ) );
#3162 = ORIENTED_EDGE ( 'NONE', *, *, #3874, .T. ) ;
#3163 = SURFACE_STYLE_FILL_AREA ( #4602 ) ;
#3164 = EDGE_CURVE ( 'NONE', #4284, #788, #1099, .T. ) ;
#3165 =( BOUNDED_CURVE ( )  B_SPLINE_CURVE ( 3, ( #1103, #4112, #1860, #1711 ),
 .UNSPECIFIED., .F., .T. ) 
 B_SPLINE_CURVE_WITH_KNOTS ( ( 4, 4 ),
 ( 1.656301620473097369, 3.141592653589790896 ),
 .UNSPECIFIED. ) 
 CURVE ( )  GEOMETRIC_REPRESENTATION_ITEM ( )  RATIONAL_B_SPLINE_CURVE ( ( 1.000000000000000000, 0.8244547578635007534, 0.8244547578635007534, 1.000000000000000000 ) ) 
 REPRESENTATION_ITEM ( '' )  );
#3166 = VERTEX_POINT ( 'NONE', #4158 ) ;
#3167 = COLOUR_RGB ( '',0.7450980392156862919, 0.7372549019607843590, 0.7294117647058823151 ) ;
#3168 = CARTESIAN_POINT ( 'NONE',  ( 11.69524414132859036, 0.0000000000000000000, -4.272214931251218317 ) ) ;
#3169 = DIRECTION ( 'NONE',  ( -0.0000000000000000000, -1.000000000000000000, 0.0000000000000000000 ) ) ;
#3170 = ORIENTED_EDGE ( 'NONE', *, *, #3692, .F. ) ;
#3171 = CARTESIAN_POINT ( 'NONE',  ( 12.89524414132858965, 0.3599999999999999867, -4.341100996136219692 ) ) ;
#3172 = AXIS2_PLACEMENT_3D ( 'NONE', #3597, #4040, #1745 ) ;
#3173 = VECTOR ( 'NONE', #1670, 1000.000000000000000 ) ;
#3174 =( NAMED_UNIT ( * ) SI_UNIT ( $, .STERADIAN. ) SOLID_ANGLE_UNIT ( ) );
#3175 = SURFACE_SIDE_STYLE ('',( #863 ) ) ;
#3176 = CARTESIAN_POINT ( 'NONE',  ( 12.59524414132858894, 0.9857346537617821536, -4.185974323802411412 ) ) ;
#3177 = DIRECTION ( 'NONE',  ( 1.000000000000000000, 0.0000000000000000000, 0.0000000000000000000 ) ) ;
#3178 = ORIENTED_EDGE ( 'NONE', *, *, #4680, .F. ) ;
#3179 = CARTESIAN_POINT ( 'NONE',  ( 12.29524414132859000, 0.2600000000000000089, -4.351100996136220367 ) ) ;
#3180 = ORIENTED_EDGE ( 'NONE', *, *, #4924, .F. ) ;
#3181 =( LENGTH_UNIT ( ) NAMED_UNIT ( * ) SI_UNIT ( .MILLI., .METRE. ) );
#3182 = SURFACE_STYLE_USAGE ( .BOTH. , #1683 ) ;
#3183 = CARTESIAN_POINT ( 'NONE',  ( 12.28524414132859022, 0.0000000000000000000, -4.272214931251218317 ) ) ;
#3184 = SHAPE_DEFINITION_REPRESENTATION ( #1567, #3665 ) ;
#3185 = EDGE_CURVE ( 'NONE', #3216, #2725, #854, .T. ) ;
#3186 = SURFACE_STYLE_USAGE ( .BOTH. , #463 ) ;
#3187 = DIRECTION ( 'NONE',  ( -1.000000000000000000, 3.081226560489652748E-17, -3.521858074305425477E-16 ) ) ;
#3188 = ORIENTED_EDGE ( 'NONE', *, *, #2620, .F. ) ;
#3189 =( NAMED_UNIT ( * ) PLANE_ANGLE_UNIT ( ) SI_UNIT ( $, .RADIAN. ) );
#3190 = CARTESIAN_POINT ( 'NONE',  ( 11.69524414132859036, 0.0000000000000000000, 4.272214931251218317 ) ) ;
#3191 = EDGE_CURVE ( 'NONE', #131, #4218, #3777, .T. ) ;
#3192 = ADVANCED_FACE ( 'NONE', ( #4182 ), #1908, .T. ) ;
#3193 = VERTEX_POINT ( 'NONE', #4082 ) ;
#3194 = DIRECTION ( 'NONE',  ( -1.000000000000000000, -0.0000000000000000000, 0.0000000000000000000 ) ) ;
#3195 = ORIENTED_EDGE ( 'NONE', *, *, #1113, .F. ) ;
#3196 = COLOUR_RGB ( '',0.7450980392156862919, 0.7372549019607843590, 0.7294117647058823151 ) ;
#3197 =( GEOMETRIC_REPRESENTATION_CONTEXT ( 3 ) GLOBAL_UNCERTAINTY_ASSIGNED_CONTEXT ( ( #1334 ) ) GLOBAL_UNIT_ASSIGNED_CONTEXT ( ( #3477, #108, #898 ) ) REPRESENTATION_CONTEXT ( 'NONE', 'WORKASPACE' ) );
#3198 = EDGE_CURVE ( 'NONE', #3378, #2306, #737, .T. ) ;
#3199 = FILL_AREA_STYLE ('',( #4730 ) ) ;
#3200 = AXIS2_PLACEMENT_3D ( 'NONE', #348, #4918, #374 ) ;
#3201 = CARTESIAN_POINT ( 'NONE',  ( 12.29524414132859178, 0.0000000000000000000, 4.772214931251219205 ) ) ;
#3202 = AXIS2_PLACEMENT_3D ( 'NONE', #4598, #3478, #2215 ) ;
#3203 = DIRECTION ( 'NONE',  ( 0.0000000000000000000, 0.0000000000000000000, 1.000000000000000000 ) ) ;
#3204 = PRESENTATION_STYLE_ASSIGNMENT (( #3242 ) ) ;
#3205 = DIRECTION ( 'NONE',  ( -1.000000000000000000, -0.0000000000000000000, 0.0000000000000000000 ) ) ;
#3206 = SURFACE_STYLE_USAGE ( .BOTH. , #4691 ) ;
#3207 = EDGE_LOOP ( 'NONE', ( #4833, #2915, #4719, #2172 ) ) ;
#3208 = FILL_AREA_STYLE_COLOUR ( '', #3496 ) ;
#3209 = PRESENTATION_LAYER_ASSIGNMENT (  '', '', ( #1406 ) ) ;
#3210 = DIRECTION ( 'NONE',  ( 1.000000000000000000, -0.0000000000000000000, -0.0000000000000000000 ) ) ;
#3211 = CARTESIAN_POINT ( 'NONE',  ( 0.0000000000000000000, -1.749999999999999778, 0.0000000000000000000 ) ) ;
#3212 = VERTEX_POINT ( 'NONE', #2257 ) ;
#3213 = CARTESIAN_POINT ( 'NONE',  ( 12.89524414132858965, 0.2600000000000000089, -4.341100996136219692 ) ) ;
#3214 = STYLED_ITEM ( 'NONE', ( #387 ), #3192 ) ;
#3215 =( NAMED_UNIT ( * ) PLANE_ANGLE_UNIT ( ) SI_UNIT ( $, .RADIAN. ) );
#3216 = VERTEX_POINT ( 'NONE', #2211 ) ;
#3217 = DIRECTION ( 'NONE',  ( 1.000000000000000000, 0.0000000000000000000, -0.0000000000000000000 ) ) ;
#3218 = EDGE_CURVE ( 'NONE', #2720, #2699, #1832, .T. ) ;
#3219 = FILL_AREA_STYLE_COLOUR ( '', #3512 ) ;
#3220 = CARTESIAN_POINT ( 'NONE',  ( 2.290000000000001812, 0.0000000000000000000, -3.250000000000000444 ) ) ;
#3221 = SURFACE_STYLE_FILL_AREA ( #2150 ) ;
#3222 = COLOUR_RGB ( '',0.7450980392156862919, 0.7372549019607843590, 0.7294117647058823151 ) ;
#3223 = LINE ( 'NONE', #4369, #144 ) ;
#3224 = DIRECTION ( 'NONE',  ( 3.535310999999998490E-16, 0.08715574274765795770, 0.9961946980917455452 ) ) ;
#3225 = AXIS2_PLACEMENT_3D ( 'NONE', #4784, #2195, #3690 ) ;
#3226 = ORIENTED_EDGE ( 'NONE', *, *, #4618, .F. ) ;
#3227 = FILL_AREA_STYLE ('',( #3208 ) ) ;
#3228 = CARTESIAN_POINT ( 'NONE',  ( 12.69524414132859036, 0.0000000000000000000, -5.072214931251217251 ) ) ;
#3229 = PRESENTATION_STYLE_ASSIGNMENT (( #927 ) ) ;
#3230 = VERTEX_POINT ( 'NONE', #3703 ) ;
#3231 = PRESENTATION_LAYER_ASSIGNMENT (  '', '', ( #42 ) ) ;
#3232 = PRESENTATION_STYLE_ASSIGNMENT (( #2209 ) ) ;
#3233 = ORIENTED_EDGE ( 'NONE', *, *, #3333, .F. ) ;
#3234 = PRESENTATION_LAYER_ASSIGNMENT (  '', '', ( #449 ) ) ;
#3235 = SURFACE_STYLE_FILL_AREA ( #591 ) ;
#3236 = PRESENTATION_LAYER_ASSIGNMENT (  '', '', ( #4429 ) ) ;
#3237 =( NAMED_UNIT ( * ) PLANE_ANGLE_UNIT ( ) SI_UNIT ( $, .RADIAN. ) );
#3238 = DIRECTION ( 'NONE',  ( 0.08540114134643599086, 0.9963466490417508536, 0.0000000000000000000 ) ) ;
#3239 = EDGE_CURVE ( 'NONE', #3247, #2648, #4848, .T. ) ;
#3240 =( NAMED_UNIT ( * ) SI_UNIT ( $, .STERADIAN. ) SOLID_ANGLE_UNIT ( ) );
#3241 = UNCERTAINTY_MEASURE_WITH_UNIT (LENGTH_MEASURE( 1.000000000000000082E-05 ), #2362, 'distance_accuracy_value', 'NONE');
#3242 = SURFACE_STYLE_USAGE ( .BOTH. , #1377 ) ;
#3243 = SURFACE_SIDE_STYLE ('',( #4368 ) ) ;
#3244 = EDGE_CURVE ( 'NONE', #627, #4361, #1515, .T. ) ;
#3245 = CARTESIAN_POINT ( 'NONE',  ( -1.290000000000000924, 1.650000000000000355, 1.609999999999998987 ) ) ;
#3246 = DIRECTION ( 'NONE',  ( 0.0000000000000000000, -0.9961946980917455452, 0.08715574274765795770 ) ) ;
#3247 = VERTEX_POINT ( 'NONE', #90 ) ;
#3248 = FILL_AREA_STYLE_COLOUR ( '', #3021 ) ;
#3249 = FILL_AREA_STYLE ('',( #3999 ) ) ;
#3250 =( LENGTH_UNIT ( ) NAMED_UNIT ( * ) SI_UNIT ( .MILLI., .METRE. ) );
#3251 = ADVANCED_FACE ( 'NONE', ( #1986 ), #3481, .F. ) ;
#3252 = SURFACE_STYLE_FILL_AREA ( #624 ) ;
#3253 = MECHANICAL_DESIGN_GEOMETRIC_PRESENTATION_REPRESENTATION (  '', ( #4763 ), #2009 ) ;
#3254 = DIRECTION ( 'NONE',  ( 0.0000000000000000000, -0.0000000000000000000, -1.000000000000000000 ) ) ;
#3255 = ORIENTED_EDGE ( 'NONE', *, *, #2585, .T. ) ;
#3256 = FILL_AREA_STYLE ('',( #1023 ) ) ;
#3257 = FILL_AREA_STYLE_COLOUR ( '', #2869 ) ;
#3258 = PRESENTATION_LAYER_ASSIGNMENT (  '', '', ( #2166 ) ) ;
#3259 = EDGE_LOOP ( 'NONE', ( #155, #4727, #420, #2629 ) ) ;
#3260 = CARTESIAN_POINT ( 'NONE',  ( 11.69524414132859214, 0.0000000000000000000, 4.872214931251216186 ) ) ;
#3261 = CARTESIAN_POINT ( 'NONE',  ( 12.69524414132859036, 0.0000000000000000000, -5.072214931251217251 ) ) ;
#3262 = MECHANICAL_DESIGN_GEOMETRIC_PRESENTATION_REPRESENTATION (  '', ( #2714 ), #1534 ) ;
#3263 = FILL_AREA_STYLE_COLOUR ( '', #1477 ) ;
#3264 = LINE ( 'NONE', #4780, #3587 ) ;
#3265 =( LENGTH_UNIT ( ) NAMED_UNIT ( * ) SI_UNIT ( .MILLI., .METRE. ) );
#3266 = VECTOR ( 'NONE', #4507, 1000.000000000000000 ) ;
#3267 = AXIS2_PLACEMENT_3D ( 'NONE', #1992, #1254, #2779 ) ;
#3268 = CARTESIAN_POINT ( 'NONE',  ( 12.28524414132859022, 0.2600000000000000089, 4.351100996136220367 ) ) ;
#3269 = AXIS2_PLACEMENT_3D ( 'NONE', #224, #4384, #1783 ) ;
#3270 = LINE ( 'NONE', #265, #1606 ) ;
#3271 = AXIS2_PLACEMENT_3D ( 'NONE', #4232, #1052, #1127 ) ;
#3272 = ORIENTED_EDGE ( 'NONE', *, *, #4402, .F. ) ;
#3273 = VECTOR ( 'NONE', #33, 1000.000000000000000 ) ;
#3274 = EDGE_CURVE ( 'NONE', #15, #1734, #901, .T. ) ;
#3275 = ORIENTED_EDGE ( 'NONE', *, *, #2322, .T. ) ;
#3276 = CARTESIAN_POINT ( 'NONE',  ( -2.171357675153836819, -1.384160456538574113, 3.131357675153835007 ) ) ;
#3277 = CARTESIAN_POINT ( 'NONE',  ( -2.290500000000001091, 1.184160456538573936, 3.148500532296693688 ) ) ;
#3278 = CARTESIAN_POINT ( 'NONE',  ( 12.49524414132859107, 0.2600000000000001199, -5.272214931251216541 ) ) ;
#3279 = CARTESIAN_POINT ( 'NONE',  ( 12.29524414132859000, 0.3286239326108430503, 3.982470904823191216 ) ) ;
#3280 = CARTESIAN_POINT ( 'NONE',  ( 11.69524414132859036, 0.0000000000000000000, -4.272214931251218317 ) ) ;
#3281 = EDGE_CURVE ( 'NONE', #1962, #686, #35, .T. ) ;
#3282 = PRESENTATION_LAYER_ASSIGNMENT (  '', '', ( #2513 ) ) ;
#3283 = LINE ( 'NONE', #2511, #2493 ) ;
#3284 = EDGE_LOOP ( 'NONE', ( #4709, #2838, #1162, #4265, #1605, #4815, #646, #4351, #1431, #1514 ) ) ;
#3285 = SURFACE_STYLE_FILL_AREA ( #2895 ) ;
#3286 = DIRECTION ( 'NONE',  ( 0.7071067811865474617, 0.0000000000000000000, 0.7071067811865474617 ) ) ;
#3287 = PRESENTATION_STYLE_ASSIGNMENT (( #4829 ) ) ;
#3288 = DIRECTION ( 'NONE',  ( -1.000000000000000000, -4.951616000000000261E-17, 3.592136000000000158E-16 ) ) ;
#3289 = LINE ( 'NONE', #2562, #1818 ) ;
#3290 = FILL_AREA_STYLE ('',( #193 ) ) ;
#3291 = ORIENTED_EDGE ( 'NONE', *, *, #2599, .T. ) ;
#3292 =( NAMED_UNIT ( * ) PLANE_ANGLE_UNIT ( ) SI_UNIT ( $, .RADIAN. ) );
#3293 = ORIENTED_EDGE ( 'NONE', *, *, #3041, .F. ) ;
#3294 = AXIS2_PLACEMENT_3D ( 'NONE', #3681, #4005, #1714 ) ;
#3295 =( NAMED_UNIT ( * ) PLANE_ANGLE_UNIT ( ) SI_UNIT ( $, .RADIAN. ) );
#3296 = FILL_AREA_STYLE ('',( #3648 ) ) ;
#3297 = CARTESIAN_POINT ( 'NONE',  ( 1.004287999999999945E-33, -1.649999999999999911, -3.350119999999999669E-33 ) ) ;
#3298 = EDGE_CURVE ( 'NONE', #1772, #4379, #419, .T. ) ;
#3299 = FILL_AREA_STYLE ('',( #3005 ) ) ;
#3300 = SURFACE_SIDE_STYLE ('',( #2158 ) ) ;
#3301 = COLOUR_RGB ( '',0.7450980392156862919, 0.7372549019607843590, 0.7294117647058823151 ) ;
#3302 = EDGE_CURVE ( 'NONE', #416, #3338, #498, .T. ) ;
#3303 = EDGE_LOOP ( 'NONE', ( #2090, #798, #1331, #3670 ) ) ;
#3304 = CARTESIAN_POINT ( 'NONE',  ( 12.89524414132858965, 0.3599999999999999867, 4.341100996136219692 ) ) ;
#3305 =( LENGTH_UNIT ( ) NAMED_UNIT ( * ) SI_UNIT ( .MILLI., .METRE. ) );
#3306 = APPLICATION_PROTOCOL_DEFINITION ( 'draft international standard', 'automotive_design', 1998, #4586 ) ;
#3307 = LINE ( 'NONE', #4832, #3920 ) ;
#3308 = ADVANCED_FACE ( 'NONE', ( #2336 ), #62, .T. ) ;
#3309 = APPLICATION_CONTEXT ( 'automotive_design' ) ;
#3310 = VERTEX_POINT ( 'NONE', #3111 ) ;
#3311 = SURFACE_SIDE_STYLE ('',( #262 ) ) ;
#3312 =( BOUNDED_CURVE ( )  B_SPLINE_CURVE ( 3, ( #2328, #4595, #2836, #4350 ),
 .UNSPECIFIED., .F., .T. ) 
 B_SPLINE_CURVE_WITH_KNOTS ( ( 4, 4 ),
 ( 3.141592653589794892, 4.626883686706487531 ),
 .UNSPECIFIED. ) 
 CURVE ( )  GEOMETRIC_REPRESENTATION_ITEM ( )  RATIONAL_B_SPLINE_CURVE ( ( 1.000000000000000000, 0.8244547578635008644, 0.8244547578635008644, 1.000000000000000000 ) ) 
 REPRESENTATION_ITEM ( '' )  );
#3313 = PRESENTATION_LAYER_ASSIGNMENT (  '', '', ( #1595 ) ) ;
#3314 = CARTESIAN_POINT ( 'NONE',  ( 12.89524414132859320, 1.971469307523565195, 3.749733716353603086 ) ) ;
#3315 = DIRECTION ( 'NONE',  ( 0.0000000000000000000, 2.168404344971031351E-15, 1.000000000000000000 ) ) ;
#3316 = VERTEX_POINT ( 'NONE', #875 ) ;
#3317 = PRESENTATION_STYLE_ASSIGNMENT (( #2179 ) ) ;
#3318 = SURFACE_STYLE_FILL_AREA ( #1879 ) ;
#3319 = COLOUR_RGB ( '',0.7450980392156862919, 0.7372549019607843590, 0.7294117647058823151 ) ;
#3320 = VERTEX_POINT ( 'NONE', #2509 ) ;
#3321 = DIRECTION ( 'NONE',  ( -1.000000000000000000, 3.104640950778811161E-17, 3.548620844869660172E-16 ) ) ;
#3322 = FILL_AREA_STYLE ('',( #1829 ) ) ;
#3323 = AXIS2_PLACEMENT_3D ( 'NONE', #3405, #3756, #1175 ) ;
#3324 = DIRECTION ( 'NONE',  ( -0.0000000000000000000, -0.0000000000000000000, -1.000000000000000000 ) ) ;
#3325 = EDGE_LOOP ( 'NONE', ( #3882, #884, #3180, #2871 ) ) ;
#3326 = VECTOR ( 'NONE', #1024, 1000.000000000000000 ) ;
#3327 = ADVANCED_FACE ( 'NONE', ( #2479 ), #607, .T. ) ;
#3328 = ADVANCED_FACE ( 'NONE', ( #1754 ), #165, .T. ) ;
#3329 = DIRECTION ( 'NONE',  ( 0.0000000000000000000, 0.0000000000000000000, 1.000000000000000000 ) ) ;
#3330 = CARTESIAN_POINT ( 'NONE',  ( 12.89524414132858965, 0.0000000000000000000, -4.772214931251219205 ) ) ;
#3331 = ORIENTED_EDGE ( 'NONE', *, *, #3302, .F. ) ;
#3332 = CARTESIAN_POINT ( 'NONE',  ( 12.89524414132858965, 0.0000000000000000000, -4.341100996136219692 ) ) ;
#3333 = EDGE_CURVE ( 'NONE', #4502, #4550, #4800, .T. ) ;
#3334 = CARTESIAN_POINT ( 'NONE',  ( 12.09524414132859249, 0.0000000000000000000, 5.272214931251218317 ) ) ;
#3335 =( LENGTH_UNIT ( ) NAMED_UNIT ( * ) SI_UNIT ( .MILLI., .METRE. ) );
#3336 = FILL_AREA_STYLE_COLOUR ( '', #3484 ) ;
#3337 = AXIS2_PLACEMENT_3D ( 'NONE', #2697, #3757, #1226 ) ;
#3338 = VERTEX_POINT ( 'NONE', #3280 ) ;
#3339 = PRESENTATION_LAYER_ASSIGNMENT (  '', '', ( #4855 ) ) ;
#3340 = ORIENTED_EDGE ( 'NONE', *, *, #4464, .F. ) ;
#3341 = PRESENTATION_LAYER_ASSIGNMENT (  '', '', ( #2800 ) ) ;
#3342 = AXIS2_PLACEMENT_3D ( 'NONE', #383, #4904, #2668 ) ;
#3343 =( NAMED_UNIT ( * ) SI_UNIT ( $, .STERADIAN. ) SOLID_ANGLE_UNIT ( ) );
#3344 = ORIENTED_EDGE ( 'NONE', *, *, #1357, .T. ) ;
#3345 = CARTESIAN_POINT ( 'NONE',  ( 12.29524414132859000, 1.902845374912722098, -4.105737532503618503 ) ) ;
#3346 = STYLED_ITEM ( 'NONE', ( #4546 ), #1444 ) ;
#3347 = CYLINDRICAL_SURFACE ( 'NONE', #1810, 0.4500000000000001221 ) ;
#3348 = UNCERTAINTY_MEASURE_WITH_UNIT (LENGTH_MEASURE( 1.000000000000000082E-05 ), #647, 'distance_accuracy_value', 'NONE');
#3349 = SURFACE_SIDE_STYLE ('',( #3720 ) ) ;
#3350 = VECTOR ( 'NONE', #296, 1000.000000000000000 ) ;
#3351 =( GEOMETRIC_REPRESENTATION_CONTEXT ( 3 ) GLOBAL_UNCERTAINTY_ASSIGNED_CONTEXT ( ( #895 ) ) GLOBAL_UNIT_ASSIGNED_CONTEXT ( ( #3033, #891, #4173 ) ) REPRESENTATION_CONTEXT ( 'NONE', 'WORKASPACE' ) );
#3352 = ORIENTED_EDGE ( 'NONE', *, *, #2890, .T. ) ;
#3353 = FACE_OUTER_BOUND ( 'NONE', #2231, .T. ) ;
#3354 = DIRECTION ( 'NONE',  ( 1.000000000000000000, 0.0000000000000000000, 0.0000000000000000000 ) ) ;
#3355 =( GEOMETRIC_REPRESENTATION_CONTEXT ( 3 ) GLOBAL_UNCERTAINTY_ASSIGNED_CONTEXT ( ( #790 ) ) GLOBAL_UNIT_ASSIGNED_CONTEXT ( ( #3145, #2439, #3463 ) ) REPRESENTATION_CONTEXT ( 'NONE', 'WORKASPACE' ) );
#3356 = ORIENTED_EDGE ( 'NONE', *, *, #2442, .F. ) ;
#3357 = DIRECTION ( 'NONE',  ( 0.0000000000000000000, 0.0000000000000000000, 1.000000000000000000 ) ) ;
#3358 = EDGE_CURVE ( 'NONE', #1798, #1611, #4425, .T. ) ;
#3359 = CARTESIAN_POINT ( 'NONE',  ( 12.89524414132858965, 0.0000000000000000000, 4.772214931251219205 ) ) ;
#3360 = STYLED_ITEM ( 'NONE', ( #2435 ), #3308 ) ;
#3361 = CARTESIAN_POINT ( 'NONE',  ( -2.139999999999999680, -1.750000000000000222, -2.732819015537135687 ) ) ;
#3362 = EDGE_CURVE ( 'NONE', #1672, #1727, #2553, .T. ) ;
#3363 = ORIENTED_EDGE ( 'NONE', *, *, #1604, .F. ) ;
#3364 = DIRECTION ( 'NONE',  ( 0.7071067811865467956, 0.0000000000000000000, -0.7071067811865483499 ) ) ;
#3365 = CYLINDRICAL_SURFACE ( 'NONE', #2427, 0.1000000000000002554 ) ;
#3366 = FILL_AREA_STYLE_COLOUR ( '', #3121 ) ;
#3367 = ORIENTED_EDGE ( 'NONE', *, *, #2770, .T. ) ;
#3368 = CARTESIAN_POINT ( 'NONE',  ( 12.09524414132859249, 0.2600000000000000644, -5.272214931251218317 ) ) ;
#3369 = MECHANICAL_DESIGN_GEOMETRIC_PRESENTATION_REPRESENTATION (  '', ( #2757 ), #865 ) ;
#3370 = FILL_AREA_STYLE_COLOUR ( '', #3726 ) ;
#3371 = DIRECTION ( 'NONE',  ( -0.0000000000000000000, -1.000000000000000000, -0.0000000000000000000 ) ) ;
#3372 = PRESENTATION_STYLE_ASSIGNMENT (( #3399 ) ) ;
#3373 = MECHANICAL_DESIGN_GEOMETRIC_PRESENTATION_REPRESENTATION (  '', ( #1976 ), #1185 ) ;
#3374 = DIRECTION ( 'NONE',  ( 0.0000000000000000000, 0.0000000000000000000, -1.000000000000000000 ) ) ;
#3375 = ORIENTED_EDGE ( 'NONE', *, *, #4348, .T. ) ;
#3376 = DIRECTION ( 'NONE',  ( 1.000000000000000000, -0.0000000000000000000, 0.0000000000000000000 ) ) ;
#3377 = PRESENTATION_STYLE_ASSIGNMENT (( #2558 ) ) ;
#3378 = VERTEX_POINT ( 'NONE', #3213 ) ;
#3379 = SURFACE_STYLE_FILL_AREA ( #1864 ) ;
#3380 = CIRCLE ( 'NONE', #1359, 1.500000000000000000 ) ;
#3381 = SURFACE_STYLE_USAGE ( .BOTH. , #1842 ) ;
#3382 = DIRECTION ( 'NONE',  ( 1.000000000000000000, 0.0000000000000000000, -0.0000000000000000000 ) ) ;
#3383 = CARTESIAN_POINT ( 'NONE',  ( 2.290000000000001812, 0.0000000000000000000, -3.250000000000000444 ) ) ;
#3384 =( NAMED_UNIT ( * ) SI_UNIT ( $, .STERADIAN. ) SOLID_ANGLE_UNIT ( ) );
#3385 = MECHANICAL_DESIGN_GEOMETRIC_PRESENTATION_REPRESENTATION (  '', ( #3637 ), #2299 ) ;
#3386 = VERTEX_POINT ( 'NONE', #952 ) ;
#3387 = UNCERTAINTY_MEASURE_WITH_UNIT (LENGTH_MEASURE( 1.000000000000000082E-05 ), #868, 'distance_accuracy_value', 'NONE');
#3388 = EDGE_CURVE ( 'NONE', #3338, #3193, #3582, .T. ) ;
#3389 =( NAMED_UNIT ( * ) PLANE_ANGLE_UNIT ( ) SI_UNIT ( $, .RADIAN. ) );
#3390 = EDGE_CURVE ( 'NONE', #3685, #1839, #4359, .T. ) ;
#3391 = DIRECTION ( 'NONE',  ( 0.0000000000000000000, 0.0000000000000000000, -1.000000000000000000 ) ) ;
#3392 =( NAMED_UNIT ( * ) PLANE_ANGLE_UNIT ( ) SI_UNIT ( $, .RADIAN. ) );
#3393 = CARTESIAN_POINT ( 'NONE',  ( -2.290000000000000924, 0.0000000000000000000, 3.250000000000000444 ) ) ;
#3394 = ORIENTED_EDGE ( 'NONE', *, *, #2538, .T. ) ;
#3395 = PRESENTATION_STYLE_ASSIGNMENT (( #1905 ) ) ;
#3396 = LINE ( 'NONE', #3424, #3098 ) ;
#3397 = ADVANCED_FACE ( 'NONE', ( #2301 ), #3347, .F. ) ;
#3398 = CARTESIAN_POINT ( 'NONE',  ( 12.29524414132859000, 0.9630741606473910421, 3.926963702298556402 ) ) ;
#3399 = SURFACE_STYLE_USAGE ( .BOTH. , #2185 ) ;
#3400 = AXIS2_PLACEMENT_3D ( 'NONE', #966, #1408, #3970 ) ;
#3401 = DIRECTION ( 'NONE',  ( 0.0000000000000000000, 1.000000000000000000, 0.0000000000000000000 ) ) ;
#3402 = ORIENTED_EDGE ( 'NONE', *, *, #2538, .F. ) ;
#3403 =( REPRESENTATION_RELATIONSHIP ('NONE','NONE', #4463, #4176 ) REPRESENTATION_RELATIONSHIP_WITH_TRANSFORMATION ( #2791 )SHAPE_REPRESENTATION_RELATIONSHIP( ) );
#3404 = PRODUCT_DEFINITION_SHAPE ( 'NONE', 'NONE',  #4097 ) ;
#3405 = CARTESIAN_POINT ( 'NONE',  ( 12.59524414132858894, 0.9630741606473910421, -3.926963702298556402 ) ) ;
#3406 = LINE ( 'NONE', #644, #315 ) ;
#3407 = COLOUR_RGB ( '',0.7450980392156862919, 0.7372549019607843590, 0.7294117647058823151 ) ;
#3408 = ORIENTED_EDGE ( 'NONE', *, *, #1634, .F. ) ;
#3409 = CARTESIAN_POINT ( 'NONE',  ( -1.290000000000000924, 1.749999999999999778, 2.059999999999999165 ) ) ;
#3410 = PRESENTATION_LAYER_ASSIGNMENT (  '', '', ( #2632 ) ) ;
#3411 = DIRECTION ( 'NONE',  ( 0.0000000000000000000, -0.0000000000000000000, -1.000000000000000000 ) ) ;
#3412 = LINE ( 'NONE', #1871, #894 ) ;
#3413 =( GEOMETRIC_REPRESENTATION_CONTEXT ( 3 ) GLOBAL_UNCERTAINTY_ASSIGNED_CONTEXT ( ( #4089 ) ) GLOBAL_UNIT_ASSIGNED_CONTEXT ( ( #101, #2684, #3883 ) ) REPRESENTATION_CONTEXT ( 'NONE', 'WORKASPACE' ) );
#3414 = VERTEX_POINT ( 'NONE', #4900 ) ;
#3415 = DIRECTION ( 'NONE',  ( 1.000000000000000000, -1.004287999999999980E-32, 1.212034000000000064E-16 ) ) ;
#3416 = DIRECTION ( 'NONE',  ( 0.0000000000000000000, -1.000000000000000000, 0.0000000000000000000 ) ) ;
#3417 = CARTESIAN_POINT ( 'NONE',  ( 12.29524414132859000, 0.3599999999999999867, 4.341100996136219692 ) ) ;
#3418 = SURFACE_STYLE_FILL_AREA ( #4123 ) ;
#3419 = CARTESIAN_POINT ( 'NONE',  ( 12.59524414132858894, 1.871469307523565107, 3.747107441190590027 ) ) ;
#3420 = CARTESIAN_POINT ( 'NONE',  ( 12.28524414132859022, 0.2600000000000000089, -4.351100996136220367 ) ) ;
#3421 = EDGE_CURVE ( 'NONE', #571, #4202, #2448, .T. ) ;
#3422 = STYLED_ITEM ( 'NONE', ( #2441 ), #1900 ) ;
#3423 = MECHANICAL_DESIGN_GEOMETRIC_PRESENTATION_REPRESENTATION (  '', ( #2413 ), #4861 ) ;
#3424 = CARTESIAN_POINT ( 'NONE',  ( 12.28524414132859022, 0.0000000000000000000, 4.772214931251219205 ) ) ;
#3425 = PRESENTATION_LAYER_ASSIGNMENT (  '', '', ( #166 ) ) ;
#3426 = LINE ( 'NONE', #2646, #1469 ) ;
#3427 = MECHANICAL_DESIGN_GEOMETRIC_PRESENTATION_REPRESENTATION (  '', ( #2958 ), #2804 ) ;
#3428 = LINE ( 'NONE', #795, #3273 ) ;
#3429 = EDGE_LOOP ( 'NONE', ( #3803, #1505 ) ) ;
#3430 = DIRECTION ( 'NONE',  ( 1.000000000000000000, 4.951616000000000261E-17, 3.592136000000000158E-16 ) ) ;
#3431 = EDGE_CURVE ( 'NONE', #3936, #2304, #1119, .T. ) ;
#3432 = AXIS2_PLACEMENT_3D ( 'NONE', #59, #306, #4457 ) ;
#3433 = ORIENTED_EDGE ( 'NONE', *, *, #2359, .T. ) ;
#3434 = VECTOR ( 'NONE', #1927, 1000.000000000000000 ) ;
#3435 = AXIS2_PLACEMENT_3D ( 'NONE', #4139, #4939, #3738 ) ;
#3436 = UNCERTAINTY_MEASURE_WITH_UNIT (LENGTH_MEASURE( 1.000000000000000082E-05 ), #1117, 'distance_accuracy_value', 'NONE');
#3437 = FACE_OUTER_BOUND ( 'NONE', #1805, .T. ) ;
#3438 =( GEOMETRIC_REPRESENTATION_CONTEXT ( 3 ) GLOBAL_UNCERTAINTY_ASSIGNED_CONTEXT ( ( #4933 ) ) GLOBAL_UNIT_ASSIGNED_CONTEXT ( ( #2935, #762, #2279 ) ) REPRESENTATION_CONTEXT ( 'NONE', 'WORKASPACE' ) );
#3439 = VECTOR ( 'NONE', #1077, 1000.000000000000114 ) ;
#3440 = ORIENTED_EDGE ( 'NONE', *, *, #2026, .F. ) ;
#3441 = PLANE ( 'NONE',  #4244 ) ;
#3442 = ORIENTED_EDGE ( 'NONE', *, *, #2062, .T. ) ;
#3443 = FACE_OUTER_BOUND ( 'NONE', #4827, .T. ) ;
#3444 = PRESENTATION_LAYER_ASSIGNMENT (  '', '', ( #665 ) ) ;
#3445 = CARTESIAN_POINT ( 'NONE',  ( 11.69524414132859036, 0.0000000000000000000, 4.772214931251219205 ) ) ;
#3446 =( NAMED_UNIT ( * ) SI_UNIT ( $, .STERADIAN. ) SOLID_ANGLE_UNIT ( ) );
#3447 = VERTEX_POINT ( 'NONE', #1494 ) ;
#3448 = FACE_OUTER_BOUND ( 'NONE', #3019, .T. ) ;
#3449 = SURFACE_STYLE_USAGE ( .BOTH. , #3131 ) ;
#3450 =( NAMED_UNIT ( * ) SI_UNIT ( $, .STERADIAN. ) SOLID_ANGLE_UNIT ( ) );
#3451 = PLANE ( 'NONE',  #1402 ) ;
#3452 = ORIENTED_EDGE ( 'NONE', *, *, #4637, .F. ) ;
#3453 = FILL_AREA_STYLE ('',( #3143 ) ) ;
#3454 = EDGE_CURVE ( 'NONE', #3212, #227, #2936, .T. ) ;
#3455 = CARTESIAN_POINT ( 'NONE',  ( -2.290000000000000036, 0.0000000000000000000, -3.250000000000001332 ) ) ;
#3456 = ORIENTED_EDGE ( 'NONE', *, *, #3127, .T. ) ;
#3457 = PRESENTATION_STYLE_ASSIGNMENT (( #2694 ) ) ;
#3458 = VECTOR ( 'NONE', #1348, 1000.000000000000000 ) ;
#3459 = VERTEX_POINT ( 'NONE', #3368 ) ;
#3460 = SURFACE_STYLE_FILL_AREA ( #1910 ) ;
#3461 = EDGE_CURVE ( 'NONE', #766, #2720, #2619, .T. ) ;
#3462 = VERTEX_POINT ( 'NONE', #1167 ) ;
#3463 =( NAMED_UNIT ( * ) SI_UNIT ( $, .STERADIAN. ) SOLID_ANGLE_UNIT ( ) );
#3464 = EDGE_CURVE ( 'NONE', #571, #2364, #4126, .T. ) ;
#3465 = SURFACE_STYLE_USAGE ( .BOTH. , #4323 ) ;
#3466 = DIRECTION ( 'NONE',  ( -0.0000000000000000000, -1.000000000000000000, 0.0000000000000000000 ) ) ;
#3467 = STYLED_ITEM ( 'NONE', ( #1310 ), #3979 ) ;
#3468 = FILL_AREA_STYLE_COLOUR ( '', #3301 ) ;
#3469 = ORIENTED_EDGE ( 'NONE', *, *, #1600, .F. ) ;
#3470 = DIRECTION ( 'NONE',  ( 1.207606000000000044E-16, -0.08540114134643600474, -0.9963466490417509647 ) ) ;
#3471 = CARTESIAN_POINT ( 'NONE',  ( 12.89524414132858965, 0.3286239326108430503, 3.982470904823191216 ) ) ;
#3472 = CARTESIAN_POINT ( 'NONE',  ( -2.290000000000000924, 0.0000000000000000000, 3.250000000000000444 ) ) ;
#3473 = ORIENTED_EDGE ( 'NONE', *, *, #1487, .T. ) ;
#3474 = CARTESIAN_POINT ( 'NONE',  ( 12.89524414132858965, 0.3599999999999999867, 4.341100996136219692 ) ) ;
#3475 = PLANE ( 'NONE',  #4051 ) ;
#3476 = MECHANICAL_DESIGN_GEOMETRIC_PRESENTATION_REPRESENTATION (  '', ( #1511 ), #1362 ) ;
#3477 =( LENGTH_UNIT ( ) NAMED_UNIT ( * ) SI_UNIT ( .MILLI., .METRE. ) );
#3478 = DIRECTION ( 'NONE',  ( 0.0000000000000000000, 0.0000000000000000000, 1.000000000000000000 ) ) ;
#3479 = LINE ( 'NONE', #2692, #3672 ) ;
#3480 = ORIENTED_EDGE ( 'NONE', *, *, #4486, .F. ) ;
#3481 = CYLINDRICAL_SURFACE ( 'NONE', #2355, 0.09999999999999896472 ) ;
#3482 = ORIENTED_EDGE ( 'NONE', *, *, #4374, .T. ) ;
#3483 = SURFACE_STYLE_FILL_AREA ( #2093 ) ;
#3484 = COLOUR_RGB ( '',0.7450980392156862919, 0.7372549019607843590, 0.7294117647058823151 ) ;
#3485 = ORIENTED_EDGE ( 'NONE', *, *, #776, .T. ) ;
#3486 = VECTOR ( 'NONE', #692, 1000.000000000000000 ) ;
#3487 = EDGE_CURVE ( 'NONE', #3316, #4416, #1509, .T. ) ;
#3488 = ADVANCED_FACE ( 'NONE', ( #2281 ), #2253, .T. ) ;
#3489 = DIRECTION ( 'NONE',  ( -1.000000000000000000, 0.0000000000000000000, 0.0000000000000000000 ) ) ;
#3490 = PRESENTATION_STYLE_ASSIGNMENT (( #2734 ) ) ;
#3491 = UNCERTAINTY_MEASURE_WITH_UNIT (LENGTH_MEASURE( 1.000000000000000082E-05 ), #1466, 'distance_accuracy_value', 'NONE');
#3492 = EDGE_CURVE ( 'NONE', #4444, #3769, #27, .T. ) ;
#3493 = STYLED_ITEM ( 'NONE', ( #2961 ), #693 ) ;
#3494 = ORIENTED_EDGE ( 'NONE', *, *, #1086, .T. ) ;
#3495 = FILL_AREA_STYLE_COLOUR ( '', #4053 ) ;
#3496 = COLOUR_RGB ( '',0.7450980392156862919, 0.7372549019607843590, 0.7294117647058823151 ) ;
#3497 = SURFACE_SIDE_STYLE ('',( #2352 ) ) ;
#3498 = ORIENTED_EDGE ( 'NONE', *, *, #4191, .F. ) ;
#3499 = DIRECTION ( 'NONE',  ( -0.0000000000000000000, 0.9961946980917455452, 0.08715574274765795770 ) ) ;
#3500 = PRESENTATION_LAYER_ASSIGNMENT (  '', '', ( #2251 ) ) ;
#3501 = SURFACE_STYLE_USAGE ( .BOTH. , #4227 ) ;
#3502 =( NAMED_UNIT ( * ) PLANE_ANGLE_UNIT ( ) SI_UNIT ( $, .RADIAN. ) );
#3503 = PLANE ( 'NONE',  #4237 ) ;
#3504 = MECHANICAL_DESIGN_GEOMETRIC_PRESENTATION_REPRESENTATION (  '', ( #1928 ), #4617 ) ;
#3505 = VERTEX_POINT ( 'NONE', #4278 ) ;
#3506 = ORIENTED_EDGE ( 'NONE', *, *, #1998, .F. ) ;
#3507 =( GEOMETRIC_REPRESENTATION_CONTEXT ( 3 ) GLOBAL_UNCERTAINTY_ASSIGNED_CONTEXT ( ( #3961 ) ) GLOBAL_UNIT_ASSIGNED_CONTEXT ( ( #73, #4686, #4268 ) ) REPRESENTATION_CONTEXT ( 'NONE', 'WORKASPACE' ) );
#3508 = CYLINDRICAL_SURFACE ( 'NONE', #4194, 1.500000000000000000 ) ;
#3509 = STYLED_ITEM ( 'NONE', ( #4899 ), #2321 ) ;
#3510 = SURFACE_STYLE_USAGE ( .BOTH. , #4704 ) ;
#3511 = VECTOR ( 'NONE', #2933, 1000.000000000000000 ) ;
#3512 = COLOUR_RGB ( '',0.7921568627450980005, 0.8196078431372548767, 0.9333333333333333481 ) ;
#3513 = ORIENTED_EDGE ( 'NONE', *, *, #1487, .F. ) ;
#3514 =( NAMED_UNIT ( * ) PLANE_ANGLE_UNIT ( ) SI_UNIT ( $, .RADIAN. ) );
#3515 = EDGE_LOOP ( 'NONE', ( #3805, #1008, #4626, #4424 ) ) ;
#3516 = MECHANICAL_DESIGN_GEOMETRIC_PRESENTATION_REPRESENTATION (  '', ( #235 ), #1075 ) ;
#3517 = UNCERTAINTY_MEASURE_WITH_UNIT (LENGTH_MEASURE( 1.000000000000000082E-05 ), #3141, 'distance_accuracy_value', 'NONE');
#3518 = VECTOR ( 'NONE', #4619, 1000.000000000000000 ) ;
#3519 = PRESENTATION_STYLE_ASSIGNMENT (( #4295 ) ) ;
#3520 = CIRCLE ( 'NONE', #3123, 0.09999999999999896472 ) ;
#3521 = EDGE_CURVE ( 'NONE', #1409, #131, #4620, .T. ) ;
#3522 = VECTOR ( 'NONE', #4747, 1000.000000000000000 ) ;
#3523 = SURFACE_STYLE_FILL_AREA ( #3150 ) ;
#3524 = PRESENTATION_STYLE_ASSIGNMENT (( #541 ) ) ;
#3525 =( LENGTH_UNIT ( ) NAMED_UNIT ( * ) SI_UNIT ( .MILLI., .METRE. ) );
#3526 = DIRECTION ( 'NONE',  ( 1.000000000000000000, 0.0000000000000000000, 0.0000000000000000000 ) ) ;
#3527 = VECTOR ( 'NONE', #1891, 1000.000000000000000 ) ;
#3528 = DIRECTION ( 'NONE',  ( 1.000000000000000000, 0.0000000000000000000, 0.0000000000000000000 ) ) ;
#3529 = ORIENTED_EDGE ( 'NONE', *, *, #4613, .F. ) ;
#3530 = PRESENTATION_STYLE_ASSIGNMENT (( #1612 ) ) ;
#3531 = MECHANICAL_DESIGN_GEOMETRIC_PRESENTATION_REPRESENTATION (  '', ( #2436 ), #670 ) ;
#3532 = FILL_AREA_STYLE_COLOUR ( '', #4215 ) ;
#3533 = CARTESIAN_POINT ( 'NONE',  ( 12.29524414132859000, 2.231469307523564094, -3.399733716353602997 ) ) ;
#3534 = CARTESIAN_POINT ( 'NONE',  ( 12.89524414132859143, 2.231469307523564538, -3.747107441190590471 ) ) ;
#3535 = DIRECTION ( 'NONE',  ( -1.000000000000000000, 0.0000000000000000000, 0.0000000000000000000 ) ) ;
#3536 = ORIENTED_EDGE ( 'NONE', *, *, #1201, .F. ) ;
#3537 = VERTEX_POINT ( 'NONE', #1243 ) ;
#3538 = EDGE_LOOP ( 'NONE', ( #1347, #1963, #2225, #3344 ) ) ;
#3539 = AXIS2_PLACEMENT_3D ( 'NONE', #1195, #1249, #1617 ) ;
#3540 = SURFACE_STYLE_FILL_AREA ( #508 ) ;
#3541 = CARTESIAN_POINT ( 'NONE',  ( 12.59524414132858894, 0.3512844257252340507, -4.241481526327046225 ) ) ;
#3542 = STYLED_ITEM ( 'NONE', ( #3530 ), #3621 ) ;
#3543 = PRESENTATION_STYLE_ASSIGNMENT (( #1975 ) ) ;
#3544 = ORIENTED_EDGE ( 'NONE', *, *, #1382, .T. ) ;
#3545 = CARTESIAN_POINT ( 'NONE',  ( 12.29524414132859000, 0.0000000000000000000, -4.772214931251219205 ) ) ;
#3546 = UNCERTAINTY_MEASURE_WITH_UNIT (LENGTH_MEASURE( 1.000000000000000082E-05 ), #37, 'distance_accuracy_value', 'NONE');
#3547 = COLOUR_RGB ( '',0.7450980392156862919, 0.7372549019607843590, 0.7294117647058823151 ) ;
#3548 = EDGE_CURVE ( 'NONE', #3216, #4361, #2008, .T. ) ;
#3549 = EDGE_CURVE ( 'NONE', #2201, #2274, #1980, .T. ) ;
#3550 = ORIENTED_EDGE ( 'NONE', *, *, #703, .F. ) ;
#3551 = UNCERTAINTY_MEASURE_WITH_UNIT (LENGTH_MEASURE( 1.000000000000000082E-05 ), #1644, 'distance_accuracy_value', 'NONE');
#3552 = CARTESIAN_POINT ( 'NONE',  ( 12.89524414132858965, 0.2600000000000000089, 4.272214931251218317 ) ) ;
#3553 = APPLICATION_PROTOCOL_DEFINITION ( 'draft international standard', 'automotive_design', 1998, #993 ) ;
#3554 = MECHANICAL_DESIGN_GEOMETRIC_PRESENTATION_REPRESENTATION (  '', ( #2849 ), #3955 ) ;
#3555 = LINE ( 'NONE', #109, #1317 ) ;
#3556 = ORIENTED_EDGE ( 'NONE', *, *, #1693, .T. ) ;
#3557 = FACE_OUTER_BOUND ( 'NONE', #2972, .T. ) ;
#3558 = SURFACE_STYLE_FILL_AREA ( #284 ) ;
#3559 = MECHANICAL_DESIGN_GEOMETRIC_PRESENTATION_REPRESENTATION (  '', ( #2850 ), #4511 ) ;
#3560 = EDGE_CURVE ( 'NONE', #627, #4379, #921, .T. ) ;
#3561 = SURFACE_STYLE_USAGE ( .BOTH. , #443 ) ;
#3562 = ORIENTED_EDGE ( 'NONE', *, *, #3549, .T. ) ;
#3563 = ORIENTED_EDGE ( 'NONE', *, *, #2506, .F. ) ;
#3564 = STYLED_ITEM ( 'NONE', ( #4450 ), #2 ) ;
#3565 = SURFACE_SIDE_STYLE ('',( #4756 ) ) ;
#3566 = STYLED_ITEM ( 'NONE', ( #1160 ), #190 ) ;
#3567 = APPLICATION_CONTEXT ( 'automotive_design' ) ;
#3568 = COLOUR_RGB ( '',0.7450980392156862919, 0.7372549019607843590, 0.7294117647058823151 ) ;
#3569 = DIRECTION ( 'NONE',  ( 0.7071067811865474617, 0.0000000000000000000, 0.7071067811865474617 ) ) ;
#3570 = CARTESIAN_POINT ( 'NONE',  ( 12.59524414132858894, 1.971469307523564307, -3.747107441190590915 ) ) ;
#3571 = PLANE ( 'NONE',  #2857 ) ;
#3572 = ORIENTED_EDGE ( 'NONE', *, *, #45, .T. ) ;
#3573 =( NAMED_UNIT ( * ) PLANE_ANGLE_UNIT ( ) SI_UNIT ( $, .RADIAN. ) );
#3574 = CARTESIAN_POINT ( 'NONE',  ( 2.188500532296692391, 1.184160456538574158, 3.148500532296693244 ) ) ;
#3575 = MECHANICAL_DESIGN_GEOMETRIC_PRESENTATION_REPRESENTATION (  '', ( #1060 ), #2559 ) ;
#3576 = APPLICATION_PROTOCOL_DEFINITION ( 'draft international standard', 'automotive_design', 1998, #2754 ) ;
#3577 =( LENGTH_UNIT ( ) NAMED_UNIT ( * ) SI_UNIT ( .MILLI., .METRE. ) );
#3578 = PRODUCT_DEFINITION ( 'UNKNOWN', '', #3043, #793 ) ;
#3579 = EDGE_CURVE ( 'NONE', #4302, #583, #1657, .T. ) ;
#3580 = LINE ( 'NONE', #4003, #2731 ) ;
#3581 = ORIENTED_EDGE ( 'NONE', *, *, #3274, .T. ) ;
#3582 = LINE ( 'NONE', #4724, #113 ) ;
#3583 = LINE ( 'NONE', #3168, #464 ) ;
#3584 = DIRECTION ( 'NONE',  ( 0.0000000000000000000, 0.0000000000000000000, -1.000000000000000000 ) ) ;
#3585 = PRESENTATION_LAYER_ASSIGNMENT (  '', '', ( #156 ) ) ;
#3586 = VERTEX_POINT ( 'NONE', #1956 ) ;
#3587 = VECTOR ( 'NONE', #1403, 1000.000000000000114 ) ;
#3588 = AXIS2_PLACEMENT_3D ( 'NONE', #4500, #1497, #1169 ) ;
#3589 =( LENGTH_UNIT ( ) NAMED_UNIT ( * ) SI_UNIT ( .MILLI., .METRE. ) );
#3590 = AXIS2_PLACEMENT_3D ( 'NONE', #2270, #1819, #4891 ) ;
#3591 = VECTOR ( 'NONE', #1367, 1000.000000000000000 ) ;
#3592 = COLOUR_RGB ( '',0.7450980392156862919, 0.7372549019607843590, 0.7294117647058823151 ) ;
#3593 = SURFACE_STYLE_FILL_AREA ( #3991 ) ;
#3594 = AXIS2_PLACEMENT_3D ( 'NONE', #4697, #4403, #2820 ) ;
#3595 = DIRECTION ( 'NONE',  ( 0.0000000000000000000, -1.000000000000000000, 0.0000000000000000000 ) ) ;
#3596 = DIRECTION ( 'NONE',  ( 0.0000000000000000000, 1.000000000000000000, 0.0000000000000000000 ) ) ;
#3597 = CARTESIAN_POINT ( 'NONE',  ( 12.59524414132858894, 1.971469307523565195, 3.749733716353603086 ) ) ;
#3598 = STYLED_ITEM ( 'NONE', ( #2907 ), #2647 ) ;
#3599 = VERTEX_POINT ( 'NONE', #2744 ) ;
#3600 = DIRECTION ( 'NONE',  ( -0.0000000000000000000, 1.000000000000000000, 0.0000000000000000000 ) ) ;
#3601 = EDGE_LOOP ( 'NONE', ( #2340, #3485, #2107, #2459, #2014, #2499, #3002, #892, #1904, #2076, #3843, #1821 ) ) ;
#3602 = DIRECTION ( 'NONE',  ( 0.0000000000000000000, 1.000000000000000000, 0.0000000000000000000 ) ) ;
#3603 =( NAMED_UNIT ( * ) SI_UNIT ( $, .STERADIAN. ) SOLID_ANGLE_UNIT ( ) );
#3604 = STYLED_ITEM ( 'NONE', ( #687 ), #2835 ) ;
#3605 = SURFACE_STYLE_USAGE ( .BOTH. , #4744 ) ;
#3606 = PRODUCT_CONTEXT ( 'NONE', #993, 'mechanical' ) ;
#3607 = SURFACE_STYLE_USAGE ( .BOTH. , #2204 ) ;
#3608 = LINE ( 'NONE', #185, #4781 ) ;
#3609 = ORIENTED_EDGE ( 'NONE', *, *, #3763, .F. ) ;
#3610 = SURFACE_SIDE_STYLE ('',( #207 ) ) ;
#3611 =( LENGTH_UNIT ( ) NAMED_UNIT ( * ) SI_UNIT ( .MILLI., .METRE. ) );
#3612 = EDGE_CURVE ( 'NONE', #3230, #2789, #2713, .T. ) ;
#3613 = LINE ( 'NONE', #610, #3907 ) ;
#3614 = SHAPE_REPRESENTATION ( 'Gullwing Pin', ( #2178 ), #83 ) ;
#3615 = ORIENTED_EDGE ( 'NONE', *, *, #3723, .T. ) ;
#3616 =( NAMED_UNIT ( * ) SI_UNIT ( $, .STERADIAN. ) SOLID_ANGLE_UNIT ( ) );
#3617 = FILL_AREA_STYLE_COLOUR ( '', #3568 ) ;
#3618 = EDGE_CURVE ( 'NONE', #12, #674, #4895, .T. ) ;
#3619 =( NAMED_UNIT ( * ) SI_UNIT ( $, .STERADIAN. ) SOLID_ANGLE_UNIT ( ) );
#3620 = SURFACE_STYLE_FILL_AREA ( #3199 ) ;
#3621 = ADVANCED_FACE ( 'NONE', ( #85 ), #1638, .T. ) ;
#3622 = CARTESIAN_POINT ( 'NONE',  ( 12.29524414132858823, 1.871469307523565107, 3.747107441190590027 ) ) ;
#3623 = DIRECTION ( 'NONE',  ( 0.0000000000000000000, -1.000000000000000000, -0.0000000000000000000 ) ) ;
#3624 = LINE ( 'NONE', #194, #2551 ) ;
#3625 = ORIENTED_EDGE ( 'NONE', *, *, #1212, .F. ) ;
#3626 = DIRECTION ( 'NONE',  ( -0.0000000000000000000, -0.0000000000000000000, -1.000000000000000000 ) ) ;
#3627 = ORIENTED_EDGE ( 'NONE', *, *, #4327, .T. ) ;
#3628 =( NAMED_UNIT ( * ) PLANE_ANGLE_UNIT ( ) SI_UNIT ( $, .RADIAN. ) );
#3629 = SURFACE_STYLE_FILL_AREA ( #672 ) ;
#3630 = VECTOR ( 'NONE', #3071, 1000.000000000000114 ) ;
#3631 = EDGE_LOOP ( 'NONE', ( #2057, #4113, #1173, #111 ) ) ;
#3632 =( NAMED_UNIT ( * ) PLANE_ANGLE_UNIT ( ) SI_UNIT ( $, .RADIAN. ) );
#3633 = DIRECTION ( 'NONE',  ( 1.000000000000000000, 4.951616000000000261E-17, 3.592136000000000158E-16 ) ) ;
#3634 = FACE_OUTER_BOUND ( 'NONE', #900, .T. ) ;
#3635 = ORIENTED_EDGE ( 'NONE', *, *, #370, .F. ) ;
#3636 = CARTESIAN_POINT ( 'NONE',  ( 12.29524414132858823, 1.880184881798330210, 3.846726910999764382 ) ) ;
#3637 = STYLED_ITEM ( 'NONE', ( #2833 ), #4759 ) ;
#3638 =( LENGTH_UNIT ( ) NAMED_UNIT ( * ) SI_UNIT ( .MILLI., .METRE. ) );
#3639 = FACE_OUTER_BOUND ( 'NONE', #4515, .T. ) ;
#3640 = CARTESIAN_POINT ( 'NONE',  ( 12.29524414132859000, 2.231469307523564094, 3.399733716353602997 ) ) ;
#3641 = CARTESIAN_POINT ( 'NONE',  ( 12.29524414132859178, 0.0000000000000000000, -4.772214931251219205 ) ) ;
#3642 = EDGE_CURVE ( 'NONE', #2280, #532, #3312, .T. ) ;
#3643 = ORIENTED_EDGE ( 'NONE', *, *, #4034, .T. ) ;
#3644 = LINE ( 'NONE', #4330, #2451 ) ;
#3645 = COLOUR_RGB ( '',0.7450980392156862919, 0.7372549019607843590, 0.7294117647058823151 ) ;
#3646 = ORIENTED_EDGE ( 'NONE', *, *, #3874, .F. ) ;
#3647 = DIRECTION ( 'NONE',  ( 0.7071067811865474617, 0.0000000000000000000, 0.7071067811865474617 ) ) ;
#3648 = FILL_AREA_STYLE_COLOUR ( '', #4233 ) ;
#3649 = FILL_AREA_STYLE_COLOUR ( '', #1942 ) ;
#3650 = DIRECTION ( 'NONE',  ( -0.0000000000000000000, 0.9961946980917455452, 0.08715574274765795770 ) ) ;
#3651 = AXIS2_PLACEMENT_3D ( 'NONE', #2591, #3415, #4121 ) ;
#3652 =( NAMED_UNIT ( * ) SI_UNIT ( $, .STERADIAN. ) SOLID_ANGLE_UNIT ( ) );
#3653 = CYLINDRICAL_SURFACE ( 'NONE', #3269, 0.3600000000000000977 ) ;
#3654 = ORIENTED_EDGE ( 'NONE', *, *, #1604, .T. ) ;
#3655 = FACE_OUTER_BOUND ( 'NONE', #3058, .T. ) ;
#3656 = CARTESIAN_POINT ( 'NONE',  ( 12.29524414132859178, 0.0000000000000000000, 5.272214931251218317 ) ) ;
#3657 = PRESENTATION_STYLE_ASSIGNMENT (( #150 ) ) ;
#3658 = PRESENTATION_LAYER_ASSIGNMENT (  '', '', ( #305 ) ) ;
#3659 =( NAMED_UNIT ( * ) PLANE_ANGLE_UNIT ( ) SI_UNIT ( $, .RADIAN. ) );
#3660 = CARTESIAN_POINT ( 'NONE',  ( 12.28524414132859022, 0.2600000000000000089, 4.272214931251218317 ) ) ;
#3661 =( REPRESENTATION_RELATIONSHIP ('NONE','NONE', #4463, #3614 ) REPRESENTATION_RELATIONSHIP_WITH_TRANSFORMATION ( #4259 )SHAPE_REPRESENTATION_RELATIONSHIP( ) );
#3662 = SURFACE_STYLE_USAGE ( .BOTH. , #4667 ) ;
#3663 = MECHANICAL_DESIGN_GEOMETRIC_PRESENTATION_REPRESENTATION (  '', ( #4540 ), #4777 ) ;
#3664 = CARTESIAN_POINT ( 'NONE',  ( 12.28524414132859022, 0.2600000000000000089, 4.351100996136220367 ) ) ;
#3665 = SHAPE_REPRESENTATION ( 'PC817 Body', ( #2178 ), #2420 ) ;
#3666 = CARTESIAN_POINT ( 'NONE',  ( 2.289999999999999147, 1.098971899129854094E-16, 3.250000000000000444 ) ) ;
#3667 = STYLED_ITEM ( 'NONE', ( #3317 ), #2268 ) ;
#3668 = CARTESIAN_POINT ( 'NONE',  ( 12.89524414132858965, 1.971469307523565195, -3.399733716353602997 ) ) ;
#3669 = CIRCLE ( 'NONE', #4468, 0.3600000000000000977 ) ;
#3670 = ORIENTED_EDGE ( 'NONE', *, *, #313, .T. ) ;
#3671 = FILL_AREA_STYLE ('',( #4866 ) ) ;
#3672 = VECTOR ( 'NONE', #4649, 1000.000000000000114 ) ;
#3673 = VECTOR ( 'NONE', #2079, 1000.000000000000000 ) ;
#3674 = ORIENTED_EDGE ( 'NONE', *, *, #1991, .F. ) ;
#3675 = FACE_OUTER_BOUND ( 'NONE', #1472, .T. ) ;
#3676 = ADVANCED_FACE ( 'NONE', ( #4226 ), #2471, .F. ) ;
#3677 = CARTESIAN_POINT ( 'NONE',  ( 12.29524414132859000, 0.3599999999999999867, -4.341100996136219692 ) ) ;
#3678 = PRESENTATION_LAYER_ASSIGNMENT (  '', '', ( #2187 ) ) ;
#3679 = CARTESIAN_POINT ( 'NONE',  ( 2.171357675153835931, -1.384160456538573891, 3.131357675153836340 ) ) ;
#3680 = ORIENTED_EDGE ( 'NONE', *, *, #3612, .F. ) ;
#3681 = CARTESIAN_POINT ( 'NONE',  ( 2.290000000000001812, 0.0000000000000000000, -3.250000000000000444 ) ) ;
#3682 = VECTOR ( 'NONE', #1786, 1000.000000000000000 ) ;
#3683 = PRESENTATION_STYLE_ASSIGNMENT (( #4880 ) ) ;
#3684 =( NAMED_UNIT ( * ) SI_UNIT ( $, .STERADIAN. ) SOLID_ANGLE_UNIT ( ) );
#3685 = VERTEX_POINT ( 'NONE', #2082 ) ;
#3686 = DIRECTION ( 'NONE',  ( 1.000000000000000000, 0.0000000000000000000, -0.0000000000000000000 ) ) ;
#3687 = SURFACE_SIDE_STYLE ('',( #3707 ) ) ;
#3688 = CARTESIAN_POINT ( 'NONE',  ( 12.29524414132859000, 1.971469307523565195, -3.749733716353603086 ) ) ;
#3689 = VERTEX_POINT ( 'NONE', #945 ) ;
#3690 = DIRECTION ( 'NONE',  ( 0.0000000000000000000, 0.0000000000000000000, -1.000000000000000000 ) ) ;
#3691 = DIRECTION ( 'NONE',  ( 0.7071067811865475727, 0.0000000000000000000, 0.7071067811865475727 ) ) ;
#3692 = EDGE_CURVE ( 'NONE', #2286, #3462, #2432, .T. ) ;
#3693 = ORIENTED_EDGE ( 'NONE', *, *, #1746, .F. ) ;
#3694 =( NAMED_UNIT ( * ) PLANE_ANGLE_UNIT ( ) SI_UNIT ( $, .RADIAN. ) );
#3695 = PLANE ( 'NONE',  #3200 ) ;
#3696 = ORIENTED_EDGE ( 'NONE', *, *, #4898, .T. ) ;
#3697 = DIRECTION ( 'NONE',  ( -0.0000000000000000000, -1.000000000000000000, 0.0000000000000000000 ) ) ;
#3698 = EDGE_CURVE ( 'NONE', #499, #3749, #602, .T. ) ;
#3699 = CARTESIAN_POINT ( 'NONE',  ( 12.89524414132858965, 0.3286239326108430503, -3.982470904823191216 ) ) ;
#3700 = PRODUCT_DEFINITION_CONTEXT ( 'detailed design', #1247, 'design' ) ;
#3701 = VECTOR ( 'NONE', #3025, 1000.000000000000000 ) ;
#3702 = PLANE ( 'NONE',  #794 ) ;
#3703 = CARTESIAN_POINT ( 'NONE',  ( 12.29524414132859000, 0.2600000000000000089, -4.351100996136220367 ) ) ;
#3704 = EDGE_CURVE ( 'NONE', #2567, #1598, #3996, .T. ) ;
#3705 = ORIENTED_EDGE ( 'NONE', *, *, #1277, .F. ) ;
#3706 = COLOUR_RGB ( '',0.7450980392156862919, 0.7372549019607843590, 0.7294117647058823151 ) ;
#3707 = SURFACE_STYLE_FILL_AREA ( #942 ) ;
#3708 = CARTESIAN_POINT ( 'NONE',  ( -13.56524414132858958, -2.101469307523564201, -0.2722149312512179842 ) ) ;
#3709 = DIRECTION ( 'NONE',  ( -1.000000000000000000, -0.0000000000000000000, 0.0000000000000000000 ) ) ;
#3710 = VECTOR ( 'NONE', #1661, 1000.000000000000000 ) ;
#3711 = VERTEX_POINT ( 'NONE', #154 ) ;
#3712 = LINE ( 'NONE', #3664, #4820 ) ;
#3713 = FILL_AREA_STYLE_COLOUR ( '', #4388 ) ;
#3714 = SURFACE_STYLE_USAGE ( .BOTH. , #4565 ) ;
#3715 =( NAMED_UNIT ( * ) PLANE_ANGLE_UNIT ( ) SI_UNIT ( $, .RADIAN. ) );
#3716 = ORIENTED_EDGE ( 'NONE', *, *, #75, .T. ) ;
#3717 = FILL_AREA_STYLE ('',( #345 ) ) ;
#3718 = CARTESIAN_POINT ( 'NONE',  ( 12.89524414132858965, 0.0000000000000000000, -4.872214931251217962 ) ) ;
#3719 = CARTESIAN_POINT ( 'NONE',  ( 12.29524414132858823, 2.231469307523564094, 3.747107441190590471 ) ) ;
#3720 = SURFACE_STYLE_FILL_AREA ( #1828 ) ;
#3721 = DIRECTION ( 'NONE',  ( 0.0000000000000000000, 1.000000000000000000, 0.0000000000000000000 ) ) ;
#3722 = VECTOR ( 'NONE', #2824, 1000.000000000000227 ) ;
#3723 = EDGE_CURVE ( 'NONE', #1987, #3193, #1748, .T. ) ;
#3724 = CARTESIAN_POINT ( 'NONE',  ( 0.0000000000000000000, -10.43771546495395164, 1.500000000000000000 ) ) ;
#3725 = VERTEX_POINT ( 'NONE', #4764 ) ;
#3726 = COLOUR_RGB ( '',0.2705882352941176294, 0.2705882352941176294, 0.2705882352941176294 ) ;
#3727 = UNCERTAINTY_MEASURE_WITH_UNIT (LENGTH_MEASURE( 1.000000000000000082E-05 ), #576, 'distance_accuracy_value', 'NONE');
#3728 = SURFACE_STYLE_FILL_AREA ( #4559 ) ;
#3729 = PLANE ( 'NONE',  #568 ) ;
#3730 = EDGE_CURVE ( 'NONE', #4653, #2201, #2881, .T. ) ;
#3731 = SURFACE_STYLE_FILL_AREA ( #743 ) ;
#3732 = MECHANICAL_DESIGN_GEOMETRIC_PRESENTATION_REPRESENTATION (  '', ( #2402 ), #1305 ) ;
#3733 = ORIENTED_EDGE ( 'NONE', *, *, #2599, .F. ) ;
#3734 = LINE ( 'NONE', #309, #3527 ) ;
#3735 = DIRECTION ( 'NONE',  ( -1.000000000000000000, -0.0000000000000000000, 0.0000000000000000000 ) ) ;
#3736 = VECTOR ( 'NONE', #3076, 1000.000000000000000 ) ;
#3737 = PRESENTATION_STYLE_ASSIGNMENT (( #1869 ) ) ;
#3738 = DIRECTION ( 'NONE',  ( 0.0000000000000000000, 0.0000000000000000000, -1.000000000000000000 ) ) ;
#3739 = SURFACE_STYLE_FILL_AREA ( #240 ) ;
#3740 = STYLED_ITEM ( 'NONE', ( #3737 ), #4892 ) ;
#3741 = ORIENTED_EDGE ( 'NONE', *, *, #2947, .F. ) ;
#3742 = AXIS2_PLACEMENT_3D ( 'NONE', #3220, #3988, #3238 ) ;
#3743 = STYLED_ITEM ( 'NONE', ( #3954 ), #1335 ) ;
#3744 = CARTESIAN_POINT ( 'NONE',  ( 12.89524414132858965, 2.231469307523564982, -3.399733716353602997 ) ) ;
#3745 = DIRECTION ( 'NONE',  ( -1.000000000000000000, 0.0000000000000000000, 0.0000000000000000000 ) ) ;
#3746 = CARTESIAN_POINT ( 'NONE',  ( 0.0000000000000000000, -1.650000000000000355, 0.0000000000000000000 ) ) ;
#3747 = MECHANICAL_DESIGN_GEOMETRIC_PRESENTATION_REPRESENTATION (  '', ( #3667 ), #4390 ) ;
#3748 = PRESENTATION_LAYER_ASSIGNMENT (  '', '', ( #235 ) ) ;
#3749 = VERTEX_POINT ( 'NONE', #991 ) ;
#3750 = SURFACE_STYLE_FILL_AREA ( #3007 ) ;
#3751 = VECTOR ( 'NONE', #2229, 1000.000000000000000 ) ;
#3752 = PRESENTATION_LAYER_ASSIGNMENT (  '', '', ( #926 ) ) ;
#3753 = CARTESIAN_POINT ( 'NONE',  ( 12.28524414132859022, 0.2600000000000000089, 4.272214931251218317 ) ) ;
#3754 = ORIENTED_EDGE ( 'NONE', *, *, #638, .F. ) ;
#3755 = EDGE_CURVE ( 'NONE', #497, #1839, #132, .T. ) ;
#3756 = DIRECTION ( 'NONE',  ( -3.535310999999998490E-16, -0.08715574274765795770, 0.9961946980917455452 ) ) ;
#3757 = DIRECTION ( 'NONE',  ( 0.0000000000000000000, 0.0000000000000000000, -1.000000000000000000 ) ) ;
#3758 = VECTOR ( 'NONE', #3194, 1000.000000000000000 ) ;
#3759 = LINE ( 'NONE', #772, #2175 ) ;
#3760 = ORIENTED_EDGE ( 'NONE', *, *, #1061, .T. ) ;
#3761 = PLANE ( 'NONE',  #4476 ) ;
#3762 =( NAMED_UNIT ( * ) SI_UNIT ( $, .STERADIAN. ) SOLID_ANGLE_UNIT ( ) );
#3763 = EDGE_CURVE ( 'NONE', #3749, #1598, #3644, .T. ) ;
#3764 = MECHANICAL_DESIGN_GEOMETRIC_PRESENTATION_REPRESENTATION (  '', ( #1562 ), #2898 ) ;
#3765 = CARTESIAN_POINT ( 'NONE',  ( 11.69524414132859036, 0.0000000000000000000, -4.272214931251218317 ) ) ;
#3766 = CARTESIAN_POINT ( 'NONE',  ( 12.69524414132859036, 0.0000000000000000000, 5.072214931251217251 ) ) ;
#3767 = ORIENTED_EDGE ( 'NONE', *, *, #514, .T. ) ;
#3768 = CARTESIAN_POINT ( 'NONE',  ( 12.28524414132859022, 0.2600000000000000089, -4.351100996136220367 ) ) ;
#3769 = VERTEX_POINT ( 'NONE', #180 ) ;
#3770 = SURFACE_SIDE_STYLE ('',( #4153 ) ) ;
#3771 = MECHANICAL_DESIGN_GEOMETRIC_PRESENTATION_REPRESENTATION (  '', ( #4175 ), #1182 ) ;
#3772 = LINE ( 'NONE', #733, #4908 ) ;
#3773 =( NAMED_UNIT ( * ) SI_UNIT ( $, .STERADIAN. ) SOLID_ANGLE_UNIT ( ) );
#3774 = COLOUR_RGB ( '',0.7450980392156862919, 0.7372549019607843590, 0.7294117647058823151 ) ;
#3775 = FACE_OUTER_BOUND ( 'NONE', #3601, .T. ) ;
#3776 = VERTEX_POINT ( 'NONE', #2497 ) ;
#3777 = LINE ( 'NONE', #278, #3933 ) ;
#3778 = ORIENTED_EDGE ( 'NONE', *, *, #909, .T. ) ;
#3779 = DIRECTION ( 'NONE',  ( -3.562175999999998386E-16, -0.08715574274765795770, 0.9961946980917455452 ) ) ;
#3780 = MECHANICAL_DESIGN_GEOMETRIC_PRESENTATION_REPRESENTATION (  '', ( #4660 ), #268 ) ;
#3781 = FILL_AREA_STYLE ('',( #389 ) ) ;
#3782 = AXIS2_PLACEMENT_3D ( 'NONE', #1339, #2444, #1083 ) ;
#3783 = SURFACE_STYLE_FILL_AREA ( #44 ) ;
#3784 = MECHANICAL_DESIGN_GEOMETRIC_PRESENTATION_REPRESENTATION (  '', ( #449 ), #3881 ) ;
#3785 =( LENGTH_UNIT ( ) NAMED_UNIT ( * ) SI_UNIT ( .MILLI., .METRE. ) );
#3786 = FILL_AREA_STYLE ('',( #2587 ) ) ;
#3787 = LINE ( 'NONE', #2000, #3948 ) ;
#3788 = UNCERTAINTY_MEASURE_WITH_UNIT (LENGTH_MEASURE( 1.000000000000000082E-05 ), #4567, 'distance_accuracy_value', 'NONE');
#3789 = PRESENTATION_LAYER_ASSIGNMENT (  '', '', ( #1511 ) ) ;
#3790 = EDGE_LOOP ( 'NONE', ( #4650, #2012, #1596, #4774 ) ) ;
#3791 = UNCERTAINTY_MEASURE_WITH_UNIT (LENGTH_MEASURE( 1.000000000000000082E-05 ), #2875, 'distance_accuracy_value', 'NONE');
#3792 = FILL_AREA_STYLE_COLOUR ( '', #49 ) ;
#3793 = FILL_AREA_STYLE ('',( #2298 ) ) ;
#3794 = ADVANCED_FACE ( 'NONE', ( #2859 ), #2524, .T. ) ;
#3795 = SURFACE_SIDE_STYLE ('',( #3031 ) ) ;
#3796 = FILL_AREA_STYLE ('',( #4276 ) ) ;
#3797 = SURFACE_SIDE_STYLE ('',( #4668 ) ) ;
#3798 = VECTOR ( 'NONE', #3205, 1000.000000000000000 ) ;
#3799 = UNCERTAINTY_MEASURE_WITH_UNIT (LENGTH_MEASURE( 1.000000000000000082E-05 ), #1422, 'distance_accuracy_value', 'NONE');
#3800 = LINE ( 'NONE', #4155, #275 ) ;
#3801 = AXIS2_PLACEMENT_3D ( 'NONE', #4140, #753, #1486 ) ;
#3802 = SURFACE_SIDE_STYLE ('',( #2303 ) ) ;
#3803 = ORIENTED_EDGE ( 'NONE', *, *, #4373, .F. ) ;
#3804 = SURFACE_STYLE_FILL_AREA ( #1854 ) ;
#3805 = ORIENTED_EDGE ( 'NONE', *, *, #1746, .T. ) ;
#3806 = PRODUCT ( 'Gullwing Pin', 'Gullwing Pin', '', ( #2747 ) ) ;
#3807 = CARTESIAN_POINT ( 'NONE',  ( 12.29524414132859178, 0.0000000000000000000, -4.272214931251218317 ) ) ;
#3808 = ORIENTED_EDGE ( 'NONE', *, *, #216, .T. ) ;
#3809 = CARTESIAN_POINT ( 'NONE',  ( 11.89524414132859143, 0.2600000000000001199, -5.072214931251217251 ) ) ;
#3810 = ORIENTED_EDGE ( 'NONE', *, *, #3464, .T. ) ;
#3811 = CARTESIAN_POINT ( 'NONE',  ( 0.0000000000000000000, -1.749999999999999778, 1.500000000000000000 ) ) ;
#3812 = CIRCLE ( 'NONE', #2169, 0.09999999999999896472 ) ;
#3813 = SURFACE_STYLE_FILL_AREA ( #1233 ) ;
#3814 = ADVANCED_FACE ( 'NONE', ( #2199 ), #4914, .T. ) ;
#3815 = ORIENTED_EDGE ( 'NONE', *, *, #4288, .F. ) ;
#3816 = SURFACE_STYLE_FILL_AREA ( #862 ) ;
#3817 = LINE ( 'NONE', #4122, #543 ) ;
#3818 =( GEOMETRIC_REPRESENTATION_CONTEXT ( 3 ) GLOBAL_UNCERTAINTY_ASSIGNED_CONTEXT ( ( #4036 ) ) GLOBAL_UNIT_ASSIGNED_CONTEXT ( ( #3872, #1281, #4629 ) ) REPRESENTATION_CONTEXT ( 'NONE', 'WORKASPACE' ) );
#3819 = DIRECTION ( 'NONE',  ( 0.0000000000000000000, -0.9961946980917455452, 0.08715574274765734708 ) ) ;
#3820 = CARTESIAN_POINT ( 'NONE',  ( 12.89524414132859320, 1.971469307523565195, -3.749733716353603086 ) ) ;
#3821 = APPLICATION_CONTEXT ( 'automotive_design' ) ;
#3822 = ORIENTED_EDGE ( 'NONE', *, *, #4344, .T. ) ;
#3823 = CARTESIAN_POINT ( 'NONE',  ( 12.29524414132859178, 0.0000000000000000000, 4.272214931251218317 ) ) ;
#3824 = MECHANICAL_DESIGN_GEOMETRIC_PRESENTATION_REPRESENTATION (  '', ( #1071 ), #2422 ) ;
#3825 = ADVANCED_FACE ( 'NONE', ( #1489 ), #1896, .T. ) ;
#3826 =( GEOMETRIC_REPRESENTATION_CONTEXT ( 3 ) GLOBAL_UNCERTAINTY_ASSIGNED_CONTEXT ( ( #592 ) ) GLOBAL_UNIT_ASSIGNED_CONTEXT ( ( #2544, #2520, #636 ) ) REPRESENTATION_CONTEXT ( 'NONE', 'WORKASPACE' ) );
#3827 = DIRECTION ( 'NONE',  ( 0.0000000000000000000, -0.9961946980917455452, -0.08715574274765734708 ) ) ;
#3828 =( NAMED_UNIT ( * ) SI_UNIT ( $, .STERADIAN. ) SOLID_ANGLE_UNIT ( ) );
#3829 = APPLICATION_PROTOCOL_DEFINITION ( 'draft international standard', 'automotive_design', 1998, #4839 ) ;
#3830 = AXIS2_PLACEMENT_3D ( 'NONE', #2995, #684, #3017 ) ;
#3831 =( GEOMETRIC_REPRESENTATION_CONTEXT ( 3 ) GLOBAL_UNCERTAINTY_ASSIGNED_CONTEXT ( ( #4884 ) ) GLOBAL_UNIT_ASSIGNED_CONTEXT ( ( #4273, #4641, #2430 ) ) REPRESENTATION_CONTEXT ( 'NONE', 'WORKASPACE' ) );
#3832 =( NAMED_UNIT ( * ) SI_UNIT ( $, .STERADIAN. ) SOLID_ANGLE_UNIT ( ) );
#3833 = ORIENTED_EDGE ( 'NONE', *, *, #3579, .F. ) ;
#3834 = SURFACE_STYLE_USAGE ( .BOTH. , #2042 ) ;
#3835 = AXIS2_PLACEMENT_3D ( 'NONE', #4854, #3329, #714 ) ;
#3836 = VERTEX_POINT ( 'NONE', #1525 ) ;
#3837 = EDGE_CURVE ( 'NONE', #4502, #3166, #2589, .T. ) ;
#3838 = VECTOR ( 'NONE', #1530, 1000.000000000000000 ) ;
#3839 = PRESENTATION_LAYER_ASSIGNMENT (  '', '', ( #2112 ) ) ;
#3840 = PRESENTATION_STYLE_ASSIGNMENT (( #4576 ) ) ;
#3841 = DIRECTION ( 'NONE',  ( 0.0000000000000000000, 0.0000000000000000000, -1.000000000000000000 ) ) ;
#3842 = VECTOR ( 'NONE', #919, 1000.000000000000000 ) ;
#3843 = ORIENTED_EDGE ( 'NONE', *, *, #4431, .T. ) ;
#3844 = PLANE ( 'NONE',  #4159 ) ;
#3845 = VERTEX_POINT ( 'NONE', #4042 ) ;
#3846 = LINE ( 'NONE', #1179, #3879 ) ;
#3847 = MECHANICAL_DESIGN_GEOMETRIC_PRESENTATION_REPRESENTATION (  '', ( #4401 ), #3355 ) ;
#3848 = SURFACE_STYLE_FILL_AREA ( #2419 ) ;
#3849 = DIRECTION ( 'NONE',  ( 1.000000000000000000, 0.0000000000000000000, -0.0000000000000000000 ) ) ;
#3850 = AXIS2_PLACEMENT_3D ( 'NONE', #1072, #2579, #3374 ) ;
#3851 = PLANE ( 'NONE',  #1894 ) ;
#3852 = UNCERTAINTY_MEASURE_WITH_UNIT (LENGTH_MEASURE( 1.000000000000000082E-05 ), #3004, 'distance_accuracy_value', 'NONE');
#3853 = ORIENTED_EDGE ( 'NONE', *, *, #2481, .F. ) ;
#3854 = ADVANCED_BREP_SHAPE_REPRESENTATION ( '', ( #2351, #2178 ), #3507 ) ;
#3855 = PRESENTATION_STYLE_ASSIGNMENT (( #78 ) ) ;
#3856 = CARTESIAN_POINT ( 'NONE',  ( 2.152678146720504060, -1.602088288260769877, 3.112678146720503580 ) ) ;
#3857 = FILL_AREA_STYLE_COLOUR ( '', #1944 ) ;
#3858 = CARTESIAN_POINT ( 'NONE',  ( 12.29524414132859000, 1.971469307523565195, 3.399733716353602997 ) ) ;
#3859 = SURFACE_STYLE_USAGE ( .BOTH. , #3497 ) ;
#3860 = ORIENTED_EDGE ( 'NONE', *, *, #439, .F. ) ;
#3861 = DIRECTION ( 'NONE',  ( 0.0000000000000000000, -0.0000000000000000000, -1.000000000000000000 ) ) ;
#3862 = CARTESIAN_POINT ( 'NONE',  ( 12.89524414132858965, 0.0000000000000000000, -4.272214931251218317 ) ) ;
#3863 = ADVANCED_FACE ( 'NONE', ( #2173 ), #4814, .F. ) ;
#3864 = EDGE_CURVE ( 'NONE', #1177, #227, #1629, .T. ) ;
#3865 = LINE ( 'NONE', #899, #2649 ) ;
#3866 = ORIENTED_EDGE ( 'NONE', *, *, #1453, .T. ) ;
#3867 = COLOUR_RGB ( '',0.2705882352941176294, 0.2705882352941176294, 0.2705882352941176294 ) ;
#3868 = EDGE_LOOP ( 'NONE', ( #2531, #928, #4907, #3615 ) ) ;
#3869 =( NAMED_UNIT ( * ) SI_UNIT ( $, .STERADIAN. ) SOLID_ANGLE_UNIT ( ) );
#3870 = DIRECTION ( 'NONE',  ( 0.0000000000000000000, -1.000000000000000000, -0.0000000000000000000 ) ) ;
#3871 = UNCERTAINTY_MEASURE_WITH_UNIT (LENGTH_MEASURE( 1.000000000000000082E-05 ), #1737, 'distance_accuracy_value', 'NONE');
#3872 =( LENGTH_UNIT ( ) NAMED_UNIT ( * ) SI_UNIT ( .MILLI., .METRE. ) );
#3873 = MECHANICAL_DESIGN_GEOMETRIC_PRESENTATION_REPRESENTATION (  '', ( #436 ), #535 ) ;
#3874 = EDGE_CURVE ( 'NONE', #1598, #4653, #860, .T. ) ;
#3875 = VERTEX_POINT ( 'NONE', #2702 ) ;
#3876 =( LENGTH_UNIT ( ) NAMED_UNIT ( * ) SI_UNIT ( .MILLI., .METRE. ) );
#3877 = FILL_AREA_STYLE_COLOUR ( '', #618 ) ;
#3878 = CARTESIAN_POINT ( 'NONE',  ( 0.0000000000000000000, 0.0000000000000000000, 0.0000000000000000000 ) ) ;
#3879 = VECTOR ( 'NONE', #2730, 1000.000000000000000 ) ;
#3880 = FACE_OUTER_BOUND ( 'NONE', #553, .T. ) ;
#3881 =( GEOMETRIC_REPRESENTATION_CONTEXT ( 3 ) GLOBAL_UNCERTAINTY_ASSIGNED_CONTEXT ( ( #1834 ) ) GLOBAL_UNIT_ASSIGNED_CONTEXT ( ( #1021, #3295, #1750 ) ) REPRESENTATION_CONTEXT ( 'NONE', 'WORKASPACE' ) );
#3882 = ORIENTED_EDGE ( 'NONE', *, *, #3390, .F. ) ;
#3883 =( NAMED_UNIT ( * ) SI_UNIT ( $, .STERADIAN. ) SOLID_ANGLE_UNIT ( ) );
#3884 = SURFACE_STYLE_FILL_AREA ( #4298 ) ;
#3885 = FILL_AREA_STYLE ('',( #2811 ) ) ;
#3886 = FILL_AREA_STYLE ('',( #787 ) ) ;
#3887 = ORIENTED_EDGE ( 'NONE', *, *, #75, .F. ) ;
#3888 =( NAMED_UNIT ( * ) PLANE_ANGLE_UNIT ( ) SI_UNIT ( $, .RADIAN. ) );
#3889 = CARTESIAN_POINT ( 'NONE',  ( -2.152678146720504504, 1.602088288260771431, -3.112678146720505357 ) ) ;
#3890 = ORIENTED_EDGE ( 'NONE', *, *, #3239, .F. ) ;
#3891 = DIRECTION ( 'NONE',  ( -1.000000000000000000, 3.104640950778811161E-17, -3.548620844869660172E-16 ) ) ;
#3892 = ORIENTED_EDGE ( 'NONE', *, *, #3464, .F. ) ;
#3893 =( LENGTH_UNIT ( ) NAMED_UNIT ( * ) SI_UNIT ( .MILLI., .METRE. ) );
#3894 = EDGE_CURVE ( 'NONE', #2908, #3155, #4168, .T. ) ;
#3895 = LINE ( 'NONE', #3190, #1851 ) ;
#3896 = EDGE_LOOP ( 'NONE', ( #1890, #3044, #3331, #3705 ) ) ;
#3897 = ORIENTED_EDGE ( 'NONE', *, *, #481, .T. ) ;
#3898 = EDGE_CURVE ( 'NONE', #4371, #349, #888, .T. ) ;
#3899 = DIRECTION ( 'NONE',  ( 1.000000000000000000, -0.0000000000000000000, 0.0000000000000000000 ) ) ;
#3900 = VECTOR ( 'NONE', #4498, 1000.000000000000000 ) ;
#3901 = CARTESIAN_POINT ( 'NONE',  ( 11.69524414132859214, 0.0000000000000000000, 4.872214931251217962 ) ) ;
#3902 =( NAMED_UNIT ( * ) PLANE_ANGLE_UNIT ( ) SI_UNIT ( $, .RADIAN. ) );
#3903 = AXIS2_PLACEMENT_3D ( 'NONE', #4615, #2762, #1184 ) ;
#3904 = CARTESIAN_POINT ( 'NONE',  ( 12.28524414132859022, 0.2600000000000000089, 4.351100996136220367 ) ) ;
#3905 = DIRECTION ( 'NONE',  ( -1.000000000000000000, -0.0000000000000000000, -0.0000000000000000000 ) ) ;
#3906 = UNCERTAINTY_MEASURE_WITH_UNIT (LENGTH_MEASURE( 1.000000000000000082E-05 ), #2183, 'distance_accuracy_value', 'NONE');
#3907 = VECTOR ( 'NONE', #2892, 1000.000000000000000 ) ;
#3908 = UNCERTAINTY_MEASURE_WITH_UNIT (LENGTH_MEASURE( 1.000000000000000082E-05 ), #856, 'distance_accuracy_value', 'NONE');
#3909 = CARTESIAN_POINT ( 'NONE',  ( 12.29524414132859000, 2.231469307523564094, 4.099733716353602730 ) ) ;
#3910 = CYLINDRICAL_SURFACE ( 'NONE', #652, 0.3599999999999987654 ) ;
#3911 = DIRECTION ( 'NONE',  ( -1.000000000000000000, -0.0000000000000000000, -0.0000000000000000000 ) ) ;
#3912 = DIRECTION ( 'NONE',  ( 0.0000000000000000000, 0.0000000000000000000, -1.000000000000000000 ) ) ;
#3913 = AXIS2_PLACEMENT_3D ( 'NONE', #656, #332, #2583 ) ;
#3914 =( GEOMETRIC_REPRESENTATION_CONTEXT ( 3 ) GLOBAL_UNCERTAINTY_ASSIGNED_CONTEXT ( ( #1762 ) ) GLOBAL_UNIT_ASSIGNED_CONTEXT ( ( #1756, #252, #4478 ) ) REPRESENTATION_CONTEXT ( 'NONE', 'WORKASPACE' ) );
#3915 = ORIENTED_EDGE ( 'NONE', *, *, #363, .F. ) ;
#3916 = DIRECTION ( 'NONE',  ( -1.000000000000000000, -0.0000000000000000000, -0.0000000000000000000 ) ) ;
#3917 = ORIENTED_EDGE ( 'NONE', *, *, #964, .T. ) ;
#3918 = LINE ( 'NONE', #3086, #2395 ) ;
#3919 = PRESENTATION_STYLE_ASSIGNMENT (( #2411 ) ) ;
#3920 = VECTOR ( 'NONE', #3709, 1000.000000000000000 ) ;
#3921 = ORIENTED_EDGE ( 'NONE', *, *, #1238, .F. ) ;
#3922 = CARTESIAN_POINT ( 'NONE',  ( 12.89524414132858965, 0.2600000000000000089, 4.272214931251218317 ) ) ;
#3923 = EDGE_CURVE ( 'NONE', #1987, #773, #3787, .T. ) ;
#3924 = EDGE_LOOP ( 'NONE', ( #2127, #3562, #1681, #2259 ) ) ;
#3925 =( GEOMETRIC_REPRESENTATION_CONTEXT ( 3 ) GLOBAL_UNCERTAINTY_ASSIGNED_CONTEXT ( ( #1857 ) ) GLOBAL_UNIT_ASSIGNED_CONTEXT ( ( #3059, #4517, #4147 ) ) REPRESENTATION_CONTEXT ( 'NONE', 'WORKASPACE' ) );
#3926 = STYLED_ITEM ( 'NONE', ( #4252 ), #2736 ) ;
#3927 = LINE ( 'NONE', #2024, #4858 ) ;
#3928 = ADVANCED_FACE ( 'NONE', ( #3880 ), #3851, .T. ) ;
#3929 = PLANE ( 'NONE',  #4418 ) ;
#3930 = VECTOR ( 'NONE', #1200, 1000.000000000000000 ) ;
#3931 = LINE ( 'NONE', #482, #2489 ) ;
#3932 = DIRECTION ( 'NONE',  ( -1.000000000000000000, -0.0000000000000000000, 0.0000000000000000000 ) ) ;
#3933 = VECTOR ( 'NONE', #354, 1000.000000000000000 ) ;
#3934 = FACE_OUTER_BOUND ( 'NONE', #1696, .T. ) ;
#3935 = FILL_AREA_STYLE_COLOUR ( '', #3222 ) ;
#3936 = VERTEX_POINT ( 'NONE', #2124 ) ;
#3937 = FACE_OUTER_BOUND ( 'NONE', #2103, .T. ) ;
#3938 = CARTESIAN_POINT ( 'NONE',  ( 12.59524414132858894, 1.871469307523565107, 3.747107441190590027 ) ) ;
#3939 = ORIENTED_EDGE ( 'NONE', *, *, #1767, .F. ) ;
#3940 = VERTEX_POINT ( 'NONE', #941 ) ;
#3941 = CARTESIAN_POINT ( 'NONE',  ( 11.69524414132859036, 0.0000000000000000000, 4.272214931251218317 ) ) ;
#3942 = PLANE ( 'NONE',  #239 ) ;
#3943 = ORIENTED_EDGE ( 'NONE', *, *, #2121, .T. ) ;
#3944 = PRESENTATION_LAYER_ASSIGNMENT (  '', '', ( #436 ) ) ;
#3945 = DIRECTION ( 'NONE',  ( 0.0000000000000000000, 1.000000000000000000, 0.0000000000000000000 ) ) ;
#3946 = UNCERTAINTY_MEASURE_WITH_UNIT (LENGTH_MEASURE( 1.000000000000000082E-05 ), #4720, 'distance_accuracy_value', 'NONE');
#3947 = PRODUCT_DEFINITION ( 'UNKNOWN', '', #2495, #4315 ) ;
#3948 = VECTOR ( 'NONE', #834, 1000.000000000000000 ) ;
#3949 = SURFACE_STYLE_USAGE ( .BOTH. , #3243 ) ;
#3950 = PRESENTATION_LAYER_ASSIGNMENT (  '', '', ( #4190 ) ) ;
#3951 = ORIENTED_EDGE ( 'NONE', *, *, #1807, .T. ) ;
#3952 = PRESENTATION_STYLE_ASSIGNMENT (( #244 ) ) ;
#3953 =( LENGTH_UNIT ( ) NAMED_UNIT ( * ) SI_UNIT ( .MILLI., .METRE. ) );
#3954 = PRESENTATION_STYLE_ASSIGNMENT (( #4622 ) ) ;
#3955 =( GEOMETRIC_REPRESENTATION_CONTEXT ( 3 ) GLOBAL_UNCERTAINTY_ASSIGNED_CONTEXT ( ( #2785 ) ) GLOBAL_UNIT_ASSIGNED_CONTEXT ( ( #1958, #792, #4903 ) ) REPRESENTATION_CONTEXT ( 'NONE', 'WORKASPACE' ) );
#3956 = PLANE ( 'NONE',  #2727 ) ;
#3957 = LINE ( 'NONE', #1368, #6 ) ;
#3958 = CARTESIAN_POINT ( 'NONE',  ( 2.157142857142854364, 1.550000000000000266, 2.250000000000000444 ) ) ;
#3959 = STYLED_ITEM ( 'NONE', ( #3524 ), #4731 ) ;
#3960 = PRESENTATION_STYLE_ASSIGNMENT (( #4313 ) ) ;
#3961 = UNCERTAINTY_MEASURE_WITH_UNIT (LENGTH_MEASURE( 1.000000000000000082E-05 ), #73, 'distance_accuracy_value', 'NONE');
#3962 = DIRECTION ( 'NONE',  ( -0.0000000000000000000, -1.000000000000000000, 0.0000000000000000000 ) ) ;
#3963 = ORIENTED_EDGE ( 'NONE', *, *, #4037, .T. ) ;
#3964 = FILL_AREA_STYLE_COLOUR ( '', #4328 ) ;
#3965 = CLOSED_SHELL ( 'NONE', ( #4521, #4322, #870, #3397, #609, #341, #3928, #2268, #1658, #1932, #1533, #2678, #3328, #3972, #3327, #4715, #936, #835, #4575, #1205, #2262, #4166 ) ) ;
#3966 = MECHANICAL_DESIGN_GEOMETRIC_PRESENTATION_REPRESENTATION (  '', ( #1208 ), #4679 ) ;
#3967 = CARTESIAN_POINT ( 'NONE',  ( 11.69524414132859036, 0.0000000000000000000, -4.772214931251219205 ) ) ;
#3968 = VECTOR ( 'NONE', #1619, 1000.000000000000000 ) ;
#3969 = SURFACE_SIDE_STYLE ('',( #214 ) ) ;
#3970 = DIRECTION ( 'NONE',  ( 0.0000000000000000000, 0.0000000000000000000, 1.000000000000000000 ) ) ;
#3971 = MECHANICAL_DESIGN_GEOMETRIC_PRESENTATION_REPRESENTATION (  '', ( #3493 ), #4526 ) ;
#3972 = ADVANCED_FACE ( 'NONE', ( #2853, #2443 ), #4663, .F. ) ;
#3973 = VERTEX_POINT ( 'NONE', #912 ) ;
#3974 = FILL_AREA_STYLE_COLOUR ( '', #1779 ) ;
#3975 = AXIS2_PLACEMENT_3D ( 'NONE', #4332, #4646, #2356 ) ;
#3976 = LINE ( 'NONE', #2065, #4623 ) ;
#3977 = CARTESIAN_POINT ( 'NONE',  ( 12.59524414132858894, 1.971469307523565195, 3.399733716353602997 ) ) ;
#3978 = FILL_AREA_STYLE ('',( #1325 ) ) ;
#3979 = ADVANCED_FACE ( 'NONE', ( #511 ), #3929, .F. ) ;
#3980 =( LENGTH_UNIT ( ) NAMED_UNIT ( * ) SI_UNIT ( .MILLI., .METRE. ) );
#3981 = PLANE ( 'NONE',  #4536 ) ;
#3982 = AXIS2_PLACEMENT_3D ( 'NONE', #2094, #503, #3584 ) ;
#3983 = EDGE_LOOP ( 'NONE', ( #2743, #3833, #4803, #1171 ) ) ;
#3984 = PRESENTATION_STYLE_ASSIGNMENT (( #1759 ) ) ;
#3985 = EDGE_CURVE ( 'NONE', #1734, #1611, #2466, .T. ) ;
#3986 =( GEOMETRIC_REPRESENTATION_CONTEXT ( 3 ) GLOBAL_UNCERTAINTY_ASSIGNED_CONTEXT ( ( #1401 ) ) GLOBAL_UNIT_ASSIGNED_CONTEXT ( ( #4138, #2586, #4862 ) ) REPRESENTATION_CONTEXT ( 'NONE', 'WORKASPACE' ) );
#3987 = PRESENTATION_LAYER_ASSIGNMENT (  '', '', ( #226 ) ) ;
#3988 = DIRECTION ( 'NONE',  ( 0.9963466490417509647, -0.08540114134643600474, 4.254488000000001085E-16 ) ) ;
#3989 = AXIS2_PLACEMENT_3D ( 'NONE', #973, #1273, #4335 ) ;
#3990 = AXIS2_PLACEMENT_3D ( 'NONE', #814, #1186, #4496 ) ;
#3991 = FILL_AREA_STYLE ('',( #177 ) ) ;
#3992 = CIRCLE ( 'NONE', #3, 0.09999999999999896472 ) ;
#3993 = DIRECTION ( 'NONE',  ( -0.0000000000000000000, -0.0000000000000000000, -1.000000000000000000 ) ) ;
#3994 = CARTESIAN_POINT ( 'NONE',  ( -2.140000000000000124, 1.750000000000000000, 2.250000000000000444 ) ) ;
#3995 = STYLED_ITEM ( 'NONE', ( #433 ), #2780 ) ;
#3996 = LINE ( 'NONE', #3179, #691 ) ;
#3997 = ORIENTED_EDGE ( 'NONE', *, *, #1991, .T. ) ;
#3998 = PRESENTATION_STYLE_ASSIGNMENT (( #4816 ) ) ;
#3999 = FILL_AREA_STYLE_COLOUR ( '', #2924 ) ;
#4000 = COLOUR_RGB ( '',0.7450980392156862919, 0.7372549019607843590, 0.7294117647058823151 ) ;
#4001 = SURFACE_SIDE_STYLE ('',( #219 ) ) ;
#4002 = FACE_OUTER_BOUND ( 'NONE', #2523, .T. ) ;
#4003 = CARTESIAN_POINT ( 'NONE',  ( 12.59524414132858894, 1.880184881798330432, -3.846726910999764826 ) ) ;
#4004 = ORIENTED_EDGE ( 'NONE', *, *, #2896, .T. ) ;
#4005 = DIRECTION ( 'NONE',  ( 1.207606000000000044E-16, 0.08540114134643600474, -0.9963466490417509647 ) ) ;
#4006 = VECTOR ( 'NONE', #3401, 1000.000000000000000 ) ;
#4007 = FILL_AREA_STYLE ('',( #3257 ) ) ;
#4008 = DIRECTION ( 'NONE',  ( -0.0000000000000000000, 0.0000000000000000000, 1.000000000000000000 ) ) ;
#4009 = EDGE_CURVE ( 'NONE', #227, #4849, #1841, .T. ) ;
#4010 = EDGE_CURVE ( 'NONE', #209, #2648, #119, .T. ) ;
#4011 = ORIENTED_EDGE ( 'NONE', *, *, #4645, .F. ) ;
#4012 = SURFACE_STYLE_FILL_AREA ( #256 ) ;
#4013 = EDGE_CURVE ( 'NONE', #686, #603, #871, .T. ) ;
#4014 = FILL_AREA_STYLE ('',( #3263 ) ) ;
#4015 = CARTESIAN_POINT ( 'NONE',  ( 12.89524414132858965, 0.0000000000000000000, -4.341100996136219692 ) ) ;
#4016 =( NAMED_UNIT ( * ) SI_UNIT ( $, .STERADIAN. ) SOLID_ANGLE_UNIT ( ) );
#4017 = FACE_OUTER_BOUND ( 'NONE', #4283, .T. ) ;
#4018 = COLOUR_RGB ( '',0.7450980392156862919, 0.7372549019607843590, 0.7294117647058823151 ) ;
#4019 = DIRECTION ( 'NONE',  ( 0.0000000000000000000, -0.0000000000000000000, -1.000000000000000000 ) ) ;
#4020 = ORIENTED_EDGE ( 'NONE', *, *, #336, .T. ) ;
#4021 = SURFACE_SIDE_STYLE ('',( #1771 ) ) ;
#4022 = VERTEX_POINT ( 'NONE', #3332 ) ;
#4023 = FACE_OUTER_BOUND ( 'NONE', #388, .T. ) ;
#4024 = CARTESIAN_POINT ( 'NONE',  ( 11.69524414132859036, 0.2600000000000000089, 5.272214931251218317 ) ) ;
#4025 = DIRECTION ( 'NONE',  ( 0.0000000000000000000, -0.0000000000000000000, 1.000000000000000000 ) ) ;
#4026 = VECTOR ( 'NONE', #858, 1000.000000000000000 ) ;
#4027 = SURFACE_STYLE_FILL_AREA ( #606 ) ;
#4028 = ORIENTED_EDGE ( 'NONE', *, *, #2379, .F. ) ;
#4029 = VECTOR ( 'NONE', #2433, 1000.000000000000000 ) ;
#4030 = SURFACE_STYLE_FILL_AREA ( #650 ) ;
#4031 = ORIENTED_EDGE ( 'NONE', *, *, #1212, .T. ) ;
#4032 = SURFACE_SIDE_STYLE ('',( #1442 ) ) ;
#4033 =( GEOMETRIC_REPRESENTATION_CONTEXT ( 3 ) GLOBAL_UNCERTAINTY_ASSIGNED_CONTEXT ( ( #740 ) ) GLOBAL_UNIT_ASSIGNED_CONTEXT ( ( #2809, #4297, #455 ) ) REPRESENTATION_CONTEXT ( 'NONE', 'WORKASPACE' ) );
#4034 = EDGE_CURVE ( 'NONE', #4181, #4290, #2137, .T. ) ;
#4035 = CARTESIAN_POINT ( 'NONE',  ( 12.89524414132858965, 0.0000000000000000000, -5.272214931251218317 ) ) ;
#4036 = UNCERTAINTY_MEASURE_WITH_UNIT (LENGTH_MEASURE( 1.000000000000000082E-05 ), #3872, 'distance_accuracy_value', 'NONE');
#4037 = EDGE_CURVE ( 'NONE', #3725, #4070, #4510, .T. ) ;
#4038 = FACE_OUTER_BOUND ( 'NONE', #2749, .T. ) ;
#4039 = AXIS2_PLACEMENT_3D ( 'NONE', #3245, #1524, #2613 ) ;
#4040 = DIRECTION ( 'NONE',  ( 0.0000000000000000000, 1.000000000000000000, 0.0000000000000000000 ) ) ;
#4041 = ORIENTED_EDGE ( 'NONE', *, *, #2512, .F. ) ;
#4042 = CARTESIAN_POINT ( 'NONE',  ( 12.49524414132859107, 0.2600000000000000644, 5.272214931251217429 ) ) ;
#4043 = UNCERTAINTY_MEASURE_WITH_UNIT (LENGTH_MEASURE( 1.000000000000000082E-05 ), #2872, 'distance_accuracy_value', 'NONE');
#4044 = STYLED_ITEM ( 'NONE', ( #4054 ), #372 ) ;
#4045 = ORIENTED_EDGE ( 'NONE', *, *, #2620, .T. ) ;
#4046 = PLANE ( 'NONE',  #4611 ) ;
#4047 = CYLINDRICAL_SURFACE ( 'NONE', #279, 0.3999999999999999667 ) ;
#4048 = CARTESIAN_POINT ( 'NONE',  ( 12.59524414132858894, 0.9857346537617821536, 4.185974323802411412 ) ) ;
#4049 = DIRECTION ( 'NONE',  ( 0.08540114134643599086, -0.9963466490417508536, 0.0000000000000000000 ) ) ;
#4050 = UNCERTAINTY_MEASURE_WITH_UNIT (LENGTH_MEASURE( 1.000000000000000082E-05 ), #2032, 'distance_accuracy_value', 'NONE');
#4051 = AXIS2_PLACEMENT_3D ( 'NONE', #1728, #574, #641 ) ;
#4052 = SURFACE_STYLE_FILL_AREA ( #2554 ) ;
#4053 = COLOUR_RGB ( '',0.2705882352941176294, 0.2705882352941176294, 0.2705882352941176294 ) ;
#4054 = PRESENTATION_STYLE_ASSIGNMENT (( #1049 ) ) ;
#4055 =( NAMED_UNIT ( * ) PLANE_ANGLE_UNIT ( ) SI_UNIT ( $, .RADIAN. ) );
#4056 = VECTOR ( 'NONE', #168, 1000.000000000000000 ) ;
#4057 = LINE ( 'NONE', #3688, #1156 ) ;
#4058 = ADVANCED_FACE ( 'NONE', ( #2973 ), #2899, .F. ) ;
#4059 =( GEOMETRIC_REPRESENTATION_CONTEXT ( 3 ) GLOBAL_UNCERTAINTY_ASSIGNED_CONTEXT ( ( #2260 ) ) GLOBAL_UNIT_ASSIGNED_CONTEXT ( ( #1204, #98, #1650 ) ) REPRESENTATION_CONTEXT ( 'NONE', 'WORKASPACE' ) );
#4060 = COLOUR_RGB ( '',0.7450980392156862919, 0.7372549019607843590, 0.7294117647058823151 ) ;
#4061 = DIRECTION ( 'NONE',  ( -1.000000000000000000, -4.951616000000000261E-17, 3.592136000000000158E-16 ) ) ;
#4062 = DIRECTION ( 'NONE',  ( 0.0000000000000000000, 0.0000000000000000000, 1.000000000000000000 ) ) ;
#4063 = AXIS2_PLACEMENT_3D ( 'NONE', #3297, #2157, #4025 ) ;
#4064 = CARTESIAN_POINT ( 'NONE',  ( 2.157142857142854364, 1.550000000000000266, 2.250000000000000444 ) ) ;
#4065 = VECTOR ( 'NONE', #1093, 1000.000000000000000 ) ;
#4066 = EDGE_CURVE ( 'NONE', #4530, #2693, #2168, .T. ) ;
#4067 = EDGE_CURVE ( 'NONE', #2161, #2525, #3712, .T. ) ;
#4068 = PRESENTATION_STYLE_ASSIGNMENT (( #2565 ) ) ;
#4069 = AXIS2_PLACEMENT_3D ( 'NONE', #3708, #4481, #1836 ) ;
#4070 = VERTEX_POINT ( 'NONE', #236 ) ;
#4071 = SURFACE_SIDE_STYLE ('',( #1873 ) ) ;
#4072 = VECTOR ( 'NONE', #1953, 1000.000000000000114 ) ;
#4073 = AXIS2_PLACEMENT_3D ( 'NONE', #965, #178, #1522 ) ;
#4074 = VERTEX_POINT ( 'NONE', #1794 ) ;
#4075 = FILL_AREA_STYLE ('',( #2155 ) ) ;
#4076 = DIRECTION ( 'NONE',  ( -1.000000000000000000, -0.0000000000000000000, -0.0000000000000000000 ) ) ;
#4077 = VECTOR ( 'NONE', #2943, 1000.000000000000000 ) ;
#4078 = SURFACE_SIDE_STYLE ('',( #4919 ) ) ;
#4079 = CARTESIAN_POINT ( 'NONE',  ( -1.290000000000000924, 10.43771546495395164, 1.159999999999999032 ) ) ;
#4080 = SURFACE_STYLE_USAGE ( .BOTH. , #3300 ) ;
#4081 = VECTOR ( 'NONE', #3535, 1000.000000000000000 ) ;
#4082 = CARTESIAN_POINT ( 'NONE',  ( 11.69524414132859214, 0.0000000000000000000, -4.872214931251216186 ) ) ;
#4083 = ORIENTED_EDGE ( 'NONE', *, *, #4219, .T. ) ;
#4084 = CARTESIAN_POINT ( 'NONE',  ( 2.139999999999999680, 1.750000000000000000, -2.732819015537134799 ) ) ;
#4085 = FACE_OUTER_BOUND ( 'NONE', #3207, .T. ) ;
#4086 = ORIENTED_EDGE ( 'NONE', *, *, #1669, .T. ) ;
#4087 = CYLINDRICAL_SURFACE ( 'NONE', #2043, 0.3600000000000000977 ) ;
#4088 = DIRECTION ( 'NONE',  ( -0.0000000000000000000, 0.0000000000000000000, -1.000000000000000000 ) ) ;
#4089 = UNCERTAINTY_MEASURE_WITH_UNIT (LENGTH_MEASURE( 1.000000000000000082E-05 ), #101, 'distance_accuracy_value', 'NONE');
#4090 = CARTESIAN_POINT ( 'NONE',  ( 0.0000000000000000000, 0.0000000000000000000, 0.0000000000000000000 ) ) ;
#4091 =( NAMED_UNIT ( * ) SI_UNIT ( $, .STERADIAN. ) SOLID_ANGLE_UNIT ( ) );
#4092 = CARTESIAN_POINT ( 'NONE',  ( -2.291000000000000814, 1.550000000000000266, 2.749961872679993036 ) ) ;
#4093 = MECHANICAL_DESIGN_GEOMETRIC_PRESENTATION_REPRESENTATION (  '', ( #4342 ), #340 ) ;
#4094 = ORIENTED_EDGE ( 'NONE', *, *, #846, .F. ) ;
#4095 = CARTESIAN_POINT ( 'NONE',  ( 12.59524414132858894, 0.3286239326108429948, -3.982470904823191216 ) ) ;
#4096 = UNCERTAINTY_MEASURE_WITH_UNIT (LENGTH_MEASURE( 1.000000000000000082E-05 ), #3893, 'distance_accuracy_value', 'NONE');
#4097 = PRODUCT_DEFINITION ( 'UNKNOWN', '', #2960, #1193 ) ;
#4098 = EDGE_CURVE ( 'NONE', #788, #3230, #3289, .T. ) ;
#4099 = EDGE_LOOP ( 'NONE', ( #3556, #4120, #956, #446 ) ) ;
#4100 = CARTESIAN_POINT ( 'NONE',  ( 12.49524414132859107, 0.0000000000000000000, 5.272214931251217429 ) ) ;
#4101 = VECTOR ( 'NONE', #3499, 1000.000000000000000 ) ;
#4102 = LINE ( 'NONE', #2616, #452 ) ;
#4103 = SURFACE_SIDE_STYLE ('',( #321 ) ) ;
#4104 = CARTESIAN_POINT ( 'NONE',  ( 2.289999999999999147, 0.0000000000000000000, 3.249999999999999112 ) ) ;
#4105 = CARTESIAN_POINT ( 'NONE',  ( 12.59524414132858894, 1.971469307523565195, -3.399733716353602997 ) ) ;
#4106 = COLOUR_RGB ( '',0.7450980392156862919, 0.7372549019607843590, 0.7294117647058823151 ) ;
#4107 = EDGE_CURVE ( 'NONE', #2884, #2319, #1082, .T. ) ;
#4108 = CARTESIAN_POINT ( 'NONE',  ( 12.29524414132859000, 1.902845374912722098, -4.105737532503618503 ) ) ;
#4109 = DIRECTION ( 'NONE',  ( -1.000000000000000000, -0.0000000000000000000, 0.0000000000000000000 ) ) ;
#4110 = ORIENTED_EDGE ( 'NONE', *, *, #3618, .T. ) ;
#4111 = CYLINDRICAL_SURFACE ( 'NONE', #633, 0.1000000000000002554 ) ;
#4112 = CARTESIAN_POINT ( 'NONE',  ( 2.152678146720505836, -1.602088288260771431, -3.112678146720505357 ) ) ;
#4113 = ORIENTED_EDGE ( 'NONE', *, *, #2359, .F. ) ;
#4114 = DIRECTION ( 'NONE',  ( -1.000000000000000000, 0.0000000000000000000, -0.0000000000000000000 ) ) ;
#4115 = DIRECTION ( 'NONE',  ( 0.0000000000000000000, 0.9961946980917455452, 0.08715574274765734708 ) ) ;
#4116 = FILL_AREA_STYLE ('',( #3056 ) ) ;
#4117 = CARTESIAN_POINT ( 'NONE',  ( 12.09524414132859249, 0.2600000000000000644, 5.272214931251217429 ) ) ;
#4118 = CARTESIAN_POINT ( 'NONE',  ( 12.59524414132858894, 0.3599999999999999867, -4.341100996136219692 ) ) ;
#4119 =( NAMED_UNIT ( * ) PLANE_ANGLE_UNIT ( ) SI_UNIT ( $, .RADIAN. ) );
#4120 = ORIENTED_EDGE ( 'NONE', *, *, #1570, .T. ) ;
#4121 = DIRECTION ( 'NONE',  ( 0.0000000000000000000, 0.0000000000000000000, -1.000000000000000000 ) ) ;
#4122 = CARTESIAN_POINT ( 'NONE',  ( 12.28524414132859022, 0.2600000000000000089, 4.272214931251218317 ) ) ;
#4123 = FILL_AREA_STYLE ('',( #3366 ) ) ;
#4124 = ADVANCED_FACE ( 'NONE', ( #688 ), #2219, .F. ) ;
#4125 = AXIS2_PLACEMENT_3D ( 'NONE', #771, #3779, #356 ) ;
#4126 = LINE ( 'NONE', #4079, #1888 ) ;
#4127 = CARTESIAN_POINT ( 'NONE',  ( 12.29524414132859000, 1.971469307523565195, -3.749733716353603086 ) ) ;
#4128 = EDGE_CURVE ( 'NONE', #1929, #2728, #777, .T. ) ;
#4129 = PRESENTATION_STYLE_ASSIGNMENT (( #1831 ) ) ;
#4130 = ORIENTED_EDGE ( 'NONE', *, *, #1669, .F. ) ;
#4131 = UNCERTAINTY_MEASURE_WITH_UNIT (LENGTH_MEASURE( 1.000000000000000082E-05 ), #3785, 'distance_accuracy_value', 'NONE');
#4132 = LINE ( 'NONE', #715, #4077 ) ;
#4133 = VECTOR ( 'NONE', #1365, 1000.000000000000000 ) ;
#4134 = EDGE_CURVE ( 'NONE', #4379, #3216, #808, .T. ) ;
#4135 = ORIENTED_EDGE ( 'NONE', *, *, #2442, .T. ) ;
#4136 = SURFACE_STYLE_USAGE ( .BOTH. , #4579 ) ;
#4137 = MECHANICAL_DESIGN_GEOMETRIC_PRESENTATION_REPRESENTATION (  '', ( #2409 ), #3413 ) ;
#4138 =( LENGTH_UNIT ( ) NAMED_UNIT ( * ) SI_UNIT ( .MILLI., .METRE. ) );
#4139 = CARTESIAN_POINT ( 'NONE',  ( 12.59524414132858894, 0.3599999999999999867, 4.341100996136219692 ) ) ;
#4140 = CARTESIAN_POINT ( 'NONE',  ( 12.89524414132859320, 1.871469307523565107, -3.747107441190590027 ) ) ;
#4141 = STYLED_ITEM ( 'NONE', ( #2078 ), #3854 ) ;
#4142 = ORIENTED_EDGE ( 'NONE', *, *, #539, .F. ) ;
#4143 = PRESENTATION_LAYER_ASSIGNMENT (  '', '', ( #3509 ) ) ;
#4144 = PRESENTATION_LAYER_ASSIGNMENT (  '', '', ( #1071 ) ) ;
#4145 = LINE ( 'NONE', #294, #906 ) ;
#4146 = FACE_OUTER_BOUND ( 'NONE', #4614, .T. ) ;
#4147 =( NAMED_UNIT ( * ) SI_UNIT ( $, .STERADIAN. ) SOLID_ANGLE_UNIT ( ) );
#4148 = CARTESIAN_POINT ( 'NONE',  ( 12.89524414132858965, 1.902845374912722098, 4.105737532503619391 ) ) ;
#4149 = DIRECTION ( 'NONE',  ( 0.0000000000000000000, 0.0000000000000000000, 1.000000000000000000 ) ) ;
#4150 = PRESENTATION_LAYER_ASSIGNMENT (  '', '', ( #4467 ) ) ;
#4151 = COLOUR_RGB ( '',0.7450980392156862919, 0.7372549019607843590, 0.7294117647058823151 ) ;
#4152 = ORIENTED_EDGE ( 'NONE', *, *, #3281, .F. ) ;
#4153 = SURFACE_STYLE_FILL_AREA ( #2642 ) ;
#4154 = CARTESIAN_POINT ( 'NONE',  ( 12.29524414132859178, 0.0000000000000000000, 4.341100996136219692 ) ) ;
#4155 = CARTESIAN_POINT ( 'NONE',  ( 12.89524414132859320, 1.971469307523565195, 3.749733716353603086 ) ) ;
#4156 = COLOUR_RGB ( '',0.7450980392156862919, 0.7372549019607843590, 0.7294117647058823151 ) ;
#4157 = SURFACE_STYLE_FILL_AREA ( #30 ) ;
#4158 = CARTESIAN_POINT ( 'NONE',  ( 12.29524414132859000, 0.3286239326108430503, -3.982470904823191216 ) ) ;
#4159 = AXIS2_PLACEMENT_3D ( 'NONE', #1995, #3089, #4291 ) ;
#4160 = ORIENTED_EDGE ( 'NONE', *, *, #510, .T. ) ;
#4161 = EDGE_CURVE ( 'NONE', #4419, #171, #1601, .T. ) ;
#4162 = STYLED_ITEM ( 'NONE', ( #774 ), #2975 ) ;
#4163 = DIRECTION ( 'NONE',  ( 0.0000000000000000000, -0.0000000000000000000, -1.000000000000000000 ) ) ;
#4164 = LINE ( 'NONE', #717, #1872 ) ;
#4165 = CARTESIAN_POINT ( 'NONE',  ( 2.171357675153836819, 1.384160456538574113, -3.131357675153835451 ) ) ;
#4166 = ADVANCED_FACE ( 'NONE', ( #2366 ), #3120, .T. ) ;
#4167 = PRODUCT ( 'Gullwing Pin_MIR_MIR', 'Gullwing Pin_MIR_MIR', '', ( #1447 ) ) ;
#4168 = LINE ( 'NONE', #4217, #189 ) ;
#4169 = ORIENTED_EDGE ( 'NONE', *, *, #2290, .T. ) ;
#4170 = CARTESIAN_POINT ( 'NONE',  ( 12.29524414132859000, 0.3512844257252341618, 4.241481526327046225 ) ) ;
#4171 =( LENGTH_UNIT ( ) NAMED_UNIT ( * ) SI_UNIT ( .MILLI., .METRE. ) );
#4172 = DIRECTION ( 'NONE',  ( 0.0000000000000000000, 0.0000000000000000000, 1.000000000000000000 ) ) ;
#4173 =( NAMED_UNIT ( * ) SI_UNIT ( $, .STERADIAN. ) SOLID_ANGLE_UNIT ( ) );
#4174 = ORIENTED_EDGE ( 'NONE', *, *, #1807, .F. ) ;
#4175 = STYLED_ITEM ( 'NONE', ( #2232 ), #3397 ) ;
#4176 = SHAPE_REPRESENTATION ( 'Gullwing Pin_MIR1', ( #2178 ), #2805 ) ;
#4177 = DIRECTION ( 'NONE',  ( -1.000000000000000000, -0.0000000000000000000, 0.0000000000000000000 ) ) ;
#4178 = CARTESIAN_POINT ( 'NONE',  ( 12.29524414132859178, 0.0000000000000000000, 4.351100996136220367 ) ) ;
#4179 = VECTOR ( 'NONE', #2690, 1000.000000000000000 ) ;
#4180 = CARTESIAN_POINT ( 'NONE',  ( 12.28524414132859022, 0.2600000000000000089, 4.351100996136220367 ) ) ;
#4181 = VERTEX_POINT ( 'NONE', #4165 ) ;
#4182 = FACE_OUTER_BOUND ( 'NONE', #3042, .T. ) ;
#4183 = VERTEX_POINT ( 'NONE', #2756 ) ;
#4184 = PRESENTATION_STYLE_ASSIGNMENT (( #825 ) ) ;
#4185 = AXIS2_PLACEMENT_3D ( 'NONE', #4366, #3945, #4734 ) ;
#4186 =( NAMED_UNIT ( * ) PLANE_ANGLE_UNIT ( ) SI_UNIT ( $, .RADIAN. ) );
#4187 = FILL_AREA_STYLE_COLOUR ( '', #2574 ) ;
#4188 = VERTEX_POINT ( 'NONE', #1230 ) ;
#4189 =( NAMED_UNIT ( * ) PLANE_ANGLE_UNIT ( ) SI_UNIT ( $, .RADIAN. ) );
#4191 = EDGE_CURVE ( 'NONE', #788, #2113, #3846, .T. ) ;
#4190 = STYLED_ITEM ( 'NONE', ( #4610 ), #4166 ) ;
#4192 = ORIENTED_EDGE ( 'NONE', *, *, #3135, .T. ) ;
#4193 =( NAMED_UNIT ( * ) SI_UNIT ( $, .STERADIAN. ) SOLID_ANGLE_UNIT ( ) );
#4194 = AXIS2_PLACEMENT_3D ( 'NONE', #2283, #3721, #1121 ) ;
#4195 = LINE ( 'NONE', #3541, #662 ) ;
#4196 = EDGE_CURVE ( 'NONE', #3462, #2712, #2312, .T. ) ;
#4197 =( NAMED_UNIT ( * ) PLANE_ANGLE_UNIT ( ) SI_UNIT ( $, .RADIAN. ) );
#4198 = VERTEX_POINT ( 'NONE', #3811 ) ;
#4199 = SURFACE_STYLE_USAGE ( .BOTH. , #3029 ) ;
#4200 = CYLINDRICAL_SURFACE ( 'NONE', #1158, 0.1000000000000002554 ) ;
#4201 = EDGE_CURVE ( 'NONE', #2813, #3320, #1969, .T. ) ;
#4202 = VERTEX_POINT ( 'NONE', #3409 ) ;
#4203 = DIRECTION ( 'NONE',  ( 0.0000000000000000000, 0.0000000000000000000, 1.000000000000000000 ) ) ;
#4204 = UNCERTAINTY_MEASURE_WITH_UNIT (LENGTH_MEASURE( 1.000000000000000082E-05 ), #3876, 'distance_accuracy_value', 'NONE');
#4205 = FACE_OUTER_BOUND ( 'NONE', #1227, .T. ) ;
#4206 = ORIENTED_EDGE ( 'NONE', *, *, #4486, .T. ) ;
#4207 = CARTESIAN_POINT ( 'NONE',  ( 11.69524414132859036, 0.0000000000000000000, -4.272214931251218317 ) ) ;
#4208 = ORIENTED_EDGE ( 'NONE', *, *, #3127, .F. ) ;
#4209 = VECTOR ( 'NONE', #1225, 1000.000000000000000 ) ;
#4210 = PLANE ( 'NONE',  #4125 ) ;
#4211 = MECHANICAL_DESIGN_GEOMETRIC_PRESENTATION_REPRESENTATION (  '', ( #2006 ), #2318 ) ;
#4212 = EDGE_LOOP ( 'NONE', ( #4253, #2888, #2781, #3853 ) ) ;
#4213 = DIRECTION ( 'NONE',  ( -1.000000000000000000, 0.0000000000000000000, 0.0000000000000000000 ) ) ;
#4214 = CARTESIAN_POINT ( 'NONE',  ( 2.289999999999999147, 0.0000000000000000000, 3.250000000000000444 ) ) ;
#4215 = COLOUR_RGB ( '',0.7450980392156862919, 0.7372549019607843590, 0.7294117647058823151 ) ;
#4216 = LINE ( 'NONE', #1286, #2188 ) ;
#4217 = CARTESIAN_POINT ( 'NONE',  ( 12.59524414132858894, 0.3512844257252340507, -4.241481526327046225 ) ) ;
#4218 = VERTEX_POINT ( 'NONE', #1258 ) ;
#4219 = EDGE_CURVE ( 'NONE', #2113, #416, #4564, .T. ) ;
#4220 = ADVANCED_FACE ( 'NONE', ( #3443 ), #1574, .F. ) ;
#4221 = DIRECTION ( 'NONE',  ( 0.0000000000000000000, -0.0000000000000000000, -1.000000000000000000 ) ) ;
#4222 = FACE_OUTER_BOUND ( 'NONE', #3896, .T. ) ;
#4223 = SURFACE_STYLE_USAGE ( .BOTH. , #2709 ) ;
#4224 = COLOUR_RGB ( '',0.7921568627450980005, 0.8196078431372548767, 0.9333333333333333481 ) ;
#4225 = DIRECTION ( 'NONE',  ( 0.0000000000000000000, 0.0000000000000000000, 1.000000000000000000 ) ) ;
#4226 = FACE_OUTER_BOUND ( 'NONE', #1718, .T. ) ;
#4227 = SURFACE_SIDE_STYLE ('',( #105 ) ) ;
#4228 = ADVANCED_FACE ( 'NONE', ( #2238 ), #1098, .T. ) ;
#4229 = MECHANICAL_DESIGN_GEOMETRIC_PRESENTATION_REPRESENTATION (  '', ( #4141 ), #1708 ) ;
#4230 = CARTESIAN_POINT ( 'NONE',  ( 12.29524414132859000, 1.971469307523565195, -3.399733716353602997 ) ) ;
#4231 = LINE ( 'NONE', #159, #2102 ) ;
#4232 = CARTESIAN_POINT ( 'NONE',  ( 13.56524414132858958, -2.101469307523564201, 0.2722149312512179842 ) ) ;
#4233 = COLOUR_RGB ( '',0.7450980392156862919, 0.7372549019607843590, 0.7294117647058823151 ) ;
#4234 =( LENGTH_UNIT ( ) NAMED_UNIT ( * ) SI_UNIT ( .MILLI., .METRE. ) );
#4235 =( GEOMETRIC_REPRESENTATION_CONTEXT ( 3 ) GLOBAL_UNCERTAINTY_ASSIGNED_CONTEXT ( ( #417 ) ) GLOBAL_UNIT_ASSIGNED_CONTEXT ( ( #3589, #3237, #3619 ) ) REPRESENTATION_CONTEXT ( 'NONE', 'WORKASPACE' ) );
#4236 = ORIENTED_EDGE ( 'NONE', *, *, #1835, .T. ) ;
#4237 = AXIS2_PLACEMENT_3D ( 'NONE', #2040, #384, #465 ) ;
#4238 = CIRCLE ( 'NONE', #2344, 0.09999999999999896472 ) ;
#4239 = CARTESIAN_POINT ( 'NONE',  ( 12.89524414132858965, 1.902845374912722098, 4.105737532503618503 ) ) ;
#4240 = SURFACE_SIDE_STYLE ('',( #3460 ) ) ;
#4241 = ORIENTED_EDGE ( 'NONE', *, *, #2386, .T. ) ;
#4242 = ORIENTED_EDGE ( 'NONE', *, *, #2052, .T. ) ;
#4243 = CARTESIAN_POINT ( 'NONE',  ( 12.59524414132858894, 1.880184881798330432, -3.846726910999764826 ) ) ;
#4244 = AXIS2_PLACEMENT_3D ( 'NONE', #1228, #1968, #1648 ) ;
#4245 = VECTOR ( 'NONE', #328, 1000.000000000000000 ) ;
#4246 = DIRECTION ( 'NONE',  ( 1.000000000000000000, 0.0000000000000000000, 0.0000000000000000000 ) ) ;
#4247 = ORIENTED_EDGE ( 'NONE', *, *, #2751, .T. ) ;
#4248 = CARTESIAN_POINT ( 'NONE',  ( 12.89524414132858965, 0.0000000000000000000, 4.272214931251218317 ) ) ;
#4249 = FACE_OUTER_BOUND ( 'NONE', #4753, .T. ) ;
#4250 = DIRECTION ( 'NONE',  ( -1.000000000000000000, -4.951616000000000261E-17, -3.592136000000000158E-16 ) ) ;
#4251 =( NAMED_UNIT ( * ) PLANE_ANGLE_UNIT ( ) SI_UNIT ( $, .RADIAN. ) );
#4252 = PRESENTATION_STYLE_ASSIGNMENT (( #4593 ) ) ;
#4253 = ORIENTED_EDGE ( 'NONE', *, *, #3579, .T. ) ;
#4254 = DIRECTION ( 'NONE',  ( 0.0000000000000000000, 0.0000000000000000000, -1.000000000000000000 ) ) ;
#4255 = ADVANCED_FACE ( 'NONE', ( #3775 ), #3702, .F. ) ;
#4256 = SURFACE_STYLE_USAGE ( .BOTH. , #2061 ) ;
#4257 = DIRECTION ( 'NONE',  ( 0.0000000000000000000, -0.9961946980917455452, 0.08715574274765795770 ) ) ;
#4258 =( LENGTH_UNIT ( ) NAMED_UNIT ( * ) SI_UNIT ( .MILLI., .METRE. ) );
#4259 = ITEM_DEFINED_TRANSFORMATION ( 'NONE', 'NONE', #4069,  #2178 ) ;
#4260 = SURFACE_STYLE_USAGE ( .BOTH. , #3802 ) ;
#4261 = ORIENTED_EDGE ( 'NONE', *, *, #1575, .T. ) ;
#4262 = DIRECTION ( 'NONE',  ( 0.0000000000000000000, -1.000000000000000000, -0.0000000000000000000 ) ) ;
#4263 = ORIENTED_EDGE ( 'NONE', *, *, #872, .T. ) ;
#4264 = CARTESIAN_POINT ( 'NONE',  ( 12.89524414132859143, 1.971469307523564751, 3.747107441190590471 ) ) ;
#4265 = ORIENTED_EDGE ( 'NONE', *, *, #4107, .F. ) ;
#4266 =( NAMED_UNIT ( * ) PLANE_ANGLE_UNIT ( ) SI_UNIT ( $, .RADIAN. ) );
#4267 = MECHANICAL_DESIGN_GEOMETRIC_PRESENTATION_REPRESENTATION (  '', ( #1108 ), #537 ) ;
#4268 =( NAMED_UNIT ( * ) SI_UNIT ( $, .STERADIAN. ) SOLID_ANGLE_UNIT ( ) );
#4269 = CARTESIAN_POINT ( 'NONE',  ( 12.89524414132858965, 2.231469307523564982, 3.399733716353602997 ) ) ;
#4270 = AXIS2_PLACEMENT_3D ( 'NONE', #1170, #1122, #326 ) ;
#4271 = FACE_OUTER_BOUND ( 'NONE', #1785, .T. ) ;
#4272 = SURFACE_STYLE_FILL_AREA ( #1239 ) ;
#4273 =( LENGTH_UNIT ( ) NAMED_UNIT ( * ) SI_UNIT ( .MILLI., .METRE. ) );
#4274 = CARTESIAN_POINT ( 'NONE',  ( 12.89524414132858965, 0.0000000000000000000, -4.272214931251218317 ) ) ;
#4275 = COLOUR_RGB ( '',0.7450980392156862919, 0.7372549019607843590, 0.7294117647058823151 ) ;
#4276 = FILL_AREA_STYLE_COLOUR ( '', #2652 ) ;
#4277 = ORIENTED_EDGE ( 'NONE', *, *, #1774, .F. ) ;
#4278 = CARTESIAN_POINT ( 'NONE',  ( 11.69524414132859214, 0.2600000000000000644, 4.872214931251217962 ) ) ;
#4279 = VECTOR ( 'NONE', #1724, 1000.000000000000114 ) ;
#4280 =( NAMED_UNIT ( * ) PLANE_ANGLE_UNIT ( ) SI_UNIT ( $, .RADIAN. ) );
#4281 = CARTESIAN_POINT ( 'NONE',  ( 12.89524414132858965, 0.0000000000000000000, -4.872214931251217962 ) ) ;
#4282 = CLOSED_SHELL ( 'NONE', ( #555, #3072, #4220, #4255, #1180, #904, #39, #2147, #735, #1003, #475, #4294, #3676, #1723, #2780, #769, #2091, #2391, #1335, #1651 ) ) ;
#4283 = EDGE_LOOP ( 'NONE', ( #902, #218, #3890, #4566 ) ) ;
#4284 = VERTEX_POINT ( 'NONE', #804 ) ;
#4285 = PLANE ( 'NONE',  #292 ) ;
#4286 = DIRECTION ( 'NONE',  ( -0.0000000000000000000, -0.0000000000000000000, 1.000000000000000000 ) ) ;
#4287 = MECHANICAL_DESIGN_GEOMETRIC_PRESENTATION_REPRESENTATION (  '', ( #4440 ), #1523 ) ;
#4288 = EDGE_CURVE ( 'NONE', #674, #290, #4317, .T. ) ;
#4289 = EDGE_CURVE ( 'NONE', #4894, #628, #2660, .T. ) ;
#4290 = VERTEX_POINT ( 'NONE', #4084 ) ;
#4291 = DIRECTION ( 'NONE',  ( 0.0000000000000000000, -0.9961946980917455452, 0.08715574274765795770 ) ) ;
#4292 = ORIENTED_EDGE ( 'NONE', *, *, #1078, .T. ) ;
#4293 = STYLED_ITEM ( 'NONE', ( #1475 ), #341 ) ;
#4294 = ADVANCED_FACE ( 'NONE', ( #3353 ), #1050, .T. ) ;
#4295 = SURFACE_STYLE_USAGE ( .BOTH. , #478 ) ;
#4296 = DIRECTION ( 'NONE',  ( -1.000000000000000000, 0.0000000000000000000, -0.0000000000000000000 ) ) ;
#4297 =( NAMED_UNIT ( * ) PLANE_ANGLE_UNIT ( ) SI_UNIT ( $, .RADIAN. ) );
#4298 = FILL_AREA_STYLE ('',( #3857 ) ) ;
#4299 = DIRECTION ( 'NONE',  ( 0.7071067811865474617, 0.0000000000000000000, -0.7071067811865474617 ) ) ;
#4300 = PRESENTATION_LAYER_ASSIGNMENT (  '', '', ( #2329 ) ) ;
#4301 = DIRECTION ( 'NONE',  ( 1.000000000000000000, 4.951616000000000261E-17, 3.592136000000000158E-16 ) ) ;
#4302 = VERTEX_POINT ( 'NONE', #879 ) ;
#4303 =( NAMED_UNIT ( * ) SI_UNIT ( $, .STERADIAN. ) SOLID_ANGLE_UNIT ( ) );
#4304 = COLOUR_RGB ( '',0.7450980392156862919, 0.7372549019607843590, 0.7294117647058823151 ) ;
#4305 = UNCERTAINTY_MEASURE_WITH_UNIT (LENGTH_MEASURE( 1.000000000000000082E-05 ), #4930, 'distance_accuracy_value', 'NONE');
#4306 = PRESENTATION_STYLE_ASSIGNMENT (( #3501 ) ) ;
#4307 = CARTESIAN_POINT ( 'NONE',  ( 12.89524414132858965, 0.0000000000000000000, 5.272214931251218317 ) ) ;
#4308 =( NAMED_UNIT ( * ) SI_UNIT ( $, .STERADIAN. ) SOLID_ANGLE_UNIT ( ) );
#4309 = MECHANICAL_DESIGN_GEOMETRIC_PRESENTATION_REPRESENTATION (  '', ( #1542 ), #2105 ) ;
#4310 = ORIENTED_EDGE ( 'NONE', *, *, #2592, .F. ) ;
#4311 =( NAMED_UNIT ( * ) PLANE_ANGLE_UNIT ( ) SI_UNIT ( $, .RADIAN. ) );
#4312 = EDGE_LOOP ( 'NONE', ( #3536, #3513, #2246, #1645, #857, #2437, #3915, #3469, #3408, #3014, #1974, #474 ) ) ;
#4313 = SURFACE_STYLE_USAGE ( .BOTH. , #65 ) ;
#4314 = COLOUR_RGB ( '',0.7450980392156862919, 0.7372549019607843590, 0.7294117647058823151 ) ;
#4315 = PRODUCT_DEFINITION_CONTEXT ( 'detailed design', #4586, 'design' ) ;
#4316 = AXIS2_PLACEMENT_3D ( 'NONE', #3176, #3152, #2031 ) ;
#4317 = LINE ( 'NONE', #2825, #1428 ) ;
#4318 = ORIENTED_EDGE ( 'NONE', *, *, #4128, .F. ) ;
#4319 = CARTESIAN_POINT ( 'NONE',  ( 12.89524414132858965, 0.2600000000000000089, -5.272214931251218317 ) ) ;
#4320 = VECTOR ( 'NONE', #1416, 1000.000000000000000 ) ;
#4321 = ORIENTED_EDGE ( 'NONE', *, *, #4013, .T. ) ;
#4322 = ADVANCED_FACE ( 'NONE', ( #470 ), #3508, .F. ) ;
#4323 = SURFACE_SIDE_STYLE ('',( #3848 ) ) ;
#4324 = PRESENTATION_LAYER_ASSIGNMENT (  '', '', ( #3598 ) ) ;
#4325 = FILL_AREA_STYLE_COLOUR ( '', #1327 ) ;
#4326 = AXIS2_PLACEMENT_3D ( 'NONE', #1971, #1948, #3122 ) ;
#4327 = EDGE_CURVE ( 'NONE', #466, #2659, #410, .T. ) ;
#4328 = COLOUR_RGB ( '',0.7450980392156862919, 0.7372549019607843590, 0.7294117647058823151 ) ;
#4329 =( LENGTH_UNIT ( ) NAMED_UNIT ( * ) SI_UNIT ( .MILLI., .METRE. ) );
#4330 = CARTESIAN_POINT ( 'NONE',  ( 12.29524414132859000, 0.2600000000000000089, -4.351100996136220367 ) ) ;
#4331 = ORIENTED_EDGE ( 'NONE', *, *, #2863, .F. ) ;
#4332 = CARTESIAN_POINT ( 'NONE',  ( 12.29524414132859178, 0.2600000000000000089, 4.772214931251219205 ) ) ;
#4333 = SURFACE_SIDE_STYLE ('',( #1271 ) ) ;
#4334 = CONTEXT_DEPENDENT_SHAPE_REPRESENTATION ( #3403, #2361 ) ;
#4335 = DIRECTION ( 'NONE',  ( -1.000000000000000000, 0.0000000000000000000, -0.0000000000000000000 ) ) ;
#4336 = LINE ( 'NONE', #951, #3522 ) ;
#4337 = EDGE_LOOP ( 'NONE', ( #386, #1275, #17, #4454 ) ) ;
#4338 = DIRECTION ( 'NONE',  ( -0.0000000000000000000, 0.0000000000000000000, 1.000000000000000000 ) ) ;
#4339 = CARTESIAN_POINT ( 'NONE',  ( 12.89524414132858965, 1.871469307523565107, 3.747107441190590027 ) ) ;
#4340 = ORIENTED_EDGE ( 'NONE', *, *, #3923, .T. ) ;
#4341 =( REPRESENTATION_RELATIONSHIP ('NONE','NONE', #4463, #4685 ) REPRESENTATION_RELATIONSHIP_WITH_TRANSFORMATION ( #493 )SHAPE_REPRESENTATION_RELATIONSHIP( ) );
#4342 = STYLED_ITEM ( 'NONE', ( #3395 ), #3488 ) ;
#4343 = DIRECTION ( 'NONE',  ( 0.0000000000000000000, -1.000000000000000000, 0.0000000000000000000 ) ) ;
#4344 = EDGE_CURVE ( 'NONE', #2473, #2296, #3800, .T. ) ;
#4345 = VECTOR ( 'NONE', #379, 1000.000000000000000 ) ;
#4346 = DIRECTION ( 'NONE',  ( 0.0000000000000000000, -0.0000000000000000000, 1.000000000000000000 ) ) ;
#4347 = PLANE ( 'NONE',  #4073 ) ;
#4348 = EDGE_CURVE ( 'NONE', #179, #2212, #3772, .T. ) ;
#4349 = ORIENTED_EDGE ( 'NONE', *, *, #3985, .F. ) ;
#4350 = CARTESIAN_POINT ( 'NONE',  ( -2.188500532296694612, 1.184160456538574158, 3.148500532296693244 ) ) ;
#4351 = ORIENTED_EDGE ( 'NONE', *, *, #3191, .F. ) ;
#4352 = DIRECTION ( 'NONE',  ( 0.0000000000000000000, -0.0000000000000000000, 1.000000000000000000 ) ) ;
#4353 = CARTESIAN_POINT ( 'NONE',  ( 12.89524414132859143, 1.880184881798330210, -3.846726910999764382 ) ) ;
#4354 = SHAPE_DEFINITION_REPRESENTATION ( #1915, #4176 ) ;
#4355 = EDGE_CURVE ( 'NONE', #818, #3537, #4926, .T. ) ;
#4356 = PRESENTATION_STYLE_ASSIGNMENT (( #3186 ) ) ;
#4357 = DIRECTION ( 'NONE',  ( 0.0000000000000000000, -1.000000000000000000, 0.0000000000000000000 ) ) ;
#4358 = ORIENTED_EDGE ( 'NONE', *, *, #4830, .F. ) ;
#4359 = LINE ( 'NONE', #4749, #689 ) ;
#4360 = SURFACE_STYLE_FILL_AREA ( #116 ) ;
#4361 = VERTEX_POINT ( 'NONE', #2666 ) ;
#4362 = FILL_AREA_STYLE_COLOUR ( '', #1016 ) ;
#4363 = VECTOR ( 'NONE', #3177, 1000.000000000000000 ) ;
#4364 = CARTESIAN_POINT ( 'NONE',  ( 12.89524414132858965, 2.231469307523564982, -3.399733716353602997 ) ) ;
#4365 = FILL_AREA_STYLE ('',( #4325 ) ) ;
#4366 = CARTESIAN_POINT ( 'NONE',  ( 0.0000000000000000000, -1.750000000000000000, 0.0000000000000000000 ) ) ;
#4367 = PLANE ( 'NONE',  #1988 ) ;
#4368 = SURFACE_STYLE_FILL_AREA ( #3290 ) ;
#4369 = CARTESIAN_POINT ( 'NONE',  ( 11.89524414132859143, 0.2600000000000001199, 5.072214931251217251 ) ) ;
#4370 = MECHANICAL_DESIGN_GEOMETRIC_PRESENTATION_REPRESENTATION (  '', ( #4687 ), #2092 ) ;
#4371 = VERTEX_POINT ( 'NONE', #352 ) ;
#4372 = PRESENTATION_STYLE_ASSIGNMENT (( #4790 ) ) ;
#4373 = EDGE_CURVE ( 'NONE', #4198, #1940, #3380, .T. ) ;
#4374 = EDGE_CURVE ( 'NONE', #628, #766, #3081, .T. ) ;
#4375 = ORIENTED_EDGE ( 'NONE', *, *, #3129, .T. ) ;
#4376 = SURFACE_STYLE_FILL_AREA ( #2862 ) ;
#4377 = PLANE ( 'NONE',  #967 ) ;
#4378 = MECHANICAL_DESIGN_GEOMETRIC_PRESENTATION_REPRESENTATION (  '', ( #3101 ), #477 ) ;
#4379 = VERTEX_POINT ( 'NONE', #820 ) ;
#4380 = SURFACE_STYLE_FILL_AREA ( #3256 ) ;
#4381 = FILL_AREA_STYLE_COLOUR ( '', #55 ) ;
#4382 = EDGE_CURVE ( 'NONE', #1962, #3155, #3063, .T. ) ;
#4383 = CARTESIAN_POINT ( 'NONE',  ( 0.0000000000000000000, -1.750000000000000000, 2.732819015537133911 ) ) ;
#4384 = DIRECTION ( 'NONE',  ( 1.000000000000000000, 0.0000000000000000000, 0.0000000000000000000 ) ) ;
#4385 = ORIENTED_EDGE ( 'NONE', *, *, #2083, .T. ) ;
#4386 = DIRECTION ( 'NONE',  ( 0.0000000000000000000, 0.0000000000000000000, -1.000000000000000000 ) ) ;
#4387 = STYLED_ITEM ( 'NONE', ( #2840 ), #1415 ) ;
#4388 = COLOUR_RGB ( '',0.7921568627450980005, 0.8196078431372548767, 0.9333333333333333481 ) ;
#4389 = LINE ( 'NONE', #2851, #2022 ) ;
#4390 =( GEOMETRIC_REPRESENTATION_CONTEXT ( 3 ) GLOBAL_UNCERTAINTY_ASSIGNED_CONTEXT ( ( #1090 ) ) GLOBAL_UNIT_ASSIGNED_CONTEXT ( ( #1436, #2934, #2865 ) ) REPRESENTATION_CONTEXT ( 'NONE', 'WORKASPACE' ) );
#4391 =( NAMED_UNIT ( * ) SI_UNIT ( $, .STERADIAN. ) SOLID_ANGLE_UNIT ( ) );
#4392 = MECHANICAL_DESIGN_GEOMETRIC_PRESENTATION_REPRESENTATION (  '', ( #1011 ), #2266 ) ;
#4393 = VECTOR ( 'NONE', #2348, 1000.000000000000000 ) ;
#4394 = DIRECTION ( 'NONE',  ( -0.0000000000000000000, 0.0000000000000000000, -1.000000000000000000 ) ) ;
#4395 = AXIS2_PLACEMENT_3D ( 'NONE', #3393, #1044, #4049 ) ;
#4396 = UNCERTAINTY_MEASURE_WITH_UNIT (LENGTH_MEASURE( 1.000000000000000082E-05 ), #1899, 'distance_accuracy_value', 'NONE');
#4397 = ORIENTED_EDGE ( 'NONE', *, *, #3090, .T. ) ;
#4398 = UNCERTAINTY_MEASURE_WITH_UNIT (LENGTH_MEASURE( 1.000000000000000082E-05 ), #48, 'distance_accuracy_value', 'NONE');
#4399 =( NAMED_UNIT ( * ) SI_UNIT ( $, .STERADIAN. ) SOLID_ANGLE_UNIT ( ) );
#4400 = SURFACE_STYLE_FILL_AREA ( #1775 ) ;
#4401 = STYLED_ITEM ( 'NONE', ( #883 ), #3008 ) ;
#4402 = EDGE_CURVE ( 'NONE', #1689, #3505, #4878, .T. ) ;
#4403 = DIRECTION ( 'NONE',  ( 1.000000000000000000, 0.0000000000000000000, 0.0000000000000000000 ) ) ;
#4404 = PRESENTATION_STYLE_ASSIGNMENT (( #626 ) ) ;
#4405 = COLOUR_RGB ( '',0.7450980392156862919, 0.7372549019607843590, 0.7294117647058823151 ) ;
#4406 = EDGE_CURVE ( 'NONE', #525, #209, #2715, .T. ) ;
#4407 = ORIENTED_EDGE ( 'NONE', *, *, #4581, .T. ) ;
#4408 = SURFACE_SIDE_STYLE ('',( #3285 ) ) ;
#4409 = SURFACE_STYLE_USAGE ( .BOTH. , #1790 ) ;
#4410 = DIRECTION ( 'NONE',  ( 0.0000000000000000000, -0.0000000000000000000, -1.000000000000000000 ) ) ;
#4411 = DIRECTION ( 'NONE',  ( 0.0000000000000000000, 0.0000000000000000000, -1.000000000000000000 ) ) ;
#4412 = VECTOR ( 'NONE', #459, 1000.000000000000000 ) ;
#4413 =( NAMED_UNIT ( * ) PLANE_ANGLE_UNIT ( ) SI_UNIT ( $, .RADIAN. ) );
#4414 = MECHANICAL_DESIGN_GEOMETRIC_PRESENTATION_REPRESENTATION (  '', ( #2059 ), #1106 ) ;
#4415 = DIRECTION ( 'NONE',  ( 1.695577745606006492E-16, -1.453352353376580497E-17, -1.000000000000000000 ) ) ;
#4416 = VERTEX_POINT ( 'NONE', #4230 ) ;
#4417 = PRESENTATION_STYLE_ASSIGNMENT (( #3206 ) ) ;
#4418 = AXIS2_PLACEMENT_3D ( 'NONE', #3201, #2831, #4346 ) ;
#4419 = VERTEX_POINT ( 'NONE', #298 ) ;
#4420 = CARTESIAN_POINT ( 'NONE',  ( -1.290000000000000924, 10.43771546495395164, 1.609999999999998987 ) ) ;
#4421 = CARTESIAN_POINT ( 'NONE',  ( 12.29524414132859000, 2.231469307523564094, -4.099733716353602730 ) ) ;
#4422 = STYLED_ITEM ( 'NONE', ( #1883 ), #4220 ) ;
#4423 = PRESENTATION_STYLE_ASSIGNMENT (( #4821 ) ) ;
#4424 = ORIENTED_EDGE ( 'NONE', *, *, #2708, .T. ) ;
#4425 = LINE ( 'NONE', #1045, #3458 ) ;
#4426 = SURFACE_SIDE_STYLE ('',( #2208 ) ) ;
#4427 = CARTESIAN_POINT ( 'NONE',  ( 12.29524414132859000, 0.2600000000000000089, 4.351100996136220367 ) ) ;
#4428 = FACE_OUTER_BOUND ( 'NONE', #4841, .T. ) ;
#4429 = STYLED_ITEM ( 'NONE', ( #2371 ), #4715 ) ;
#4430 = UNCERTAINTY_MEASURE_WITH_UNIT (LENGTH_MEASURE( 1.000000000000000082E-05 ), #2332, 'distance_accuracy_value', 'NONE');
#4431 = EDGE_CURVE ( 'NONE', #3061, #1647, #1496, .T. ) ;
#4432 = FACE_OUTER_BOUND ( 'NONE', #1268, .T. ) ;
#4433 = EDGE_CURVE ( 'NONE', #3776, #1017, #3136, .T. ) ;
#4434 = SURFACE_STYLE_USAGE ( .BOTH. , #2918 ) ;
#4435 = CARTESIAN_POINT ( 'NONE',  ( 12.89524414132859143, 1.971469307523564751, -3.747107441190590471 ) ) ;
#4436 = COLOUR_RGB ( '',0.7450980392156862919, 0.7372549019607843590, 0.7294117647058823151 ) ;
#4437 = CARTESIAN_POINT ( 'NONE',  ( 12.29524414132859000, 0.3512844257252340507, -4.241481526327045337 ) ) ;
#4438 = EDGE_CURVE ( 'NONE', #2496, #1727, #1780, .T. ) ;
#4439 = DIRECTION ( 'NONE',  ( 0.0000000000000000000, 1.000000000000000000, -0.0000000000000000000 ) ) ;
#4440 = STYLED_ITEM ( 'NONE', ( #4489 ), #303 ) ;
#4441 = CARTESIAN_POINT ( 'NONE',  ( -2.157142857142856585, 1.550000000000000266, -3.250000000000001332 ) ) ;
#4442 = PRESENTATION_STYLE_ASSIGNMENT (( #1136 ) ) ;
#4443 = STYLED_ITEM ( 'NONE', ( #3840 ), #414 ) ;
#4444 = VERTEX_POINT ( 'NONE', #1983 ) ;
#4445 = SURFACE_STYLE_USAGE ( .BOTH. , #1459 ) ;
#4446 = DIRECTION ( 'NONE',  ( 1.000000000000000000, 0.0000000000000000000, 0.0000000000000000000 ) ) ;
#4447 = AXIS2_PLACEMENT_3D ( 'NONE', #4822, #1418, #977 ) ;
#4448 = ORIENTED_EDGE ( 'NONE', *, *, #2116, .T. ) ;
#4449 = DIRECTION ( 'NONE',  ( 0.0000000000000000000, -1.000000000000000000, 0.0000000000000000000 ) ) ;
#4450 = PRESENTATION_STYLE_ASSIGNMENT (( #1046 ) ) ;
#4451 = CARTESIAN_POINT ( 'NONE',  ( 12.09524414132859249, 0.0000000000000000000, -5.272214931251217429 ) ) ;
#4452 = COLOUR_RGB ( '',0.7450980392156862919, 0.7372549019607843590, 0.7294117647058823151 ) ;
#4453 = ORIENTED_EDGE ( 'NONE', *, *, #140, .F. ) ;
#4454 = ORIENTED_EDGE ( 'NONE', *, *, #4739, .F. ) ;
#4455 = SURFACE_SIDE_STYLE ('',( #4012 ) ) ;
#4456 = COLOUR_RGB ( '',0.7450980392156862919, 0.7372549019607843590, 0.7294117647058823151 ) ;
#4457 = DIRECTION ( 'NONE',  ( 1.000000000000000000, 0.0000000000000000000, 0.0000000000000000000 ) ) ;
#4458 = DIRECTION ( 'NONE',  ( -1.000000000000000000, 3.081226560489652748E-17, 3.521858074305425477E-16 ) ) ;
#4459 = ORIENTED_EDGE ( 'NONE', *, *, #1056, .T. ) ;
#4460 = EDGE_CURVE ( 'NONE', #1129, #4849, #549, .T. ) ;
#4461 = MECHANICAL_DESIGN_GEOMETRIC_PRESENTATION_REPRESENTATION (  '', ( #4624 ), #3925 ) ;
#4462 = DIRECTION ( 'NONE',  ( -1.000000000000000000, 1.031309306968041943E-17, -1.203194191462712663E-16 ) ) ;
#4463 = SHAPE_REPRESENTATION ( 'User Library-PC817_Gullwing', ( #2342, #3432, #4069, #2577, #3835, #3271 ), #2109 ) ;
#4464 = EDGE_CURVE ( 'NONE', #3386, #2884, #107, .T. ) ;
#4465 = PRESENTATION_LAYER_ASSIGNMENT (  '', '', ( #3116 ) ) ;
#4466 = VERTEX_POINT ( 'NONE', #848 ) ;
#4467 = STYLED_ITEM ( 'NONE', ( #1642 ), #2391 ) ;
#4468 = AXIS2_PLACEMENT_3D ( 'NONE', #1240, #52, #2446 ) ;
#4469 = ORIENTED_EDGE ( 'NONE', *, *, #4645, .T. ) ;
#4470 =( NAMED_UNIT ( * ) SI_UNIT ( $, .STERADIAN. ) SOLID_ANGLE_UNIT ( ) );
#4471 = DIRECTION ( 'NONE',  ( -0.0000000000000000000, -0.0000000000000000000, -1.000000000000000000 ) ) ;
#4472 = CARTESIAN_POINT ( 'NONE',  ( -1.290000000000000924, 1.749999999999999778, 1.609999999999998987 ) ) ;
#4473 = CARTESIAN_POINT ( 'NONE',  ( 12.29524414132859000, 0.3512844257252341618, 4.241481526327046225 ) ) ;
#4474 = EDGE_LOOP ( 'NONE', ( #4160, #3066, #3118, #4562 ) ) ;
#4475 = DIRECTION ( 'NONE',  ( 0.0000000000000000000, -1.000000000000000000, 0.0000000000000000000 ) ) ;
#4476 = AXIS2_PLACEMENT_3D ( 'NONE', #283, #4213, #3357 ) ;
#4477 = SURFACE_STYLE_USAGE ( .BOTH. , #1535 ) ;
#4478 =( NAMED_UNIT ( * ) SI_UNIT ( $, .STERADIAN. ) SOLID_ANGLE_UNIT ( ) );
#4479 = VECTOR ( 'NONE', #2285, 1000.000000000000000 ) ;
#4480 = EDGE_LOOP ( 'NONE', ( #1554, #4031, #11, #4 ) ) ;
#4481 = DIRECTION ( 'NONE',  ( 0.0000000000000000000, 0.0000000000000000000, 1.000000000000000000 ) ) ;
#4482 = FACE_OUTER_BOUND ( 'NONE', #4474, .T. ) ;
#4483 = ORIENTED_EDGE ( 'NONE', *, *, #1835, .F. ) ;
#4484 = DIRECTION ( 'NONE',  ( 0.0000000000000000000, 0.0000000000000000000, 1.000000000000000000 ) ) ;
#4485 =( LENGTH_UNIT ( ) NAMED_UNIT ( * ) SI_UNIT ( .MILLI., .METRE. ) );
#4486 = EDGE_CURVE ( 'NONE', #756, #3386, #1320, .T. ) ;
#4487 = DIRECTION ( 'NONE',  ( 0.0000000000000000000, -1.000000000000000000, -0.0000000000000000000 ) ) ;
#4488 = CARTESIAN_POINT ( 'NONE',  ( 12.29524414132859000, 0.9630741606473910421, -3.926963702298556402 ) ) ;
#4489 = PRESENTATION_STYLE_ASSIGNMENT (( #2976 ) ) ;
#4490 = PRESENTATION_LAYER_ASSIGNMENT (  '', '', ( #1729 ) ) ;
#4491 = VERTEX_POINT ( 'NONE', #897 ) ;
#4492 = UNCERTAINTY_MEASURE_WITH_UNIT (LENGTH_MEASURE( 1.000000000000000082E-05 ), #2058, 'distance_accuracy_value', 'NONE');
#4494 = EDGE_CURVE ( 'NONE', #2648, #3711, #2401, .T. ) ;
#4493 = AXIS2_PLACEMENT_3D ( 'NONE', #3062, #1190, #4203 ) ;
#4495 = CARTESIAN_POINT ( 'NONE',  ( 12.29524414132859178, 0.2600000000000000089, -4.772214931251219205 ) ) ;
#4496 = DIRECTION ( 'NONE',  ( 0.0000000000000000000, 0.0000000000000000000, -1.000000000000000000 ) ) ;
#4497 = ADVANCED_BREP_SHAPE_REPRESENTATION ( '', ( #2510, #2178 ), #83 ) ;
#4498 = DIRECTION ( 'NONE',  ( 0.0000000000000000000, -0.0000000000000000000, 1.000000000000000000 ) ) ;
#4499 = PRODUCT_DEFINITION_CONTEXT ( 'detailed design', #161, 'design' ) ;
#4500 = CARTESIAN_POINT ( 'NONE',  ( -2.290000000000000924, 0.0000000000000000000, 3.250000000000000444 ) ) ;
#4501 = DIRECTION ( 'NONE',  ( 0.0000000000000000000, 0.0000000000000000000, -1.000000000000000000 ) ) ;
#4502 = VERTEX_POINT ( 'NONE', #3158 ) ;
#4503 = STYLED_ITEM ( 'NONE', ( #3919 ), #4294 ) ;
#4504 = UNCERTAINTY_MEASURE_WITH_UNIT (LENGTH_MEASURE( 1.000000000000000082E-05 ), #4817, 'distance_accuracy_value', 'NONE');
#4505 = DIRECTION ( 'NONE',  ( 0.0000000000000000000, 0.0000000000000000000, 1.000000000000000000 ) ) ;
#4506 =( LENGTH_UNIT ( ) NAMED_UNIT ( * ) SI_UNIT ( .MILLI., .METRE. ) );
#4507 = DIRECTION ( 'NONE',  ( -0.0000000000000000000, 0.0000000000000000000, 1.000000000000000000 ) ) ;
#4508 = VERTEX_POINT ( 'NONE', #57 ) ;
#4509 = LINE ( 'NONE', #807, #1488 ) ;
#4510 = LINE ( 'NONE', #1405, #2066 ) ;
#4511 =( GEOMETRIC_REPRESENTATION_CONTEXT ( 3 ) GLOBAL_UNCERTAINTY_ASSIGNED_CONTEXT ( ( #2143 ) ) GLOBAL_UNIT_ASSIGNED_CONTEXT ( ( #4917, #698, #2227 ) ) REPRESENTATION_CONTEXT ( 'NONE', 'WORKASPACE' ) );
#4512 = PRESENTATION_STYLE_ASSIGNMENT (( #3381 ) ) ;
#4513 = DIRECTION ( 'NONE',  ( 0.08509140416960986331, -0.9927330486454493119, -0.08509140416961019637 ) ) ;
#4514 =( NAMED_UNIT ( * ) PLANE_ANGLE_UNIT ( ) SI_UNIT ( $, .RADIAN. ) );
#4515 = EDGE_LOOP ( 'NONE', ( #3494, #1194, #1306, #3178 ) ) ;
#4516 = LINE ( 'NONE', #2277, #1993 ) ;
#4517 =( NAMED_UNIT ( * ) PLANE_ANGLE_UNIT ( ) SI_UNIT ( $, .RADIAN. ) );
#4518 = CARTESIAN_POINT ( 'NONE',  ( -1.290000000000000924, 10.43771546495395164, 2.059999999999998721 ) ) ;
#4519 = SURFACE_SIDE_STYLE ('',( #3318 ) ) ;
#4520 = MECHANICAL_DESIGN_GEOMETRIC_PRESENTATION_REPRESENTATION (  '', ( #1686 ), #1838 ) ;
#4521 = ADVANCED_FACE ( 'NONE', ( #135 ), #2086, .F. ) ;
#4522 = FILL_AREA_STYLE_COLOUR ( '', #1345 ) ;
#4523 = PRESENTATION_STYLE_ASSIGNMENT (( #4902 ) ) ;
#4524 = DIRECTION ( 'NONE',  ( -0.0000000000000000000, 0.0000000000000000000, -1.000000000000000000 ) ) ;
#4525 = CARTESIAN_POINT ( 'NONE',  ( 12.29524414132858823, 1.971469307523564751, 3.747107441190590915 ) ) ;
#4526 =( GEOMETRIC_REPRESENTATION_CONTEXT ( 3 ) GLOBAL_UNCERTAINTY_ASSIGNED_CONTEXT ( ( #3491 ) ) GLOBAL_UNIT_ASSIGNED_CONTEXT ( ( #1466, #2282, #2985 ) ) REPRESENTATION_CONTEXT ( 'NONE', 'WORKASPACE' ) );
#4527 = SURFACE_SIDE_STYLE ('',( #1441 ) ) ;
#4528 = CARTESIAN_POINT ( 'NONE',  ( 12.89524414132858965, 1.971469307523565195, 3.399733716353602997 ) ) ;
#4529 = ADVANCED_FACE ( 'NONE', ( #201 ), #622, .F. ) ;
#4530 = VERTEX_POINT ( 'NONE', #1064 ) ;
#4531 = PRESENTATION_LAYER_ASSIGNMENT (  '', '', ( #2402 ) ) ;
#4532 =( NAMED_UNIT ( * ) SI_UNIT ( $, .STERADIAN. ) SOLID_ANGLE_UNIT ( ) );
#4533 = MECHANICAL_DESIGN_GEOMETRIC_PRESENTATION_REPRESENTATION (  '', ( #391 ), #2017 ) ;
#4534 = ORIENTED_EDGE ( 'NONE', *, *, #1357, .F. ) ;
#4535 = FILL_AREA_STYLE ('',( #1155 ) ) ;
#4536 = AXIS2_PLACEMENT_3D ( 'NONE', #4427, #2912, #1732 ) ;
#4537 = PRESENTATION_STYLE_ASSIGNMENT (( #1550 ) ) ;
#4538 = SURFACE_STYLE_USAGE ( .BOTH. , #1504 ) ;
#4539 = MECHANICAL_DESIGN_GEOMETRIC_PRESENTATION_REPRESENTATION (  '', ( #2800 ), #4059 ) ;
#4540 = STYLED_ITEM ( 'NONE', ( #706 ), #1244 ) ;
#4541 =( NAMED_UNIT ( * ) PLANE_ANGLE_UNIT ( ) SI_UNIT ( $, .RADIAN. ) );
#4542 = COLOUR_RGB ( '',0.7450980392156862919, 0.7372549019607843590, 0.7294117647058823151 ) ;
#4543 = EDGE_LOOP ( 'NONE', ( #1579, #3275, #2018, #3892 ) ) ;
#4544 = VECTOR ( 'NONE', #2792, 1000.000000000000000 ) ;
#4545 = SURFACE_SIDE_STYLE ('',( #3027 ) ) ;
#4546 = PRESENTATION_STYLE_ASSIGNMENT (( #4199 ) ) ;
#4547 = PRESENTATION_LAYER_ASSIGNMENT (  '', '', ( #4141 ) ) ;
#4548 = PRESENTATION_STYLE_ASSIGNMENT (( #2663 ) ) ;
#4549 = PRESENTATION_LAYER_ASSIGNMENT (  '', '', ( #589 ) ) ;
#4550 = VERTEX_POINT ( 'NONE', #4353 ) ;
#4551 = CARTESIAN_POINT ( 'NONE',  ( 12.29524414132858823, 1.902845374912722098, 4.105737532503618503 ) ) ;
#4552 = SURFACE_STYLE_USAGE ( .BOTH. , #4596 ) ;
#4553 = COLOUR_RGB ( '',0.7450980392156862919, 0.7372549019607843590, 0.7294117647058823151 ) ;
#4554 = VECTOR ( 'NONE', #3623, 1000.000000000000000 ) ;
#4555 = EDGE_CURVE ( 'NONE', #1250, #4491, #2202, .T. ) ;
#4556 = ORIENTED_EDGE ( 'NONE', *, *, #1830, .F. ) ;
#4557 = MECHANICAL_DESIGN_GEOMETRIC_PRESENTATION_REPRESENTATION (  '', ( #3604 ), #2350 ) ;
#4558 = ORIENTED_EDGE ( 'NONE', *, *, #4288, .T. ) ;
#4559 = FILL_AREA_STYLE ('',( #4909 ) ) ;
#4560 = DIRECTION ( 'NONE',  ( 1.000000000000000000, 0.0000000000000000000, 0.0000000000000000000 ) ) ;
#4561 = ADVANCED_FACE ( 'NONE', ( #998 ), #4377, .T. ) ;
#4562 = ORIENTED_EDGE ( 'NONE', *, *, #4733, .T. ) ;
#4563 =( NAMED_UNIT ( * ) SI_UNIT ( $, .STERADIAN. ) SOLID_ANGLE_UNIT ( ) );
#4564 = LINE ( 'NONE', #2679, #3074 ) ;
#4565 = SURFACE_SIDE_STYLE ('',( #2948 ) ) ;
#4566 = ORIENTED_EDGE ( 'NONE', *, *, #2424, .F. ) ;
#4567 =( LENGTH_UNIT ( ) NAMED_UNIT ( * ) SI_UNIT ( .MILLI., .METRE. ) );
#4568 = CARTESIAN_POINT ( 'NONE',  ( 12.29524414132859000, 0.3512844257252340507, -4.241481526327045337 ) ) ;
#4569 = CARTESIAN_POINT ( 'NONE',  ( -1.290000000000000924, 1.650000000000000355, 1.159999999999999032 ) ) ;
#4570 = MECHANICAL_DESIGN_GEOMETRIC_PRESENTATION_REPRESENTATION (  '', ( #1729 ), #2130 ) ;
#4571 = AXIS2_PLACEMENT_3D ( 'NONE', #3474, #3905, #4254 ) ;
#4572 = CARTESIAN_POINT ( 'NONE',  ( 12.29524414132859000, 1.871469307523565107, -3.747107441190590027 ) ) ;
#4573 = ORIENTED_EDGE ( 'NONE', *, *, #1660, .T. ) ;
#4574 = ORIENTED_EDGE ( 'NONE', *, *, #3135, .F. ) ;
#4575 = ADVANCED_FACE ( 'NONE', ( #2501 ), #4047, .T. ) ;
#4576 = SURFACE_STYLE_USAGE ( .BOTH. , #1568 ) ;
#4577 = PRESENTATION_LAYER_ASSIGNMENT (  '', '', ( #4660 ) ) ;
#4578 =( NAMED_UNIT ( * ) SI_UNIT ( $, .STERADIAN. ) SOLID_ANGLE_UNIT ( ) );
#4579 = SURFACE_SIDE_STYLE ('',( #3379 ) ) ;
#4580 = ORIENTED_EDGE ( 'NONE', *, *, #4464, .T. ) ;
#4581 = EDGE_CURVE ( 'NONE', #850, #2884, #4102, .T. ) ;
#4582 = EDGE_CURVE ( 'NONE', #3505, #1409, #4516, .T. ) ;
#4583 = CARTESIAN_POINT ( 'NONE',  ( 2.140000000000001457, -1.750000000000000222, -3.250000000000000444 ) ) ;
#4584 = COLOUR_RGB ( '',0.2705882352941176294, 0.2705882352941176294, 0.2705882352941176294 ) ;
#4585 = DIRECTION ( 'NONE',  ( 1.000000000000000000, -3.104640950778811161E-17, 3.548620844869660172E-16 ) ) ;
#4586 = APPLICATION_CONTEXT ( 'automotive_design' ) ;
#4587 =( GEOMETRIC_REPRESENTATION_CONTEXT ( 3 ) GLOBAL_UNCERTAINTY_ASSIGNED_CONTEXT ( ( #4504 ) ) GLOBAL_UNIT_ASSIGNED_CONTEXT ( ( #4817, #1460, #3603 ) ) REPRESENTATION_CONTEXT ( 'NONE', 'WORKASPACE' ) );
#4588 = VERTEX_POINT ( 'NONE', #2323 ) ;
#4589 = CYLINDRICAL_SURFACE ( 'NONE', #736, 1.500000000000000000 ) ;
#4590 = FILL_AREA_STYLE_COLOUR ( '', #4826 ) ;
#4591 = PLANE ( 'NONE',  #1784 ) ;
#4592 = LINE ( 'NONE', #4104, #3350 ) ;
#4593 = SURFACE_STYLE_USAGE ( .BOTH. , #1241 ) ;
#4594 = ORIENTED_EDGE ( 'NONE', *, *, #4402, .T. ) ;
#4595 = CARTESIAN_POINT ( 'NONE',  ( -2.157142857142857473, 1.549999999999999822, 2.968688790597357574 ) ) ;
#4596 = SURFACE_SIDE_STYLE ('',( #1192 ) ) ;
#4597 = FACE_OUTER_BOUND ( 'NONE', #2041, .T. ) ;
#4598 = CARTESIAN_POINT ( 'NONE',  ( 0.0000000000000000000, 0.0000000000000000000, 0.0000000000000000000 ) ) ;
#4599 =( GEOMETRIC_REPRESENTATION_CONTEXT ( 3 ) GLOBAL_UNCERTAINTY_ASSIGNED_CONTEXT ( ( #1981 ) ) GLOBAL_UNIT_ASSIGNED_CONTEXT ( ( #4836, #3715, #2658 ) ) REPRESENTATION_CONTEXT ( 'NONE', 'WORKASPACE' ) );
#4600 = SURFACE_SIDE_STYLE ('',( #1565 ) ) ;
#4601 = ORIENTED_EDGE ( 'NONE', *, *, #409, .F. ) ;
#4602 = FILL_AREA_STYLE ('',( #1300 ) ) ;
#4603 = ORIENTED_EDGE ( 'NONE', *, *, #4034, .F. ) ;
#4604 =( GEOMETRIC_REPRESENTATION_CONTEXT ( 3 ) GLOBAL_UNCERTAINTY_ASSIGNED_CONTEXT ( ( #4096 ) ) GLOBAL_UNIT_ASSIGNED_CONTEXT ( ( #3893, #4606, #142 ) ) REPRESENTATION_CONTEXT ( 'NONE', 'WORKASPACE' ) );
#4605 = PRODUCT_DEFINITION_SHAPE ( 'NONE', 'NONE',  #4947 ) ;
#4606 =( NAMED_UNIT ( * ) PLANE_ANGLE_UNIT ( ) SI_UNIT ( $, .RADIAN. ) );
#4607 =( LENGTH_UNIT ( ) NAMED_UNIT ( * ) SI_UNIT ( .MILLI., .METRE. ) );
#4608 = ORIENTED_EDGE ( 'NONE', *, *, #4613, .T. ) ;
#4609 = LINE ( 'NONE', #69, #2582 ) ;
#4610 = PRESENTATION_STYLE_ASSIGNMENT (( #71 ) ) ;
#4611 = AXIS2_PLACEMENT_3D ( 'NONE', #1528, #2637, #4842 ) ;
#4612 =( NAMED_UNIT ( * ) SI_UNIT ( $, .STERADIAN. ) SOLID_ANGLE_UNIT ( ) );
#4613 = EDGE_CURVE ( 'NONE', #2908, #686, #1876, .T. ) ;
#4614 = EDGE_LOOP ( 'NONE', ( #3646, #1951, #2383, #2069, #181, #1833, #1516, #1199, #280, #937 ) ) ;
#4615 = CARTESIAN_POINT ( 'NONE',  ( 12.89524414132858965, 0.3599999999999999867, -4.341100996136219692 ) ) ;
#4616 = LINE ( 'NONE', #840, #4393 ) ;
#4617 =( GEOMETRIC_REPRESENTATION_CONTEXT ( 3 ) GLOBAL_UNCERTAINTY_ASSIGNED_CONTEXT ( ( #3241 ) ) GLOBAL_UNIT_ASSIGNED_CONTEXT ( ( #2362, #4186, #1517 ) ) REPRESENTATION_CONTEXT ( 'NONE', 'WORKASPACE' ) );
#4618 = EDGE_CURVE ( 'NONE', #2473, #1222, #373, .T. ) ;
#4619 = DIRECTION ( 'NONE',  ( 0.0000000000000000000, -1.000000000000000000, -0.0000000000000000000 ) ) ;
#4620 = LINE ( 'NONE', #408, #2287 ) ;
#4621 = CARTESIAN_POINT ( 'NONE',  ( 12.89524414132858965, 0.0000000000000000000, 4.872214931251217962 ) ) ;
#4622 = SURFACE_STYLE_USAGE ( .BOTH. , #438 ) ;
#4623 = VECTOR ( 'NONE', #950, 1000.000000000000000 ) ;
#4624 = STYLED_ITEM ( 'NONE', ( #1847 ), #1512 ) ;
#4625 = ORIENTED_EDGE ( 'NONE', *, *, #3302, .T. ) ;
#4626 = ORIENTED_EDGE ( 'NONE', *, *, #188, .T. ) ;
#4627 = PRESENTATION_LAYER_ASSIGNMENT (  '', '', ( #4868 ) ) ;
#4628 = CARTESIAN_POINT ( 'NONE',  ( 12.89524414132858965, 0.2600000000000000644, 4.872214931251217962 ) ) ;
#4629 =( NAMED_UNIT ( * ) SI_UNIT ( $, .STERADIAN. ) SOLID_ANGLE_UNIT ( ) );
#4630 = EDGE_LOOP ( 'NONE', ( #2311, #1189, #876, #4888, #3140, #3272, #2363, #783, #3480, #3456 ) ) ;
#4631 = ORIENTED_EDGE ( 'NONE', *, *, #1506, .F. ) ;
#4632 = DIRECTION ( 'NONE',  ( 0.0000000000000000000, -0.08540114134643600474, 0.9963466490417509647 ) ) ;
#4633 = MECHANICAL_DESIGN_GEOMETRIC_PRESENTATION_REPRESENTATION (  '', ( #4162 ), #2741 ) ;
#4634 =( GEOMETRIC_REPRESENTATION_CONTEXT ( 3 ) GLOBAL_UNCERTAINTY_ASSIGNED_CONTEXT ( ( #4305 ) ) GLOBAL_UNIT_ASSIGNED_CONTEXT ( ( #4930, #1930, #2990 ) ) REPRESENTATION_CONTEXT ( 'NONE', 'WORKASPACE' ) );
#4635 = CARTESIAN_POINT ( 'NONE',  ( 11.89524414132859143, 0.0000000000000000000, -5.072214931251217251 ) ) ;
#4636 = UNCERTAINTY_MEASURE_WITH_UNIT (LENGTH_MEASURE( 1.000000000000000082E-05 ), #1295, 'distance_accuracy_value', 'NONE');
#4637 = EDGE_CURVE ( 'NONE', #4070, #4444, #3817, .T. ) ;
#4638 = ORIENTED_EDGE ( 'NONE', *, *, #3698, .T. ) ;
#4639 = FACE_BOUND ( 'NONE', #53, .T. ) ;
#4640 = CARTESIAN_POINT ( 'NONE',  ( 12.28524414132859022, 0.2600000000000000089, -4.351100996136220367 ) ) ;
#4641 =( NAMED_UNIT ( * ) PLANE_ANGLE_UNIT ( ) SI_UNIT ( $, .RADIAN. ) );
#4642 = SURFACE_STYLE_FILL_AREA ( #3885 ) ;
#4643 =( NAMED_UNIT ( * ) SI_UNIT ( $, .STERADIAN. ) SOLID_ANGLE_UNIT ( ) );
#4644 = UNCERTAINTY_MEASURE_WITH_UNIT (LENGTH_MEASURE( 1.000000000000000082E-05 ), #2080, 'distance_accuracy_value', 'NONE');
#4645 = EDGE_CURVE ( 'NONE', #2789, #4183, #403, .T. ) ;
#4646 = DIRECTION ( 'NONE',  ( 0.0000000000000000000, 1.000000000000000000, 0.0000000000000000000 ) ) ;
#4647 = CARTESIAN_POINT ( 'NONE',  ( 12.89524414132858965, 0.2600000000000000089, -4.272214931251218317 ) ) ;
#4648 = SURFACE_STYLE_FILL_AREA ( #803 ) ;
#4649 = DIRECTION ( 'NONE',  ( -0.7071067811865474617, -0.0000000000000000000, 0.7071067811865474617 ) ) ;
#4650 = ORIENTED_EDGE ( 'NONE', *, *, #4710, .T. ) ;
#4651 = CARTESIAN_POINT ( 'NONE',  ( 12.59524414132858894, 0.3286239326108429948, -3.982470904823191216 ) ) ;
#4652 = COLOUR_RGB ( '',0.2705882352941176294, 0.2705882352941176294, 0.2705882352941176294 ) ;
#4653 = VERTEX_POINT ( 'NONE', #3768 ) ;
#4654 = EDGE_CURVE ( 'NONE', #2309, #806, #2297, .T. ) ;
#4655 = DIRECTION ( 'NONE',  ( 0.08509140416960979392, 0.9927330486454493119, 0.08509140416961011311 ) ) ;
#4656 = LINE ( 'NONE', #557, #4056 ) ;
#4657 = ORIENTED_EDGE ( 'NONE', *, *, #4898, .F. ) ;
#4658 = DIRECTION ( 'NONE',  ( -0.0000000000000000000, -0.0000000000000000000, 1.000000000000000000 ) ) ;
#4659 = VERTEX_POINT ( 'NONE', #22 ) ;
#4660 = STYLED_ITEM ( 'NONE', ( #595 ), #3972 ) ;
#4661 = LINE ( 'NONE', #3660, #1935 ) ;
#4662 = AXIS2_PLACEMENT_3D ( 'NONE', #4180, #1537, #2186 ) ;
#4663 = PLANE ( 'NONE',  #4185 ) ;
#4664 = DIRECTION ( 'NONE',  ( 0.0000000000000000000, -0.0000000000000000000, 1.000000000000000000 ) ) ;
#4665 =( NAMED_UNIT ( * ) PLANE_ANGLE_UNIT ( ) SI_UNIT ( $, .RADIAN. ) );
#4666 = DIRECTION ( 'NONE',  ( -1.000000000000000000, 0.0000000000000000000, 0.0000000000000000000 ) ) ;
#4667 = SURFACE_SIDE_STYLE ('',( #3153 ) ) ;
#4668 = SURFACE_STYLE_FILL_AREA ( #54 ) ;
#4669 =( NAMED_UNIT ( * ) SI_UNIT ( $, .STERADIAN. ) SOLID_ANGLE_UNIT ( ) );
#4670 = CARTESIAN_POINT ( 'NONE',  ( 2.169821003863359188, 1.402088288260769922, 3.129821003863362705 ) ) ;
#4671 = PLANE ( 'NONE',  #1315 ) ;
#4672 = SHAPE_DEFINITION_REPRESENTATION ( #377, #3614 ) ;
#4673 = ADVANCED_FACE ( 'NONE', ( #4146 ), #2981, .F. ) ;
#4674 = PRESENTATION_STYLE_ASSIGNMENT (( #1590 ) ) ;
#4675 = MECHANICAL_DESIGN_GEOMETRIC_PRESENTATION_REPRESENTATION (  '', ( #3564 ), #367 ) ;
#4676 = ORIENTED_EDGE ( 'NONE', *, *, #3274, .F. ) ;
#4677 = FILL_AREA_STYLE ('',( #2460 ) ) ;
#4678 =( LENGTH_UNIT ( ) NAMED_UNIT ( * ) SI_UNIT ( .MILLI., .METRE. ) );
#4679 =( GEOMETRIC_REPRESENTATION_CONTEXT ( 3 ) GLOBAL_UNCERTAINTY_ASSIGNED_CONTEXT ( ( #845 ) ) GLOBAL_UNIT_ASSIGNED_CONTEXT ( ( #2198, #4738, #1342 ) ) REPRESENTATION_CONTEXT ( 'NONE', 'WORKASPACE' ) );
#4680 = EDGE_CURVE ( 'NONE', #603, #4074, #839, .T. ) ;
#4681 = ORIENTED_EDGE ( 'NONE', *, *, #2244, .T. ) ;
#4682 = SURFACE_SIDE_STYLE ('',( #1597 ) ) ;
#4683 = ORIENTED_EDGE ( 'NONE', *, *, #4798, .T. ) ;
#4684 = COLOUR_RGB ( '',0.2705882352941176294, 0.2705882352941176294, 0.2705882352941176294 ) ;
#4685 = SHAPE_REPRESENTATION ( 'Gullwing Pin_MIR', ( #2178 ), #3507 ) ;
#4686 =( NAMED_UNIT ( * ) PLANE_ANGLE_UNIT ( ) SI_UNIT ( $, .RADIAN. ) );
#4687 = STYLED_ITEM ( 'NONE', ( #4523 ), #704 ) ;
#4688 =( NAMED_UNIT ( * ) SI_UNIT ( $, .STERADIAN. ) SOLID_ANGLE_UNIT ( ) );
#4689 =( NAMED_UNIT ( * ) SI_UNIT ( $, .STERADIAN. ) SOLID_ANGLE_UNIT ( ) );
#4690 = PLANE ( 'NONE',  #558 ) ;
#4691 = SURFACE_SIDE_STYLE ('',( #2128 ) ) ;
#4692 = ORIENTED_EDGE ( 'NONE', *, *, #313, .F. ) ;
#4693 = VECTOR ( 'NONE', #1966, 1000.000000000000000 ) ;
#4694 = CARTESIAN_POINT ( 'NONE',  ( 12.29524414132859000, 0.2600000000000000089, -4.351100996136220367 ) ) ;
#4695 = APPLICATION_PROTOCOL_DEFINITION ( 'draft international standard', 'automotive_design', 1998, #3821 ) ;
#4696 = PRESENTATION_STYLE_ASSIGNMENT (( #1323 ) ) ;
#4697 = CARTESIAN_POINT ( 'NONE',  ( 12.29524414132859000, 0.3599999999999999867, 4.341100996136219692 ) ) ;
#4698 = PRESENTATION_LAYER_ASSIGNMENT (  '', '', ( #3422 ) ) ;
#4699 = VECTOR ( 'NONE', #4794, 1000.000000000000000 ) ;
#4700 = ORIENTED_EDGE ( 'NONE', *, *, #3358, .T. ) ;
#4701 = FILL_AREA_STYLE ('',( #4381 ) ) ;
#4702 = MECHANICAL_DESIGN_GEOMETRIC_PRESENTATION_REPRESENTATION (  '', ( #3740 ), #3986 ) ;
#4703 = LINE ( 'NONE', #1990, #4209 ) ;
#4704 = SURFACE_SIDE_STYLE ('',( #4360 ) ) ;
#4705 = PRESENTATION_LAYER_ASSIGNMENT (  '', '', ( #3346 ) ) ;
#4706 =( GEOMETRIC_REPRESENTATION_CONTEXT ( 3 ) GLOBAL_UNCERTAINTY_ASSIGNED_CONTEXT ( ( #3871 ) ) GLOBAL_UNIT_ASSIGNED_CONTEXT ( ( #1737, #2874, #4711 ) ) REPRESENTATION_CONTEXT ( 'NONE', 'WORKASPACE' ) );
#4707 = ORIENTED_EDGE ( 'NONE', *, *, #2941, .F. ) ;
#4708 = CIRCLE ( 'NONE', #2578, 0.3599999999999987654 ) ;
#4709 = ORIENTED_EDGE ( 'NONE', *, *, #4374, .F. ) ;
#4710 = EDGE_CURVE ( 'NONE', #1929, #3973, #2631, .T. ) ;
#4711 =( NAMED_UNIT ( * ) SI_UNIT ( $, .STERADIAN. ) SOLID_ANGLE_UNIT ( ) );
#4712 = PRESENTATION_LAYER_ASSIGNMENT (  '', '', ( #3926 ) ) ;
#4713 =( NAMED_UNIT ( * ) PLANE_ANGLE_UNIT ( ) SI_UNIT ( $, .RADIAN. ) );
#4714 = COLOUR_RGB ( '',0.7450980392156862919, 0.7372549019607843590, 0.7294117647058823151 ) ;
#4715 = ADVANCED_FACE ( 'NONE', ( #4249 ), #1312, .T. ) ;
#4716 =( NAMED_UNIT ( * ) SI_UNIT ( $, .STERADIAN. ) SOLID_ANGLE_UNIT ( ) );
#4717 = FILL_AREA_STYLE_COLOUR ( '', #4275 ) ;
#4718 = VECTOR ( 'NONE', #3891, 1000.000000000000000 ) ;
#4719 = ORIENTED_EDGE ( 'NONE', *, *, #4406, .T. ) ;
#4720 =( LENGTH_UNIT ( ) NAMED_UNIT ( * ) SI_UNIT ( .MILLI., .METRE. ) );
#4721 = SURFACE_STYLE_FILL_AREA ( #3296 ) ;
#4722 = FACE_OUTER_BOUND ( 'NONE', #133, .T. ) ;
#4723 = ORIENTED_EDGE ( 'NONE', *, *, #617, .F. ) ;
#4724 = CARTESIAN_POINT ( 'NONE',  ( 11.69524414132859036, 0.0000000000000000000, -4.772214931251219205 ) ) ;
#4725 = DIRECTION ( 'NONE',  ( -0.08540114134643697619, 0.9963466490417508536, 0.0000000000000000000 ) ) ;
#4726 = DIRECTION ( 'NONE',  ( 1.000000000000000000, -0.0000000000000000000, -0.0000000000000000000 ) ) ;
#4727 = ORIENTED_EDGE ( 'NONE', *, *, #3487, .F. ) ;
#4728 = DIRECTION ( 'NONE',  ( -1.000000000000000000, 0.0000000000000000000, 0.0000000000000000000 ) ) ;
#4729 = PRESENTATION_LAYER_ASSIGNMENT (  '', '', ( #3542 ) ) ;
#4730 = FILL_AREA_STYLE_COLOUR ( '', #3035 ) ;
#4731 = ADVANCED_FACE ( 'NONE', ( #943 ), #3130, .T. ) ;
#4733 = EDGE_CURVE ( 'NONE', #3936, #3875, #2445, .T. ) ;
#4732 =( GEOMETRIC_REPRESENTATION_CONTEXT ( 3 ) GLOBAL_UNCERTAINTY_ASSIGNED_CONTEXT ( ( #1527 ) ) GLOBAL_UNIT_ASSIGNED_CONTEXT ( ( #2682, #4197, #2519 ) ) REPRESENTATION_CONTEXT ( 'NONE', 'WORKASPACE' ) );
#4734 = DIRECTION ( 'NONE',  ( 0.0000000000000000000, -0.0000000000000000000, 1.000000000000000000 ) ) ;
#4735 = STYLED_ITEM ( 'NONE', ( #3490 ), #3863 ) ;
#4736 = LINE ( 'NONE', #2149, #4279 ) ;
#4737 = SURFACE_SIDE_STYLE ('',( #3221 ) ) ;
#4738 =( NAMED_UNIT ( * ) PLANE_ANGLE_UNIT ( ) SI_UNIT ( $, .RADIAN. ) );
#4739 = EDGE_CURVE ( 'NONE', #2725, #1772, #2030, .T. ) ;
#4740 = FILL_AREA_STYLE_COLOUR ( '', #3774 ) ;
#4741 = UNCERTAINTY_MEASURE_WITH_UNIT (LENGTH_MEASURE( 1.000000000000000082E-05 ), #3980, 'distance_accuracy_value', 'NONE');
#4742 = STYLED_ITEM ( 'NONE', ( #4129 ), #4255 ) ;
#4743 = CARTESIAN_POINT ( 'NONE',  ( 11.69524414132859036, 0.2600000000000000089, -4.272214931251218317 ) ) ;
#4744 = SURFACE_SIDE_STYLE ('',( #4721 ) ) ;
#4745 = PRESENTATION_LAYER_ASSIGNMENT (  '', '', ( #1592 ) ) ;
#4746 = CARTESIAN_POINT ( 'NONE',  ( 12.28524414132859022, 0.0000000000000000000, -4.772214931251219205 ) ) ;
#4747 = DIRECTION ( 'NONE',  ( -0.0000000000000000000, -0.0000000000000000000, -1.000000000000000000 ) ) ;
#4748 = ORIENTED_EDGE ( 'NONE', *, *, #4805, .T. ) ;
#4749 = CARTESIAN_POINT ( 'NONE',  ( 12.29524414132859000, 1.971469307523565195, 3.749733716353603086 ) ) ;
#4750 = EDGE_LOOP ( 'NONE', ( #4318, #601, #198, #2335 ) ) ;
#4751 = VECTOR ( 'NONE', #1977, 1000.000000000000000 ) ;
#4752 = CARTESIAN_POINT ( 'NONE',  ( 12.29524414132859000, 0.3512844257252340507, 4.241481526327045337 ) ) ;
#4753 = EDGE_LOOP ( 'NONE', ( #2289, #3394, #2967, #1299 ) ) ;
#4754 = CARTESIAN_POINT ( 'NONE',  ( 12.59524414132858894, 1.871469307523565107, -3.747107441190590027 ) ) ;
#4755 = DIRECTION ( 'NONE',  ( -1.000000000000000000, -0.0000000000000000000, -0.0000000000000000000 ) ) ;
#4756 = SURFACE_STYLE_FILL_AREA ( #4365 ) ;
#4757 = CIRCLE ( 'NONE', #721, 0.3600000000000000977 ) ;
#4758 = SURFACE_STYLE_USAGE ( .BOTH. , #213 ) ;
#4759 = ADVANCED_FACE ( 'NONE', ( #2053 ), #4367, .F. ) ;
#4760 = FILL_AREA_STYLE ('',( #4717 ) ) ;
#4761 = DIRECTION ( 'NONE',  ( -0.0000000000000000000, 0.0000000000000000000, 1.000000000000000000 ) ) ;
#4762 = SURFACE_SIDE_STYLE ('',( #1059 ) ) ;
#4763 = STYLED_ITEM ( 'NONE', ( #676 ), #613 ) ;
#4764 = CARTESIAN_POINT ( 'NONE',  ( 11.69524414132859036, 0.2600000000000000089, 4.272214931251218317 ) ) ;
#4765 = EDGE_LOOP ( 'NONE', ( #547, #96, #3498, #3104 ) ) ;
#4766 = EDGE_CURVE ( 'NONE', #2676, #2496, #2492, .T. ) ;
#4767 = SURFACE_STYLE_FILL_AREA ( #3249 ) ;
#4768 = DIRECTION ( 'NONE',  ( -0.08509140416961111231, -0.9927330486454492009, 0.08509140416961019637 ) ) ;
#4769 = ORIENTED_EDGE ( 'NONE', *, *, #1482, .F. ) ;
#4770 = DIRECTION ( 'NONE',  ( -1.000000000000000000, 0.0000000000000000000, 0.0000000000000000000 ) ) ;
#4771 = CIRCLE ( 'NONE', #3903, 0.1000000000000002554 ) ;
#4772 = APPLICATION_CONTEXT ( 'automotive_design' ) ;
#4773 = MECHANICAL_DESIGN_GEOMETRIC_PRESENTATION_REPRESENTATION (  '', ( #305 ), #1385 ) ;
#4774 = ORIENTED_EDGE ( 'NONE', *, *, #580, .T. ) ;
#4775 = CIRCLE ( 'NONE', #1939, 0.3599999999999987654 ) ;
#4776 = MECHANICAL_DESIGN_GEOMETRIC_PRESENTATION_REPRESENTATION (  '', ( #2341 ), #1858 ) ;
#4777 =( GEOMETRIC_REPRESENTATION_CONTEXT ( 3 ) GLOBAL_UNCERTAINTY_ASSIGNED_CONTEXT ( ( #2416 ) ) GLOBAL_UNIT_ASSIGNED_CONTEXT ( ( #3038, #4879, #3773 ) ) REPRESENTATION_CONTEXT ( 'NONE', 'WORKASPACE' ) );
#4778 = CARTESIAN_POINT ( 'NONE',  ( 12.29524414132859000, 0.2600000000000000089, 4.351100996136220367 ) ) ;
#4779 =( NAMED_UNIT ( * ) PLANE_ANGLE_UNIT ( ) SI_UNIT ( $, .RADIAN. ) );
#4780 = CARTESIAN_POINT ( 'NONE',  ( 12.69524414132859036, 0.2600000000000001199, -5.072214931251217251 ) ) ;
#4781 = VECTOR ( 'NONE', #1731, 1000.000000000000000 ) ;
#4782 = MECHANICAL_DESIGN_GEOMETRIC_PRESENTATION_REPRESENTATION (  '', ( #2575 ), #3831 ) ;
#4783 = CARTESIAN_POINT ( 'NONE',  ( -2.140000000000000568, -1.750000000000000222, 2.732819015537133911 ) ) ;
#4784 = CARTESIAN_POINT ( 'NONE',  ( 12.29524414132859000, 1.871469307523565107, -3.747107441190590027 ) ) ;
#4785 = UNCERTAINTY_MEASURE_WITH_UNIT (LENGTH_MEASURE( 1.000000000000000082E-05 ), #4678, 'distance_accuracy_value', 'NONE');
#4786 = CIRCLE ( 'NONE', #411, 0.1000000000000002554 ) ;
#4787 = VECTOR ( 'NONE', #3382, 1000.000000000000000 ) ;
#4788 = DIRECTION ( 'NONE',  ( 0.0000000000000000000, 2.168404344971031351E-15, -1.000000000000000000 ) ) ;
#4789 = COLOUR_RGB ( '',0.7450980392156862919, 0.7372549019607843590, 0.7294117647058823151 ) ;
#4790 = SURFACE_STYLE_USAGE ( .BOTH. , #4021 ) ;
#4791 = ORIENTED_EDGE ( 'NONE', *, *, #846, .T. ) ;
#4792 = CARTESIAN_POINT ( 'NONE',  ( -2.152678146720505836, -1.602088288260770987, 3.112678146720504024 ) ) ;
#4793 = AXIS2_PLACEMENT_3D ( 'NONE', #2537, #4728, #2938 ) ;
#4794 = DIRECTION ( 'NONE',  ( -0.0000000000000000000, -0.0000000000000000000, -1.000000000000000000 ) ) ;
#4795 = LINE ( 'NONE', #4746, #2877 ) ;
#4796 = DIRECTION ( 'NONE',  ( 1.000000000000000000, 4.951616000000000261E-17, -3.592136000000000158E-16 ) ) ;
#4797 = ADVANCED_BREP_SHAPE_REPRESENTATION ( '', ( #730, #2178 ), #4706 ) ;
#4798 = EDGE_CURVE ( 'NONE', #4218, #4588, #4736, .T. ) ;
#4799 = VERTEX_POINT ( 'NONE', #2563 ) ;
#4800 = LINE ( 'NONE', #2909, #2834 ) ;
#4801 = EDGE_CURVE ( 'NONE', #349, #2525, #2125, .T. ) ;
#4802 = PLANE ( 'NONE',  #3588 ) ;
#4803 = ORIENTED_EDGE ( 'NONE', *, *, #9, .F. ) ;
#4804 = LINE ( 'NONE', #2162, #3682 ) ;
#4805 = EDGE_CURVE ( 'NONE', #1017, #3230, #1360, .T. ) ;
#4806 = PLANE ( 'NONE',  #3323 ) ;
#4807 = DIRECTION ( 'NONE',  ( 0.0000000000000000000, 1.000000000000000000, 0.0000000000000000000 ) ) ;
#4808 = CARTESIAN_POINT ( 'NONE',  ( 11.69524414132859036, 0.2600000000000001199, -4.872214931251217074 ) ) ;
#4809 = DIRECTION ( 'NONE',  ( -1.000000000000000000, 0.0000000000000000000, 0.0000000000000000000 ) ) ;
#4810 = DIRECTION ( 'NONE',  ( 0.0000000000000000000, 0.0000000000000000000, 1.000000000000000000 ) ) ;
#4811 = PLANE ( 'NONE',  #1073 ) ;
#4812 =( NAMED_UNIT ( * ) SI_UNIT ( $, .STERADIAN. ) SOLID_ANGLE_UNIT ( ) );
#4813 = VECTOR ( 'NONE', #2152, 1000.000000000000000 ) ;
#4814 = PLANE ( 'NONE',  #2763 ) ;
#4815 = ORIENTED_EDGE ( 'NONE', *, *, #2618, .F. ) ;
#4816 = SURFACE_STYLE_USAGE ( .BOTH. , #2500 ) ;
#4817 =( LENGTH_UNIT ( ) NAMED_UNIT ( * ) SI_UNIT ( .MILLI., .METRE. ) );
#4818 = DIRECTION ( 'NONE',  ( 3.562175999999998386E-16, 0.08715574274765795770, 0.9961946980917455452 ) ) ;
#4819 = FILL_AREA_STYLE_COLOUR ( '', #2498 ) ;
#4820 = VECTOR ( 'NONE', #3735, 1000.000000000000000 ) ;
#4821 = SURFACE_STYLE_USAGE ( .BOTH. , #4519 ) ;
#4822 = CARTESIAN_POINT ( 'NONE',  ( 12.29524414132859178, 0.0000000000000000000, 4.772214931251219205 ) ) ;
#4823 = VECTOR ( 'NONE', #2063, 1000.000000000000000 ) ;
#4824 = FILL_AREA_STYLE_COLOUR ( '', #2998 ) ;
#4825 =( NAMED_UNIT ( * ) PLANE_ANGLE_UNIT ( ) SI_UNIT ( $, .RADIAN. ) );
#4826 = COLOUR_RGB ( '',0.7450980392156862919, 0.7372549019607843590, 0.7294117647058823151 ) ;
#4827 = EDGE_LOOP ( 'NONE', ( #2952, #3080, #2047, #4929 ) ) ;
#4828 = DIRECTION ( 'NONE',  ( 0.0000000000000000000, 0.0000000000000000000, -1.000000000000000000 ) ) ;
#4829 = SURFACE_STYLE_USAGE ( .BOTH. , #4852 ) ;
#4830 = EDGE_CURVE ( 'NONE', #625, #3146, #4775, .T. ) ;
#4831 = APPLICATION_PROTOCOL_DEFINITION ( 'draft international standard', 'automotive_design', 1998, #4772 ) ;
#4832 = CARTESIAN_POINT ( 'NONE',  ( 12.89524414132858965, 0.2600000000000000089, 5.272214931251218317 ) ) ;
#4833 = ORIENTED_EDGE ( 'NONE', *, *, #2801, .T. ) ;
#4834 = PRESENTATION_STYLE_ASSIGNMENT (( #749 ) ) ;
#4835 = SURFACE_SIDE_STYLE ('',( #1503 ) ) ;
#4836 =( LENGTH_UNIT ( ) NAMED_UNIT ( * ) SI_UNIT ( .MILLI., .METRE. ) );
#4837 =( NAMED_UNIT ( * ) SI_UNIT ( $, .STERADIAN. ) SOLID_ANGLE_UNIT ( ) );
#4838 = UNCERTAINTY_MEASURE_WITH_UNIT (LENGTH_MEASURE( 1.000000000000000082E-05 ), #1101, 'distance_accuracy_value', 'NONE');
#4839 = APPLICATION_CONTEXT ( 'automotive_design' ) ;
#4840 = UNCERTAINTY_MEASURE_WITH_UNIT (LENGTH_MEASURE( 1.000000000000000082E-05 ), #1792, 'distance_accuracy_value', 'NONE');
#4841 = EDGE_LOOP ( 'NONE', ( #261, #4041, #1812, #1118 ) ) ;
#4842 = DIRECTION ( 'NONE',  ( -1.000000000000000000, 0.0000000000000000000, -0.0000000000000000000 ) ) ;
#4843 = CARTESIAN_POINT ( 'NONE',  ( 1.145000000000000906, 1.350000000000000089, -2.732819015537134799 ) ) ;
#4844 = VECTOR ( 'NONE', #3321, 1000.000000000000000 ) ;
#4845 =( NAMED_UNIT ( * ) SI_UNIT ( $, .STERADIAN. ) SOLID_ANGLE_UNIT ( ) );
#4846 = CARTESIAN_POINT ( 'NONE',  ( -2.139999999999999680, -1.750000000000000222, -2.732819015537135687 ) ) ;
#4847 = LINE ( 'NONE', #4752, #81 ) ;
#4848 = LINE ( 'NONE', #4906, #2822 ) ;
#4849 = VERTEX_POINT ( 'NONE', #1057 ) ;
#4850 = EDGE_CURVE ( 'NONE', #3447, #666, #1014, .T. ) ;
#4851 = DIRECTION ( 'NONE',  ( -1.000000000000000000, 0.0000000000000000000, -0.0000000000000000000 ) ) ;
#4852 = SURFACE_SIDE_STYLE ('',( #258 ) ) ;
#4853 = CIRCLE ( 'NONE', #223, 0.3600000000000000977 ) ;
#4854 = CARTESIAN_POINT ( 'NONE',  ( -13.56524414132858958, -2.101469307523564201, 0.2722149312512179842 ) ) ;
#4855 = STYLED_ITEM ( 'NONE', ( #1970 ), #4497 ) ;
#4856 = ORIENTED_EDGE ( 'NONE', *, *, #3549, .F. ) ;
#4857 = FILL_AREA_STYLE_COLOUR ( '', #1717 ) ;
#4858 = VECTOR ( 'NONE', #1260, 1000.000000000000000 ) ;
#4859 = PRESENTATION_LAYER_ASSIGNMENT (  '', '', ( #3743 ) ) ;
#4860 = CARTESIAN_POINT ( 'NONE',  ( 2.171357675153836819, 1.384160456538574113, -3.131357675153835451 ) ) ;
#4861 =( GEOMETRIC_REPRESENTATION_CONTEXT ( 3 ) GLOBAL_UNCERTAINTY_ASSIGNED_CONTEXT ( ( #2365 ) ) GLOBAL_UNIT_ASSIGNED_CONTEXT ( ( #1025, #1372, #2159 ) ) REPRESENTATION_CONTEXT ( 'NONE', 'WORKASPACE' ) );
#4862 =( NAMED_UNIT ( * ) SI_UNIT ( $, .STERADIAN. ) SOLID_ANGLE_UNIT ( ) );
#4863 = DIRECTION ( 'NONE',  ( 0.0000000000000000000, -0.9961946980917455452, -0.08715574274765795770 ) ) ;
#4864 = VECTOR ( 'NONE', #1164, 1000.000000000000114 ) ;
#4865 = SURFACE_SIDE_STYLE ('',( #1109 ) ) ;
#4866 = FILL_AREA_STYLE_COLOUR ( '', #1581 ) ;
#4867 = ADVANCED_FACE ( 'NONE', ( #1034 ), #4811, .T. ) ;
#4868 = STYLED_ITEM ( 'NONE', ( #4674 ), #2510 ) ;
#4869 = VECTOR ( 'NONE', #1455, 1000.000000000000114 ) ;
#4870 = ORIENTED_EDGE ( 'NONE', *, *, #2771, .T. ) ;
#4871 =( LENGTH_UNIT ( ) NAMED_UNIT ( * ) SI_UNIT ( .MILLI., .METRE. ) );
#4872 = DIRECTION ( 'NONE',  ( 0.0000000000000000000, -1.000000000000000000, 0.0000000000000000000 ) ) ;
#4873 = COLOUR_RGB ( '',0.7450980392156862919, 0.7372549019607843590, 0.7294117647058823151 ) ;
#4874 = LINE ( 'NONE', #3679, #2891 ) ;
#4875 =( NAMED_UNIT ( * ) SI_UNIT ( $, .STERADIAN. ) SOLID_ANGLE_UNIT ( ) );
#4876 = VECTOR ( 'NONE', #2310, 1000.000000000000000 ) ;
#4877 = CARTESIAN_POINT ( 'NONE',  ( 12.59524414132858894, 1.871469307523565107, -3.747107441190590027 ) ) ;
#4878 = LINE ( 'NONE', #1513, #1673 ) ;
#4879 =( NAMED_UNIT ( * ) PLANE_ANGLE_UNIT ( ) SI_UNIT ( $, .RADIAN. ) );
#4880 = SURFACE_STYLE_USAGE ( .BOTH. , #1853 ) ;
#4881 = COLOUR_RGB ( '',0.7450980392156862919, 0.7372549019607843590, 0.7294117647058823151 ) ;
#4882 = CARTESIAN_POINT ( 'NONE',  ( 12.29524414132859000, 1.871469307523565107, -3.747107441190590027 ) ) ;
#4883 = VERTEX_POINT ( 'NONE', #2633 ) ;
#4884 = UNCERTAINTY_MEASURE_WITH_UNIT (LENGTH_MEASURE( 1.000000000000000082E-05 ), #4273, 'distance_accuracy_value', 'NONE');
#4885 =( NAMED_UNIT ( * ) PLANE_ANGLE_UNIT ( ) SI_UNIT ( $, .RADIAN. ) );
#4886 = PRODUCT_CONTEXT ( 'NONE', #4839, 'mechanical' ) ;
#4887 = CARTESIAN_POINT ( 'NONE',  ( -2.171357675153835931, -1.384160456538574113, -3.131357675153837228 ) ) ;
#4888 = ORIENTED_EDGE ( 'NONE', *, *, #1867, .F. ) ;
#4889 = CARTESIAN_POINT ( 'NONE',  ( 12.59524414132858894, 1.880184881798330432, 3.846726910999764826 ) ) ;
#4890 = FILL_AREA_STYLE_COLOUR ( '', #3547 ) ;
#4891 = DIRECTION ( 'NONE',  ( 0.0000000000000000000, -0.0000000000000000000, -1.000000000000000000 ) ) ;
#4892 = ADVANCED_FACE ( 'NONE', ( #4938 ), #750, .F. ) ;
#4893 = VECTOR ( 'NONE', #4338, 1000.000000000000000 ) ;
#4894 = VERTEX_POINT ( 'NONE', #3022 ) ;
#4895 = CIRCLE ( 'NONE', #4571, 0.3600000000000000977 ) ;
#4896 = CARTESIAN_POINT ( 'NONE',  ( 12.59524414132858894, 1.971469307523564307, 3.747107441190590915 ) ) ;
#4897 = CARTESIAN_POINT ( 'NONE',  ( 12.59524414132858894, 0.3599999999999999867, 4.341100996136219692 ) ) ;
#4898 = EDGE_CURVE ( 'NONE', #1689, #4588, #364, .T. ) ;
#4899 = PRESENTATION_STYLE_ASSIGNMENT (( #1493 ) ) ;
#4900 = CARTESIAN_POINT ( 'NONE',  ( 12.29524414132859000, 1.971469307523564751, -3.747107441190590471 ) ) ;
#4901 = PRESENTATION_LAYER_ASSIGNMENT (  '', '', ( #1108 ) ) ;
#4902 = SURFACE_STYLE_USAGE ( .BOTH. , #3349 ) ;
#4903 =( NAMED_UNIT ( * ) SI_UNIT ( $, .STERADIAN. ) SOLID_ANGLE_UNIT ( ) );
#4904 = DIRECTION ( 'NONE',  ( -1.000000000000000000, 0.0000000000000000000, 0.0000000000000000000 ) ) ;
#4905 = PRESENTATION_LAYER_ASSIGNMENT (  '', '', ( #4742 ) ) ;
#4906 = CARTESIAN_POINT ( 'NONE',  ( 12.59524414132858894, 2.231469307523564094, 3.747107441190590915 ) ) ;
#4907 = ORIENTED_EDGE ( 'NONE', *, *, #3923, .F. ) ;
#4908 = VECTOR ( 'NONE', #2255, 1000.000000000000000 ) ;
#4909 = FILL_AREA_STYLE_COLOUR ( '', #1214 ) ;
#4910 = LINE ( 'NONE', #304, #4693 ) ;
#4911 = MECHANICAL_DESIGN_GEOMETRIC_PRESENTATION_REPRESENTATION (  '', ( #3959 ), #4033 ) ;
#4912 = EDGE_LOOP ( 'NONE', ( #4558, #1248, #3572, #4110 ) ) ;
#4913 = DIRECTION ( 'NONE',  ( -0.7071067811865474617, -0.0000000000000000000, 0.7071067811865474617 ) ) ;
#4914 = PLANE ( 'NONE',  #2291 ) ;
#4915 = ORIENTED_EDGE ( 'NONE', *, *, #2020, .F. ) ;
#4916 = PLANE ( 'NONE',  #3106 ) ;
#4917 =( LENGTH_UNIT ( ) NAMED_UNIT ( * ) SI_UNIT ( .MILLI., .METRE. ) );
#4918 = DIRECTION ( 'NONE',  ( 0.0000000000000000000, 0.0000000000000000000, 1.000000000000000000 ) ) ;
#4919 = SURFACE_STYLE_FILL_AREA ( #3299 ) ;
#4920 = COLOUR_RGB ( '',0.7450980392156862919, 0.7372549019607843590, 0.7294117647058823151 ) ;
#4921 = PRODUCT_DEFINITION_SHAPE ( 'NONE', 'NONE',  #3947 ) ;
#4922 = ORIENTED_EDGE ( 'NONE', *, *, #1395, .T. ) ;
#4923 = SURFACE_STYLE_USAGE ( .BOTH. , #2983 ) ;
#4924 = EDGE_CURVE ( 'NONE', #497, #3586, #1502, .T. ) ;
#4925 = DIRECTION ( 'NONE',  ( -0.0000000000000000000, 0.0000000000000000000, -1.000000000000000000 ) ) ;
#4926 = LINE ( 'NONE', #2986, #538 ) ;
#4927 =( NAMED_UNIT ( * ) PLANE_ANGLE_UNIT ( ) SI_UNIT ( $, .RADIAN. ) );
#4928 = PRESENTATION_LAYER_ASSIGNMENT (  '', '', ( #2006 ) ) ;
#4929 = ORIENTED_EDGE ( 'NONE', *, *, #3898, .T. ) ;
#4930 =( LENGTH_UNIT ( ) NAMED_UNIT ( * ) SI_UNIT ( .MILLI., .METRE. ) );
#4931 = ORIENTED_EDGE ( 'NONE', *, *, #881, .T. ) ;
#4932 = VECTOR ( 'NONE', #1802, 1000.000000000000000 ) ;
#4933 = UNCERTAINTY_MEASURE_WITH_UNIT (LENGTH_MEASURE( 1.000000000000000082E-05 ), #2935, 'distance_accuracy_value', 'NONE');
#4934 = FACE_OUTER_BOUND ( 'NONE', #1618, .T. ) ;
#4935 =( NAMED_UNIT ( * ) PLANE_ANGLE_UNIT ( ) SI_UNIT ( $, .RADIAN. ) );
#4936 = ORIENTED_EDGE ( 'NONE', *, *, #2701, .T. ) ;
#4937 = CARTESIAN_POINT ( 'NONE',  ( 12.29524414132859000, 0.3512844257252341618, -4.241481526327046225 ) ) ;
#4938 = FACE_OUTER_BOUND ( 'NONE', #3112, .T. ) ;
#4939 = DIRECTION ( 'NONE',  ( 1.000000000000000000, 0.0000000000000000000, 0.0000000000000000000 ) ) ;
#4940 = CARTESIAN_POINT ( 'NONE',  ( 12.29524414132858823, 1.902845374912722098, 4.105737532503618503 ) ) ;
#4941 = VECTOR ( 'NONE', #832, 1000.000000000000000 ) ;
#4942 = PRESENTATION_STYLE_ASSIGNMENT (( #1898 ) ) ;
#4943 = NEXT_ASSEMBLY_USAGE_OCCURRENCE ( 'NAUO1', ' ', ' ', #3947, #3578, $ ) ;
#4944 = NEXT_ASSEMBLY_USAGE_OCCURRENCE ( 'NAUO2', ' ', ' ', #3947, #1112, $ ) ;
#4945 = NEXT_ASSEMBLY_USAGE_OCCURRENCE ( 'NAUO3', ' ', ' ', #3947, #1766, $ ) ;
#4946 = NEXT_ASSEMBLY_USAGE_OCCURRENCE ( 'NAUO4', ' ', ' ', #3947, #333, $ ) ;
#4947 = NEXT_ASSEMBLY_USAGE_OCCURRENCE ( 'NAUO5', ' ', ' ', #3947, #4097, $ ) ;
ENDSEC;
END-ISO-10303-21;
